date,line,time,day,station,code,min_delay,min_gap
2025-12-07,FW,07:29:00,Sunday,FINCH WEST FWLRT STATI,TXDOE,0,0
2025-12-07,FW,09:17:00,Sunday,MILVAN RUMIKE STOP,EXTM,7,17
2025-12-07,FW,09:25:00,Sunday,MILVAN RUMIKE STOP,EXBK,5,15
2025-12-07,FW,09:34:00,Sunday,HUMBER COLLEGE STOP,EXBO,4,14
2025-12-07,FW,09:55:00,Sunday,HUMBER COLLEGE STOP,MXTO,5,15
2025-12-07,FW,10:05:00,Sunday,TOBERMORY STOP,EXBK,4,14
2025-12-07,FW,10:10:00,Sunday,FINCH WEST FWLRT STATI,EXO,15,25
2025-12-07,FW,10:48:00,Sunday,ROWNTREE MILLS STOP,EXBK,5,15
2025-12-07,FW,11:05:00,Sunday,EMERY STOP,TXO,10,20
2025-12-07,FW,12:36:00,Sunday,NORFINCH OAKDALE STOP,TXDOE,10,20
2025-12-07,FW,13:57:00,Sunday,EMERY STOP,TXOS,5,15
2025-12-07,FW,14:54:00,Sunday,EMERY STOP,TXOS,3,13
2025-12-07,FW,15:30:00,Sunday,HUMBER COLLEGE STOP,MXO,0,0
2025-12-07,FW,16:16:00,Sunday,SIGNET ARROW STOP,EXO,3,10
2025-12-07,FW,16:34:00,Sunday,SENTINEL STOP,TXOS,3,13
2025-12-07,FW,18:26:00,Sunday,PEARLDALE STOP,EXO,13,23
2025-12-07,FW,18:46:00,Sunday,FINCH WEST FWLRT STATI,MXIS,0,0
2025-12-07,FW,20:56:00,Sunday,MARTIN GROVE STOP,MXUS,12,24
2025-12-07,FW,21:12:00,Sunday,HUMBER COLLEGE STOP,MXTO,7,19
2025-12-07,FW,21:59:00,Sunday,FINCH WEST FWLRT STATI,MXUS,12,24
2025-12-07,FW,23:05:00,Sunday,HUMBER COLLEGE STOP,EXDO,0,0
2025-12-08,FW,05:08:00,Monday,FINCH WEST STATION,PXWZ,14,0
2025-12-08,FW,05:28:00,Monday,HUMBER COLLEGE STOP,TXNIP,6,0
2025-12-08,FW,06:01:00,Monday,HUMBER COLLEGE STOP,MXO,0,0
2025-12-08,FW,06:44:00,Monday,JANE FWLRT STOP,MXO,3,9
2025-12-08,FW,06:46:00,Monday,JANE FWLRT STOP,TXOVS,0,0
2025-12-08,FW,06:55:00,Monday,MARTIN GROVE STOP,TXO,4,10
2025-12-08,FW,08:10:00,Monday,HUMBER COLLEGE STOP,TXNIP,6,12
2025-12-08,FW,09:41:00,Monday,HUMBER COLLEGE STOP,MXTO,5,0
2025-12-08,FW,12:56:00,Monday,ROWNTREE MILLS STOP,TXOS,4,14
2025-12-08,FW,13:11:00,Monday,HUMBER COLLEGE STOP,EXDO,10,10
2025-12-08,FW,13:20:00,Monday,HUMBER COLLEGE STOP,MXTO,4,10
2025-12-08,FW,15:01:00,Monday,JANE FWLRT STOP,TXO,4,14
2025-12-08,FW,15:42:00,Monday,SENTINEL STOP,EXAC,6,12
2025-12-08,FW,16:41:00,Monday,FINCH WEST FWLRT STATI,EXAC,6,12
2025-12-08,FW,17:30:00,Monday,ALBION STOP,PXSTP,3,9
2025-12-08,FW,21:19:00,Monday,DRIFTWOOD STOP,EXBK,9,23
2025-12-08,FW,22:33:00,Monday,ENTERING MSF,EXO,0,0
2025-12-09,FW,05:06:00,Tuesday,NORFINCH OAKDALE STOP,EXO,0,0
2025-12-09,FW,07:16:00,Tuesday,NORFINCH OAKDALE STOP,EXO,0,0
2025-12-09,FW,07:42:00,Tuesday,SIGNET ARROW STOP,EXO,0,0
2025-12-09,FW,08:33:00,Tuesday,WESTMORE STOP,EXO,0,0
2025-12-09,FW,08:56:00,Tuesday,MILVAN RUMIKE STOP,EXO,0,0
2025-12-09,FW,09:01:00,Tuesday,SIGNET ARROW STOP,EXO,0,0
2025-12-09,FW,09:12:00,Tuesday,HUMBER COLLEGE STOP,EXDO,6,12
2025-12-09,FW,13:05:00,Tuesday,JANE FWLRT STOP,TXO,3,9
2025-12-09,FW,13:34:00,Tuesday,TOBERMORY STOP,TXOVS,0,0
2025-12-09,FW,15:16:00,Tuesday,HUMBER COLLEGE STOP,PXSW,92,98
2025-12-09,FW,15:30:00,Tuesday,MARTIN GROVE STOP,PXSW,45,51
2025-12-09,FW,20:04:00,Tuesday,FINCH WEST FWLRT STATI,SXO,0,0
2025-12-09,FW,21:48:00,Tuesday,DRIFTWOOD STOP,TXO,10,20
2025-12-09,FW,22:23:00,Tuesday,ISLINGTON,EXO,32,42
2025-12-09,FW,23:00:00,Tuesday,HUMBER COLLEGE STOP TO,MXST,0,0
2025-12-09,FW,23:32:00,Tuesday,FINCH WEST FWLRT STATI,EXO,0,0
2025-12-10,FW,04:56:00,Wednesday,NORFINCH OAKDALE STOP,EXO,0,0
2025-12-10,FW,05:13:00,Wednesday,NORFINCH OAKDALE STOP,EXO,0,0
2025-12-10,FW,06:53:00,Wednesday,JANE FWLRT STOP,EXO,0,0
2025-12-10,FW,07:25:00,Wednesday,JANE FWLRT STOP,EXO,6,12
2025-12-10,FW,08:40:00,Wednesday,JANE FWLRT STOP,MXUS,15,21
2025-12-10,FW,09:03:00,Wednesday,TOBERMORY STOP,PXTIS,15,21
2025-12-10,FW,11:39:00,Wednesday,FINCH WEST FWLRT STATI,MXIS,0,0
2025-12-10,FW,12:28:00,Wednesday,HUMBER COLLEGE STOP (L,TXOVS,0,0
2025-12-10,FW,13:05:00,Wednesday,DUNCANWOODS STOP,PXSW,5,15
2025-12-10,FW,13:41:00,Wednesday,FINCH WEST FWLRT STATI,MXIS,0,0
2025-12-10,FW,18:12:00,Wednesday,HUMBER COLLEGE STATION,TXO,10,20
2025-12-10,FW,18:16:00,Wednesday,STEVENSON STOP,MXAFR,6,12
2025-12-10,FW,19:47:00,Wednesday,YORKGATE,PXSW,0,0
2025-12-10,FW,20:52:00,Wednesday,EMERY STOP,EXHV,0,0
2025-12-10,FW,21:18:00,Wednesday,HUMBER COLLEGE STOP,PXSIS,100,110
2025-12-10,FW,21:30:00,Wednesday,ALBION STOP,PXSIS,100,110
2025-12-11,FW,05:19:00,Thursday,YORKGATE,PXSW,46,51
2025-12-11,FW,06:21:00,Thursday,HUMBER COLLEGE STOP,PXSW,93,105
2025-12-11,FW,07:47:00,Thursday,JANE AND FINCH,EXNEA,6,12
2025-12-11,FW,07:48:00,Thursday,SENTINEL STOP,EXO,0,0
2025-12-11,FW,09:21:00,Thursday,DRIFTWOOD STOP,EXO,0,0
2025-12-11,FW,10:38:00,Thursday,HUMBER COLLEGE STOP,MXIE,0,0
2025-12-11,FW,11:30:00,Thursday,HUMBER COLLEGE STOP,EXCE,6,12
2025-12-11,FW,15:07:00,Thursday,PEARLDALE STOP,MXUS,10,16
2025-12-11,FW,15:22:00,Thursday,FINCH WEST FWLRT STATI,EXCE,6,12
2025-12-11,FW,15:41:00,Thursday,JANE FWLRT STOP,EXNEA,6,12
2025-12-11,FW,18:21:00,Thursday,DUNCANWOODS STOP,MXUS,15,21
2025-12-11,FW,20:32:00,Thursday,DUNCANWOODS STOP,MXUS,15,25
2025-12-11,FW,21:27:00,Thursday,JANE FWLRT STOP,EXO,0,0
2025-12-11,FW,22:25:00,Thursday,HUMBER COLLEGE STOP,EXGA,0,0
2025-12-12,FW,05:10:00,Friday,JANE FWLRT STOP,EXBK,0,0
2025-12-12,FW,05:17:00,Friday,SENTINEL STOP,TXCC,4,14
2025-12-12,FW,05:52:00,Friday,STEVENSON STOP,EXBK,4,16
2025-12-12,FW,05:56:00,Friday,HUMBER COLLEGE STOP,EXCE,10,20
2025-12-12,FW,07:25:00,Friday,JANE AND FINCH STOP,EXNEA,0,0
2025-12-12,FW,07:47:00,Friday,JANE AND FINCH,EXNEA,0,0
2025-12-12,FW,08:00:00,Friday,FINCH WEST FWLRT STATI,EXBO,10,20
2025-12-12,FW,08:08:00,Friday,MARTIN GROVE STOP,EXBK,3,10
2025-12-12,FW,08:11:00,Friday,FINCH WEST FWLRT STATI,EXBK,0,0
2025-12-12,FW,08:40:00,Friday,SIGNET ARROW STOP,EXDO,3,10
2025-12-12,FW,08:45:00,Friday,JANE FWLRT STOP,EXO,7,14
2025-12-12,FW,08:48:00,Friday,YORKGATE BLVD,PXTIS,4,14
2025-12-12,FW,09:08:00,Friday,FINCH WEST FWLRT STATI,EXO,7,14
2025-12-12,FW,11:05:00,Friday,HUMBER COLLEGE STOP,EXBO,10,20
2025-12-12,FW,11:42:00,Friday,HUMBER COLLEGE STOP,TXO,10,20
2025-12-12,FW,13:07:00,Friday,FINCH WEST FWLRT STATI,EXO,10,20
2025-12-12,FW,14:34:00,Friday,HUMBER COLLEGE STOP,EXAC,7,14
2025-12-12,FW,15:49:00,Friday,JANE FWLRT STOP,EXO,7,14
2025-12-12,FW,17:26:00,Friday,MILVAN RUMIKE STOP,MXUS,12,19
2025-12-12,FW,17:55:00,Friday,EMERY STOP,TXO,4,11
2025-12-12,FW,18:00:00,Friday,HUMBER COLLEGE STOP,EXATC,10,17
2025-12-12,FW,18:01:00,Friday,FINCH WEST FWLRT STATI,EXATC,7,14
2025-12-12,FW,21:04:00,Friday,FINCH WEST FWLRT STATI,EXSA,7,12
2025-12-12,FW,21:20:00,Friday,FINCH WEST FWLRT STATI,EXSA,7,12
2025-12-13,FW,05:41:00,Saturday,NORFINCH OAKDALE STOP,EXO,0,0
2025-12-13,FW,08:33:00,Saturday,FINCH WEST FWLRT STATI,EXECD,37,0
2025-12-13,FW,11:35:00,Saturday,TOBERMORY STOP,EXBK,32,39
2025-12-13,FW,12:31:00,Saturday,NORFINCH OAKDALE STOP,EXBK,0,0
2025-12-13,FW,12:52:00,Saturday,HUMBER COLLEGE STOP,MXTO,17,27
2025-12-13,FW,13:10:00,Saturday,FINCH WEST FWLRT STATI,EXGA,30,39
2025-12-13,FW,13:14:00,Saturday,FINCH WEST FWLRT STATI,EXTR,0,0
2025-12-13,FW,14:14:00,Saturday,NORFINCH OAKDALE STOP,EXTR,0,0
2025-12-13,FW,15:42:00,Saturday,ROWNTREE MILLS STOP,EXO,7,17
2025-12-13,FW,16:07:00,Saturday,ALBION STOP,EXTM,5,15
2025-12-13,FW,16:37:00,Saturday,HUMBER COLLEGE STOP,EXDO,0,0
2025-12-13,FW,16:43:00,Saturday,SIGNET ARROW STOP,SXDP,0,0
2025-12-13,FW,18:07:00,Saturday,DRIFTWOOD STOP,PXDCS,0,0
2025-12-13,FW,19:18:00,Saturday,SENTINEL STOP,TXOVS,0,0
2025-12-13,FW,20:43:00,Saturday,FINCH WEST FWLRT STATI,EXDO,4,14
2025-12-13,FW,21:32:00,Saturday,ALBION STOP,TXO,6,18
2025-12-14,FW,08:13:00,Sunday,WESTMORE STOP,EXO,3,13
2025-12-14,FW,08:22:00,Sunday,JANE AND FINCH STOP,EXAC,6,16
2025-12-14,FW,08:31:00,Sunday,ROWNTREE MILLS STOP (A,EXBK,119,129
2025-12-14,FW,10:26:00,Sunday,MILVAN RUMIKE STOP,EXDO,3,13
2025-12-14,FW,10:42:00,Sunday,ALBION STOP,EXTM,3,13
2025-12-14,FW,12:01:00,Sunday,MARTIN GROVE STOP,EXTM,3,13
2025-12-14,FW,12:18:00,Sunday,SENTINEL STOP,EXTM,5,15
2025-12-14,FW,13:53:00,Sunday,HUMBER COLLEGE STOP,MXTO,5,10
2025-12-14,FW,18:31:00,Sunday,JANE FWLRT STOP,EXAC,0,0
2025-12-14,FW,19:00:00,Sunday,MILVAN RUMIKE STOP,MXIE,12,24
2025-12-14,FW,19:12:00,Sunday,YORK GATE,PXSW,12,24
2025-12-14,FW,19:32:00,Sunday,FINCH WEST FWLRT STATI,MXIE,0,0
2025-12-15,FW,02:01:00,Monday,YORK  GATE FWMSF,SXO,0,0
2025-12-15,FW,07:53:00,Monday,JANE FWLRT STOP,EXTM,4,7
2025-12-15,FW,08:09:00,Monday,DUNCANWOODS STOP (ENTE,TXOVS,0,0
2025-12-15,FW,08:50:00,Monday,FINCH WEST FWLRT STATI,EXBO,4,8
2025-12-15,FW,09:31:00,Monday,WESTMORE STOP (ENETERI,TXOVS,0,0
2025-12-15,FW,09:55:00,Monday,FINCH WEST FWLRT STATI,MXTO,5,9
2025-12-15,FW,12:11:00,Monday,YORK GATE,PXSW,0,0
2025-12-15,FW,14:08:00,Monday,STEVENSON STOP,EXO,7,17
2025-12-15,FW,15:29:00,Monday,PEARLDALE STOP,MXPAA,4,10
2025-12-15,FW,15:40:00,Monday,JANE AND FINCH,EXAC,6,12
2025-12-15,FW,16:00:00,Monday,FINCH WEST FWLRT STATI,PXTDN,6,12
2025-12-15,FW,17:06:00,Monday,ALBION STOP,EXNEA,0,0
2025-12-15,FW,22:31:00,Monday,DRIFTWOOD STOP,EXO,0,0
2025-12-16,FW,04:54:00,Tuesday,HUMBER COLLEGE STOP,EXGA,26,36
2025-12-16,FW,05:07:00,Tuesday,JANE FWLRT STOP,EXO,0,0
2025-12-16,FW,05:13:00,Tuesday,DUNCANWOODS STOP,TXOVS,0,0
2025-12-16,FW,06:06:00,Tuesday,SENTINEL STOP,TXOS,0,0
2025-12-16,FW,06:52:00,Tuesday,FINCH WEST FWLRT LINE,PXSCA,0,0
2025-12-16,FW,07:24:00,Tuesday,HUMBER COLLEGE STOP -,EXAC,15,19
2025-12-16,FW,08:51:00,Tuesday,JANE FWLRT STOP,EXBK,23,27
2025-12-16,FW,09:23:00,Tuesday,DRIFTWOOD STOP,EXO,0,0
2025-12-16,FW,11:13:00,Tuesday,MILVAN RUMIKE STOP,MXPAA,0,0
2025-12-16,FW,11:47:00,Tuesday,FINCH WEST FWLRT STATI,EXAC,5,15
2025-12-16,FW,15:21:00,Tuesday,MOUNT OLIVE STOP,EXCE,25,32
2025-12-17,FW,05:41:00,Wednesday,HUMBER COLLEGE STOP,EXO,0,0
2025-12-17,FW,06:51:00,Wednesday,NORFINCH OAKDALE STOP,EXO,5,11
2025-12-17,FW,06:58:00,Wednesday,JANE FWLRT STOP,EXAC,0,0
2025-12-17,FW,07:00:00,Wednesday,HUMBER COLLEGE STOP,EXO,0,0
2025-12-17,FW,07:04:00,Wednesday,EMERY STOP,EXO,0,0
2025-12-17,FW,07:13:00,Wednesday,MILVAN RUMIKE STOP,EXO,0,0
2025-12-17,FW,07:16:00,Wednesday,SIGNET ARROW STOP,EXO,0,0
2025-12-17,FW,07:28:00,Wednesday,JANE FWLRT STOP,EXO,6,12
2025-12-17,FW,07:45:00,Wednesday,JANE FWLRT STOP,EXNEA,6,12
2025-12-17,FW,09:54:00,Wednesday,HUMBER COLLEGE STOP,TXOVS,3,10
2025-12-17,FW,10:17:00,Wednesday,FINCH WEST FWLRT STATI,EXO,5,12
2025-12-17,FW,10:40:00,Wednesday,MILVAN RUMIKE STOP,EXAC,55,62
2025-12-17,FW,12:13:00,Wednesday,TOBERMORY STOP,EXO,0,0
2025-12-17,FW,15:20:00,Wednesday,FWMSF,EXYRD,6,12
2025-12-17,FW,15:57:00,Wednesday,NORTH HANDOVER,EXO,6,12
2025-12-17,FW,16:14:00,Wednesday,JANE AND FINCH,EXNEA,6,12
2025-12-17,FW,17:17:00,Wednesday,FINCH WEST FWLRT STATI,EXO,10,20
2025-12-17,FW,17:36:00,Wednesday,SENTINEL STOP,EXBK,5,15
2025-12-17,FW,19:33:00,Wednesday,HUMBER COLLEGE STOP,EXAC,10,20
2025-12-17,FW,20:25:00,Wednesday,DRIFTWOOD STOP,TXS,15,25
2025-12-17,FW,20:34:00,Wednesday,DUNCANWOODS STOP,EXATC,8,18
2025-12-18,FW,03:13:00,Thursday,145 HUMBER COLLEGE BLV,PXEAS,0,0
2025-12-18,FW,05:07:00,Thursday,HOPP 1,EXO,0,0
2025-12-18,FW,05:12:00,Thursday,NORFINCH OAKDALE STOP,EXCE,0,0
2025-12-18,FW,05:17:00,Thursday,HUMBER 2 PLATFORM,EXO,0,0
2025-12-18,FW,06:54:00,Thursday,WESTMORE STOP,PXTS,5,11
2025-12-18,FW,07:24:00,Thursday,HUMBER COLLEGE STOP,PXSW,3,9
2025-12-18,FW,07:47:00,Thursday,JANE AND FINCH,EXNEA,6,12
2025-12-18,FW,08:09:00,Thursday,STEVENSON STOP,EXTM,3,9
2025-12-18,FW,10:45:00,Thursday,MILVAN RUMIKE STOP,EXBO,3,13
2025-12-18,FW,11:00:00,Thursday,DRIFTWOOD STOP,EXTM,3,13
2025-12-18,FW,11:45:00,Thursday,SIGNET ARROW STOP,MXO,10,20
2025-12-18,FW,13:09:00,Thursday,SENTINEL STOP,MXO,5,15
2025-12-18,FW,13:23:00,Thursday,FWLRT YARD,PXSW,0,0
2025-12-18,FW,15:12:00,Thursday,HAND OVER PLATFORM,EXCE,6,12
2025-12-18,FW,15:19:00,Thursday,HUMBER COLLEGE STOP,EXCE,6,12
2025-12-18,FW,18:56:00,Thursday,JANE FWLRT STOP,EXNEA,6,12
2025-12-19,FW,06:36:00,Friday,FINCH WEST FWLRT STATI,EXO,10,20
2025-12-19,FW,07:47:00,Friday,JANE FWLRT STOP,EXNEA,10,20
2025-12-19,FW,09:38:00,Friday,SENTINEL STOP,TXOVS,0,0
2025-12-19,FW,09:40:00,Friday,SENTINEL STOP,TXOVS,0,0
2025-12-19,FW,09:46:00,Friday,DRIFTWOOD STOP,MXIE,14,24
2025-12-19,FW,10:22:00,Friday,NORFINCH OAKDALE STOP,EXAC,4,10
2025-12-19,FW,10:31:00,Friday,FINCH WEST FWLRT STATI,SXUEG,5,12
2025-12-19,FW,12:04:00,Friday,HUMBER COLLEGE STOP,EXO,0,0
2025-12-19,FW,15:35:00,Friday,DRIFTWOOD STOP,MXIR,154,160
2025-12-19,FW,17:47:00,Friday,JANE FWLRT STOP,EXNEA,6,12
2025-12-20,FW,09:18:00,Saturday,SENTINEL STOP,SXDP,0,0
2025-12-20,FW,10:41:00,Saturday,SIGNET ARROW STOP TO F,MXUS,7,10
2025-12-20,FW,10:53:00,Saturday,HUMBER COLLEGE STOP,SXUEG,0,0
2025-12-20,FW,11:31:00,Saturday,FINCH WEST FWLRT STATI,MXO,10,20
2025-12-20,FW,11:44:00,Saturday,DUNCANWOODS STOP,TXOVS,3,13
2025-12-20,FW,13:03:00,Saturday,FINCH WEST FWLRT STATI,EXAC,10,20
2025-12-20,FW,13:25:00,Saturday,FINCH WEST FWLRT STATI,TXO,10,20
2025-12-20,FW,14:47:00,Saturday,JANE FWLRT STOP,MXPAA,0,0
2025-12-20,FW,14:48:00,Saturday,DUNCANWOODS STOP,TXOVS,3,13
2025-12-20,FW,14:52:00,Saturday,FINCH WEST FWLRT STATI,MXIE,14,28
2025-12-20,FW,15:02:00,Saturday,FINCH WEST FWLRT STATI,EXO,10,20
2025-12-20,FW,17:26:00,Saturday,SIGNET ARROW STOP,EXAC,10,20
2025-12-20,FW,22:05:00,Saturday,FINCH WEST FWLRT STATI,SXO,0,0
2025-12-21,FW,08:32:00,Sunday,JANE FWLRT STOP,PXDCS,5,15
2025-12-21,FW,12:11:00,Sunday,JANE FWLRT STOP,EXTM,3,13
2025-12-21,FW,12:30:00,Sunday,PEARLDALE STOP,EXTM,0,0
2025-12-21,FW,17:59:00,Sunday,MILVAN RUMIKE STOP TO,MXUS,8,18
2025-12-21,FW,21:19:00,Sunday,MOUNT OLIVE STOP,MXD,0,0
2025-12-21,FW,21:38:00,Sunday,SENTINEL STOP,MXD,0,0
2025-12-21,FW,21:49:00,Sunday,FINCH WEST FWLRT STATI,EXGA,0,0
2025-12-22,FW,07:06:00,Monday,HUMBER COLLEGE STOP,EXBO,6,12
2025-12-22,FW,07:30:00,Monday,FINCH WEST FWLRT,EXAC,5,11
2025-12-22,FW,10:47:00,Monday,JANE FWLRT STOP,EXTM,0,0
2025-12-22,FW,12:13:00,Monday,DRIFTWOOD STOP,EXYRD,5,14
2025-12-22,FW,12:56:00,Monday,JANE FWLRT STOP,MXUS,6,15
2025-12-22,FW,14:09:00,Monday,STEVENSON STOP,EXTR,3,12
2025-12-22,FW,14:18:00,Monday,DUNCANWOODS STOP,TXOVS,0,0
2025-12-22,FW,16:10:00,Monday,HUMBER COLLEGE STOP,MXTO,7,14
2025-12-22,FW,16:12:00,Monday,HUMBER COLLEGE STOP,MXTO,0,0
2025-12-22,FW,16:24:00,Monday,WESTMORE (APPROACHING),TXOVS,0,0
2025-12-22,FW,16:45:00,Monday,ROWNTREE MILLS STOP,TXOVS,3,10
2025-12-22,FW,17:21:00,Monday,PEARLDALE STOP,TXOVS,0,0
2025-12-22,FW,19:42:00,Monday,NORFINCH OAKDALE STOP,EXBK,35,45
2025-12-22,FW,23:08:00,Monday,FINCH WEST FWLRT STATI,TXST,0,0
2025-12-23,FW,06:46:00,Tuesday,FINCH WEST LRV STOP,EXO,7,17
2025-12-23,FW,08:30:00,Tuesday,FINCH WEST FWLRT STATI,MXTO,7,14
2025-12-23,FW,11:23:00,Tuesday,HUMBER COLLEGE STOP,TXSUP,3,13
2025-12-23,FW,14:49:00,Tuesday,HUMBER COLLEGE STOP,EXO,5,15
2025-12-23,FW,16:07:00,Tuesday,FINCH WEST FWLRT STATI,MXTO,9,15
2025-12-23,FW,17:54:00,Tuesday,APPRAOACHING AT FINCH,EXBK,16,10
2025-12-23,FW,18:45:00,Tuesday,FINCH WEST FWLRT STATI,TXO,3,13
2025-12-23,FW,19:22:00,Tuesday,FINCH WEST YARD,EXO,0,0
2025-12-23,FW,20:56:00,Tuesday,FINCH WEST FWLRT STATI,MXTO,8,20
2025-12-23,FW,21:48:00,Tuesday,NORFINCH OAKDALE STOP,TXOVS,0,0
2025-12-24,FW,08:00:00,Wednesday,FINCH WEST FWLRT STATI,EXGA,10,17
2025-12-24,FW,09:40:00,Wednesday,MARTIN GROVE STOP,TXOVS,3,10
2025-12-24,FW,10:37:00,Wednesday,NORFINCH OAKDALE STOP,TXOVS,0,0
2025-12-24,FW,20:28:00,Wednesday,JANE FWLRT STOP,TXOVS,0,0
2025-12-24,FW,21:11:00,Wednesday,FINCH WEST FWLRT STATI,SXUEG,0,0
2025-12-24,FW,21:50:00,Wednesday,SENTINEL STOP,MXUS,15,29
2025-12-25,FW,11:25:00,Thursday,FINCH WEST FWLRT STATI,MXTO,5,15
2025-12-25,FW,12:31:00,Thursday,SENTINEL STOP,TXOVS,0,0
2025-12-25,FW,14:04:00,Thursday,TOBERMORY STOP,EXATC,0,0
2025-12-25,FW,19:29:00,Thursday,MOUNT OLIVE STOP,EXBO,5,15
2025-12-25,FW,20:30:00,Thursday,WESTMORE  TO MILVAN RU,MXGD,0,0
2025-12-25,FW,22:52:00,Thursday,FINCH WEST FWLRT STATI,MXO,0,0
2025-12-26,FW,06:34:00,Friday,FINCH AVENUE AND HIGHW,MXAFR,114,124
2025-12-26,FW,07:28:00,Friday,JANE FWLRT STOP,TXNOA,10,20
2025-12-26,FW,07:29:00,Friday,FINCH WEST TO SENTINEL,PXDCS,202,212
2025-12-26,FW,09:20:00,Friday,FINCH WEST FWLRT STATI,PXSW,10,20
2025-12-26,FW,10:48:00,Friday,HUMBER COLLEGE STOP,PXSW,355,365
2025-12-26,FW,11:20:00,Friday,FINCH WEST FWLRT STATI,EXAC,10,20
2025-12-26,FW,13:40:00,Friday,HUMBER COLLEGE STOP (A,EXO,122,132
2025-12-26,FW,14:45:00,Friday,SENTINAL STOP,EXWS,10,20
2025-12-26,FW,15:24:00,Friday,JANE FWLRT STOP,PXSW,78,89
2025-12-26,FW,15:59:00,Friday,HUMBER COLLEGE STOP,MXIS,0,0
2025-12-26,FW,17:09:00,Friday,FINCH WEST FWLRT STATI,MXNOA,10,20
2025-12-26,FW,17:22:00,Friday,YORKGATE,PXSW,0,0
2025-12-26,FW,18:32:00,Friday,FINCH WEST FWLRT STATI,TXNOA,12,24
2025-12-26,FW,00:12:00,Friday,YORKGATE,PXSW,0,0
2025-12-27,FW,02:44:00,Friday,DUNCANWOODS STOP,PXSW,0,0
2025-12-27,FW,02:58:00,Friday,YORKGATE BLVD,PXSW,0,0
2025-12-27,FW,05:37:00,Friday,NORFINCH OAKDALE STOP,TXCL,5,19
2025-12-27,FW,06:32:00,Friday,FINCH WEST FWLRT STATI,SXUEG,7,22
2025-12-27,FW,08:05:00,Friday,HUMBER COLLEGE STOP,MXIE,0,0
2025-12-27,FW,09:58:00,Friday,HUMBER COLLEGE STOP,EXBO,5,15
2025-12-27,FW,12:06:00,Friday,JANE AND FINCH,MXWEA,5,15
2025-12-27,FW,12:19:00,Friday,HUMBER COLLEGE STOP,MXO,3,13
2025-12-27,FW,17:49:00,Friday,DRIFTWOOD STOP,EXAC,0,0
2025-12-27,FW,20:06:00,Friday,HUMBER COLLEGE STOP,TXNIP,15,27
2025-12-27,FW,20:29:00,Friday,HUMBER COLLEGE STOP,EXGA,0,0
2025-12-27,FW,01:43:00,Friday,DUNCANWOODS STOP,PXSW,0,0
2025-12-28,FW,08:47:00,Sunday,FINCH WEST FWLRT STATI,EXAC,7,17
2025-12-28,FW,08:49:00,Sunday,FINCH WEST FWLRT STATI,EXAC,10,20
2025-12-28,FW,09:01:00,Sunday,HUMBER COLLEGE STOP,PXSW,10,20
2025-12-28,FW,09:14:00,Sunday,DRIFTWOOD STOP,EXBK,3,13
2025-12-28,FW,09:59:00,Sunday,HUMBER COLLEGE STOP,PXSW,10,20
2025-12-28,FW,10:16:00,Sunday,FINCH WEST FWLRT STATI,TXO,3,13
2025-12-28,FW,10:35:00,Sunday,ROWNTREE MILLS STOP,MXIRS,5,15
2025-12-28,FW,11:20:00,Sunday,FINCH WEST FWLRT STATI,EXBK,10,20
2025-12-28,FW,14:30:00,Sunday,FINCH WEST FWLRT STATI,EXO,10,20
2025-12-28,FW,14:37:00,Sunday,FINCH WEST FWLRT STATI,EXAC,10,20
2025-12-28,FW,18:16:00,Sunday,WESTMORE STOP,EXO,0,0
2025-12-28,FW,18:34:00,Sunday,JANE FWLRT STOP,EXO,10,20
2025-12-28,FW,19:30:00,Sunday,HUMBER COLLEGE STOP,MXPLC,186,198
2025-12-28,FW,19:55:00,Sunday,ROWNTREE MILLS STOP,EXAC,12,24
2025-12-28,FW,20:48:00,Sunday,FINCH WEST FWLRT STATI,EXCE,12,22
2025-12-28,FW,22:54:00,Sunday,TOBERMORY STOP,TXOVS,0,0
2025-12-28,FW,23:04:00,Sunday,JANE FWLRT STOP,TXOVS,0,0
2025-12-29,FW,06:30:00,Monday,TOBERMORY STOP,EXTM,4,14
2025-12-29,FW,06:47:00,Monday,TOBERMORY STOP,EXTM,4,14
2025-12-29,FW,07:37:00,Monday,ALBION STOP,EXBO,0,0
2025-12-29,FW,10:37:00,Monday,MILVAN RUMIKE STOP,EXTM,0,0
2025-12-29,FW,14:08:00,Monday,MOUNT OLIVE STOP,EXDO,3,13
2025-12-29,FW,15:08:00,Monday,NORFINCH OAKDALE STOP,EXYRD,17,24
2025-12-29,FW,15:23:00,Monday,KENNEDY STATION,MXTO,8,14
2025-12-29,FW,17:51:00,Monday,HUMBER COLLEGE STOP,PXSW,0,0
2025-12-29,FW,19:07:00,Monday,YORK GATE,PXSW,0,0
2025-12-29,FW,19:21:00,Monday,ROWNTREE MILLS STOP,EXO,10,20
2025-12-29,FW,21:04:00,Monday,FINCH WEST FWLRT STATI,EXO,13,20
2025-12-29,FW,21:12:00,Monday,FINCH WEST STATION CRO,PXSW,0,0
2025-12-30,FW,05:31:00,Tuesday,DRIFTWOOD STOP,EXBK,0,0
2025-12-30,FW,06:59:00,Tuesday,ROWNTREE MILLS STOP,EXBK,0,0
2025-12-30,FW,07:04:00,Tuesday,ALBION STOP,EXBK,0,0
2025-12-30,FW,11:35:00,Tuesday,WESTMORE STOP,EXBK,11,21
2025-12-30,FW,19:00:00,Tuesday,EMERY STOP,EXDO,5,11
2025-12-30,FW,20:37:00,Tuesday,DRIFTWOOD STOP,EXO,10,22
2025-12-30,FW,20:49:00,Tuesday,DRIFTWOOD STOP,EXBK,0,0
2025-12-30,FW,21:33:00,Tuesday,STEVENSON STOP,TXO,14,26
2025-12-31,FW,05:51:00,Wednesday,FINCH WEST FWLRT STATI,EXBK,0,0
2025-12-31,FW,07:13:00,Wednesday,HUMBER COLLEGE STOP,PXSW,5,20
2025-12-31,FW,07:26:00,Wednesday,ALBION STOP,TXOS,17,23
2025-12-31,FW,07:38:00,Wednesday,ALBION STOP,TXO,8,14
2025-12-31,FW,07:48:00,Wednesday,JANE FWLRT STOP,EXTM,3,9
2025-12-31,FW,09:05:00,Wednesday,SIGNET ARROW STOP,MXWEA,3,9
2025-12-31,FW,09:17:00,Wednesday,HUMBER COLLEGE,EXWA,6,12
2025-12-31,FW,09:32:00,Wednesday,ALBION STOP,MXWEA,3,9
2025-12-31,FW,11:35:00,Wednesday,WESTMORE STOP,MXWEA,9,16
2025-12-31,FW,12:05:00,Wednesday,SENTINEL STOP,EXTR,5,15
2025-12-31,FW,12:17:00,Wednesday,EMERY STOP,MXWEA,4,10
2025-12-31,FW,12:38:00,Wednesday,MILVAN RUMIKE STOP,MXWEA,4,14
2025-12-31,FW,13:29:00,Wednesday,SENTINEL STOP,MXD,4,14
2025-12-31,FW,13:29:00,Wednesday,JANE FWLRT STOP,MXWEA,4,14
2025-12-31,FW,13:43:00,Wednesday,HUMBER COLLEGE STOP,MXUS,4,14
2025-12-31,FW,15:06:00,Wednesday,NORFINCH OAKDALE STOP,MXWEA,4,14
2025-12-31,FW,17:06:00,Wednesday,HUMBER COLLEGE STOP,EXAC,6,12
2025-12-31,FW,17:27:00,Wednesday,SIGNET ARROW STOP,EXSA,6,12
2025-12-31,FW,17:55:00,Wednesday,MOUNT OLIVE STOP,TXOVS,0,0
2025-12-31,FW,18:19:00,Wednesday,MARTIN GROVE STOP,EXAC,4,14
2025-12-31,FW,19:09:00,Wednesday,SIGNET ARROW STOP,MXWEA,4,14
2025-12-31,FW,19:11:00,Wednesday,EMERY STOP,MXD,4,14
2025-12-31,FW,21:02:00,Wednesday,SENTINEL STOP,EXBK,4,14
2025-12-31,FW,22:37:00,Wednesday,NORFINCH OAKDALE STOP,EXBK,0,0
2026-01-01,FW,08:25:00,Thursday,SENTINEL STOP,PXSTP,57,67
2026-01-01,FW,09:08:00,Thursday,DUNCANWOODS STOP,MXO,6,16
2026-01-01,FW,10:01:00,Thursday,TOBERMORY STOP,PXSTP,28,38
2026-01-01,FW,10:29:00,Thursday,JANE FWLRT STOP,EXBK,3,13
2026-01-01,FW,10:55:00,Thursday,ROWNTREE MILLS STOP,EXBK,95,105
2026-01-01,FW,11:25:00,Thursday,MILVAN RUMIKE STOP,PXTIS,0,0
2026-01-01,FW,11:35:00,Thursday,MOUNT OLIVE STOP,EXTR,3,13
2026-01-01,FW,16:05:00,Thursday,TOBERMORY STOP,EXSA,10,20
2026-01-01,FW,17:04:00,Thursday,SENTINEL STOP,EXDO,5,15
2026-01-01,FW,17:55:00,Thursday,ROWNTREE MILLS STOP,EXSA,10,20
2026-01-01,FW,20:37:00,Thursday,HUMBER COLLEGE STOP,MXTO,8,18
2026-01-02,FW,05:14:00,Friday,SENTINEL STOP,MXWEA,4,10
2026-01-02,FW,05:22:00,Friday,HUMBER COLLEGE STOP,PXSW,7,14
2026-01-02,FW,05:28:00,Friday,JANE FWLRT STOP,TXNOA,7,14
2026-01-02,FW,05:28:00,Friday,JANE FWLRT STOP,MXWEA,4,10
2026-01-02,FW,05:34:00,Friday,JANE FWLRT STOP,MXO,6,0
2026-01-02,FW,07:21:00,Friday,DRIFTWOOD STOP,MXWEA,4,10
2026-01-02,FW,07:52:00,Friday,SIGNET ARROW STOP,MXWEA,4,10
2026-01-02,FW,08:17:00,Friday,JANE FWLRT STOP,MXWEA,4,10
2026-01-02,FW,08:30:00,Friday,EMERY STOP,MXWEA,4,10
2026-01-02,FW,09:06:00,Friday,ALBION STOP,MXWEA,4,10
2026-01-02,FW,09:27:00,Friday,EMERY STOP,MXWEA,4,10
2026-01-02,FW,09:40:00,Friday,EMERY STOP,EXTM,7,13
2026-01-02,FW,09:56:00,Friday,EMERY STOP,MXWEA,4,0
2026-01-02,FW,09:56:00,Friday,EMERY STOP,MXWEA,4,10
2026-01-02,FW,18:16:00,Friday,SENTINEL STOP,EXDO,11,18
2026-01-02,FW,21:47:00,Friday,EMERY STOP,SXPOL,23,37
2026-01-03,FW,06:00:00,Saturday,HUMBER COLLEGE STOP,MXI,46,0
2026-01-03,FW,08:56:00,Saturday,MILVAN RUMIKE STOP,EXO,0,0
2026-01-03,FW,09:04:00,Saturday,FINCH WEST FWLRT STATI,EXAC,0,0
2026-01-03,FW,10:11:00,Saturday,EMERY STOP,EXO,5,0
2026-01-03,FW,10:16:00,Saturday,ALBION STOP,EXO,0,0
2026-01-03,FW,10:29:00,Saturday,HUMBER COLLEGE STOP,MXTO,6,16
2026-01-03,FW,10:29:00,Saturday,MILVAN RUMIKE STOP,EXO,18,28
2026-01-03,FW,11:16:00,Saturday,FINCH WEST FWLRT STATI,EXCE,0,0
2026-01-03,FW,12:04:00,Saturday,FINCH WEST FWLRT STATI,EXCE,0,0
2026-01-03,FW,12:24:00,Saturday,ROWNTREE MILLS STOP,EXO,3,0
2026-01-03,FW,13:12:00,Saturday,ALBION STOP,EXO,0,0
2026-01-03,FW,14:46:00,Saturday,HUMBER COLLEGE STOP,EXO,10,20
2026-01-03,FW,15:42:00,Saturday,FINCH WEST FWLRT STATI,TXNIP,10,20
2026-01-03,FW,17:08:00,Saturday,HUMBER COLLEGE STOP,MXUS,19,29
2026-01-03,FW,17:13:00,Saturday,MOUNT OLIVE STOP,EXO,3,13
2026-01-04,FW,09:52:00,Sunday,DRIFTWOOD STOP,EXSA,10,20
2026-01-04,FW,11:54:00,Sunday,WESTMORE STOP,EXO,10,20
2026-01-04,FW,12:59:00,Sunday,FINCH WEST FWLRT STATI,PXSO,5,15
2026-01-04,FW,13:16:00,Sunday,FINCH WEST FWLRT STATI,EXTM,7,17
2026-01-04,FW,17:47:00,Sunday,STEVENSON STOP,EXDO,8,18
2026-01-04,FW,19:11:00,Sunday,HUMBER COLLEGE STOP,TXO,5,15
2026-01-04,FW,01:49:00,Sunday,DRIFTWOOD STOP,PXSW,0,0
2026-01-05,FW,04:16:00,Monday,TOBERMORY STOP,PXSW,0,0
2026-01-05,FW,06:01:00,Monday,FINCH WEST FWLRT STATI,EXWM,4,14
2026-01-05,FW,07:29:00,Monday,HUMBER COLLEGE STOP,PXSW,80,87
2026-01-05,FW,07:42:00,Monday,MARTIN GROVE STOP,PXSW,5,12
2026-01-05,FW,07:53:00,Monday,FINCH WEST FWLRT STATI,PXSW,3,12
2026-01-05,FW,10:10:00,Monday,FINCH WEST FWLRT STATI,EXAC,5,17
2026-01-05,FW,10:14:00,Monday,HUMBER COLLEGE STOP,EXO,8,17
2026-01-05,FW,15:38:00,Monday,EMERY STOP,SXPOL,8,14
2026-01-05,FW,21:52:00,Monday,SENTINEL STOP,EXBK,12,24
2026-01-06,FW,07:50:00,Tuesday,SENTINEL STOP,EXO,0,0
2026-01-06,FW,08:56:00,Tuesday,MILVAN RUMIKE STOP,PXSW,0,0
2026-01-06,FW,10:15:00,Tuesday,YORK GATE YARD,EXO,0,0
2026-01-06,FW,13:20:00,Tuesday,HUMBER COLLEGE STOP,SXDP,44,51
2026-01-06,FW,14:25:00,Tuesday,HANDOVER,PXSW,0,0
2026-01-06,FW,15:05:00,Tuesday,HANDOVER,PXSW,15,21
2026-01-06,FW,15:33:00,Tuesday,MARTIN GROVE STOP,EXHV,0,0
2026-01-06,FW,15:59:00,Tuesday,MILVAN RUMIKE STOP,TXCC,14,20
2026-01-06,FW,16:21:00,Tuesday,NORFINCH OAKDALE STOP,MXO,0,0
2026-01-06,FW,16:55:00,Tuesday,HUMBER COLLEGE STOP,EXGA,0,0
2026-01-06,FW,17:14:00,Tuesday,DUNCANWOODS STOP,EXO,0,0
2026-01-06,FW,18:13:00,Tuesday,HUMBER COLLEGE STOP,EXDO,16,22
2026-01-07,FW,05:25:00,Wednesday,SENTINEL STOP,PXSAC,15,27
2026-01-07,FW,05:44:00,Wednesday,WESTMORE STOP,PXSAC,12,24
2026-01-07,FW,05:45:00,Wednesday,JANE FWLRT STOP,PXSAC,5,0
2026-01-07,FW,05:46:00,Wednesday,FINCH WEST FWLRT STATI,PXSAC,9,0
2026-01-07,FW,05:46:00,Wednesday,JANE FWLRT STOP,EXNEA,5,10
2026-01-07,FW,06:46:00,Wednesday,STEVENSON STOP,EXDO,5,12
2026-01-07,FW,09:48:00,Wednesday,MILVAN RUMIKE STOP,MXAFR,56,65
2026-01-07,FW,23:12:00,Wednesday,FINCH WEST HAND OFF MS,PXSW,0,0
2026-01-08,FW,05:33:00,Thursday,WESTMORE STOP,EXO,8,17
2026-01-08,FW,07:44:00,Thursday,WESTMORE STOP,EXCE,13,22
2026-01-08,FW,07:48:00,Thursday,ALBION STOP,EXAC,9,18
2026-01-08,FW,10:22:00,Thursday,EMERY STOP,EXTM,24,34
2026-01-08,FW,10:49:00,Thursday,FINCH WEST FWLRT STATI,TXO,6,16
2026-01-08,FW,15:05:00,Thursday,JANE FWLRT STOP,PXATC,10,16
2026-01-08,FW,15:44:00,Thursday,JANE FWLRT STOP,PXSW,6,12
2026-01-08,FW,21:22:00,Thursday,ALBION STOP,EXBK,4,11
2026-01-09,FW,08:11:00,Friday,SIGNET ARROW STOP,TXOVS,3,9
2026-01-09,FW,08:25:00,Friday,FINCH AND ROMFIELD- FI,SXPOL,3,9
2026-01-09,FW,08:28:00,Friday,HUMBER COLLEGE STOP,MXTO,5,11
2026-01-09,FW,13:04:00,Friday,EMERY STOP,MXPAA,3,9
2026-01-09,FW,13:28:00,Friday,APROACHING NORFINCH,MXO,4,11
2026-01-09,FW,15:40:00,Friday,MILVAN RUMIKE STOP TO,TXO,10,17
2026-01-09,FW,17:01:00,Friday,ROWNTREE MILLS STOP,EXDO,14,20
2026-01-10,FW,06:16:00,Saturday,WESTMORE STOP,EXAC,10,25
2026-01-10,FW,07:34:00,Saturday,FINCH WEST FWLRT STATI,EXGA,0,0
2026-01-10,FW,08:11:00,Saturday,FINCH WEST FWLRT STATI,EXAC,10,15
2026-01-10,FW,13:32:00,Saturday,SIGNET ARROW STOP,EXDO,9,18
2026-01-11,FW,08:32:00,Sunday,SENTINEL STOP,TXOVS,3,13
2026-01-11,FW,12:53:00,Sunday,FINCH WEST FWLRT STATI,EXAC,0,0
2026-01-11,FW,13:40:00,Sunday,EMERY STOP,MXD,0,0
2026-01-11,FW,13:44:00,Sunday,STEVENSON STOP,EXWA,4,14
2026-01-11,FW,14:33:00,Sunday,NORFINCH OAKDALE STOP,EXWA,5,15
2026-01-11,FW,15:03:00,Sunday,MARTIN GROVE STOP,MXUS,10,20
2026-01-11,FW,15:21:00,Sunday,HUMBER COLLEGE STOP,TXTO,6,16
2026-01-11,FW,16:14:00,Sunday,SENTINEL STOP,TXTO,10,20
2026-01-11,FW,17:16:00,Sunday,MOUNT OLIVE STOP,TXO,20,30
2026-01-11,FW,17:51:00,Sunday,FINCH WEST FWLRT STATI,SXUEG,10,20
2026-01-11,FW,19:16:00,Sunday,FINCH WEST FWLRT STATI,EXCE,0,0
2026-01-12,FW,05:08:00,Monday,SIGNET ARROW STOP,PXSW,187,197
2026-01-12,FW,06:00:00,Monday,TORONTO TRANSIT COMMIS,MXO,0,0
2026-01-12,FW,10:59:00,Monday,SENTINEL STOP,TXO,3,13
2026-01-12,FW,12:13:00,Monday,TOBERMORY STOP (APPROA,TXOVS,3,13
2026-01-12,FW,12:25:00,Monday,WESTMORE STOP,TXO,3,13
2026-01-12,FW,14:26:00,Monday,FINCH WEST FWLRT STATI,EXAC,7,14
2026-01-12,FW,15:42:00,Monday,FINCH WEST FWLRT STATI,TXO,4,11
2026-01-12,FW,16:27:00,Monday,FINCH WEST FWLRT STATI,TXO,4,11
2026-01-12,FW,17:59:00,Monday,LINE 6,MXO,0,0
2026-01-12,FW,19:26:00,Monday,NORFINCH OAKDALE STOP,SXDP,0,0
2026-01-13,FW,06:02:00,Tuesday,FINCH WEST FWLRT LINE,EXO,0,0
2026-01-13,FW,07:45:00,Tuesday,JANE FWLRT STOP,EXYRD,3,10
2026-01-13,FW,08:45:00,Tuesday,FINCH WEST FWLRT STATI,TXOVS,3,10
2026-01-13,FW,09:32:00,Tuesday,FINCH WEST FWLRT STATI,TXOVS,3,10
2026-01-13,FW,09:34:00,Tuesday,PEARLDALE STOP,TXO,3,10
2026-01-13,FW,09:54:00,Tuesday,JANE FWLRT STOP,TXOVS,0,0
2026-01-13,FW,10:21:00,Tuesday,DRIFTWOOD STOP,TXOVS,3,10
2026-01-13,FW,14:16:00,Tuesday,JANE FWLRT STOP,PXSW,5,10
2026-01-13,FW,14:28:00,Tuesday,MARTIN GROVE STOP,MXUS,10,20
2026-01-13,FW,15:53:00,Tuesday,TOBERMORY STOP,PXSCR,0,0
2026-01-13,FW,16:22:00,Tuesday,NORFINCH OAKDALE STOP,SXDP,19,29
2026-01-13,FW,17:29:00,Tuesday,HUMBER COLLEGE STOP,EXO,5,15
2026-01-13,FW,18:12:00,Tuesday,PEARLDALE STOP,SXDP,5,15
2026-01-13,FW,18:23:00,Tuesday,ROWNTREE MILLS STOP,SXO,10,20
2026-01-13,FW,19:28:00,Tuesday,TOBERMORY STOP,EXO,0,0
2026-01-13,FW,20:51:00,Tuesday,HUMBER COLLEGE STOP,EXAC,0,0
2026-01-14,FW,05:34:00,Wednesday,FINCH WEST FWLRT STATI,EXNEA,9,18
2026-01-14,FW,06:00:00,Wednesday,TORONTO TRANSIT COMMIS,MXO,0,0
2026-01-14,FW,10:12:00,Wednesday,HUMBER COLLEGE STOP,EXO,6,15
2026-01-14,FW,10:41:00,Wednesday,FINCH WEST FWLRT STATI,MXTD,0,0
2026-01-14,FW,10:58:00,Wednesday,TOBERMORY STOP,EXBK,4,13
2026-01-14,FW,14:55:00,Wednesday,MILVAN RUMIKE STOP,EXBK,32,39
2026-01-14,FW,16:10:00,Wednesday,HANDOVER - HOP,EXNEA,7,14
2026-01-14,FW,16:12:00,Wednesday,HANDOVER - HOP,EXNEA,7,14
2026-01-14,FW,17:47:00,Wednesday,JANE FWLRT STOP,EXBK,7,14
2026-01-14,FW,01:00:00,Wednesday,FINCH WEST FWLRT STATI,MXST,0,0
2026-01-15,FW,04:37:00,Thursday,HANDOVER PLATFORMS,MXWEA,0,0
2026-01-15,FW,05:19:00,Thursday,JANE FWLRT STOP,MXWEA,10,0
2026-01-15,FW,05:31:00,Thursday,NORFINCH OAKDALE STOP,MXWEA,10,20
2026-01-15,FW,07:08:00,Thursday,HUMBER COLLEGE STOP,MXWEA,10,20
2026-01-15,FW,07:11:00,Thursday,SIGNET ARROW STOP,PXDCS,10,20
2026-01-15,FW,07:26:00,Thursday,FINCH WEST FWLRT STATI,MXWEA,6,12
2026-01-15,FW,07:34:00,Thursday,FINCH WEST LRT,MXWEA,7,14
2026-01-15,FW,10:09:00,Thursday,JANE FWLRT STOP,EXDO,10,0
2026-01-15,FW,10:35:00,Thursday,WESTMORE STOP,EXDO,21,0
2026-01-15,FW,18:13:00,Thursday,NORFINCH OAKDALE STOP,MXWEA,6,12
2026-01-15,FW,18:19:00,Thursday,JANE FWLRT STOP,MXWEA,6,12
2026-01-15,FW,18:22:00,Thursday,NORFINCH OAKDALE STOP,MXWEA,6,12
2026-01-15,FW,18:23:00,Thursday,JANE FWLRT STOP,MXWEA,6,12
2026-01-15,FW,18:29:00,Thursday,JANE FWLRT STOP,MXWEA,6,12
2026-01-15,FW,19:10:00,Thursday,FINCH WEST FWLRT STATI,MXWEA,10,20
2026-01-15,FW,19:14:00,Thursday,FINCH WEST FWLRT STATI,MXWEA,10,20
2026-01-15,FW,19:17:00,Thursday,FINCH WEST FWLRT STATI,MXWEA,10,20
2026-01-15,FW,19:20:00,Thursday,FINCH WEST FWLRT STATI,MXWEA,10,20
2026-01-15,FW,19:22:00,Thursday,FINCH WEST FWLRT STATI,MXWEA,10,20
2026-01-15,FW,19:23:00,Thursday,FINCH WEST FWLRT STATI,MXWEA,10,20
2026-01-15,FW,19:25:00,Thursday,FINCH WEST FWLRT STATI,MXWEA,10,20
2026-01-15,FW,19:26:00,Thursday,FINCH WEST FWLRT STATI,MXWEA,10,20
2026-01-15,FW,19:29:00,Thursday,FINCH WEST FWLRT STATI,MXWEA,10,20
2026-01-15,FW,19:32:00,Thursday,FINCH WEST FWLRT STATI,MXWEA,10,20
2026-01-15,FW,19:34:00,Thursday,FINCH WEST FWLRT STATI,MXWEA,10,20
2026-01-16,FW,04:47:00,Friday,FINCH WEST LRT (LINE 6,MXWEA,397,404
2026-01-16,FW,11:49:00,Friday,NORFINCH OAKDALE STOP,EXCE,10,20
2026-01-16,FW,12:33:00,Friday,YORK GATE,PXTIS,42,50
2026-01-16,FW,13:45:00,Friday,SENTINEL STOP,EXO,10,16
2026-01-16,FW,13:58:00,Friday,ROWNTREE MILLS STOP,PXTIS,11,17
2026-01-16,FW,14:42:00,Friday,FINCH WEST FWLRT STATI,EXO,5,11
2026-01-16,FW,15:03:00,Friday,HUMBER COLLEGE STOP,EXO,6,12
2026-01-16,FW,15:05:00,Friday,NORFINCH STOP,EXNEA,6,12
2026-01-16,FW,15:09:00,Friday,TOBERMORY STOP,EXO,5,11
2026-01-16,FW,15:11:00,Friday,JANE FWLRT STOP,EXNEA,6,12
2026-01-16,FW,15:18:00,Friday,JANE FWLRT STOP,EXNEA,6,12
2026-01-16,FW,15:36:00,Friday,FINCH WEST FWLRT STATI,EXGA,6,12
2026-01-16,FW,16:06:00,Friday,FINCH WEST FWLRT STATI,EXO,4,10
2026-01-16,FW,16:51:00,Friday,FINCH WEST FWLRT STATI,EXO,3,9
2026-01-16,FW,17:11:00,Friday,MILVAN RUMIKE STOP,MXAFR,28,34
2026-01-16,FW,18:36:00,Friday,ROWNTREE MILLS STOP,EXO,73,79
2026-01-17,FW,06:46:00,Saturday,MILVAN RUMIKE STOP,EXBK,10,17
2026-01-17,FW,07:10:00,Saturday,ROWNTREE MILLS STOP,EXBK,7,14
2026-01-17,FW,07:31:00,Saturday,FINCH WEST FWLRT STATI,EXO,7,14
2026-01-17,FW,07:39:00,Saturday,SENTINEL STOP,EXATC,3,10
2026-01-17,FW,08:11:00,Saturday,SENTINEL STOP,EXBK,7,14
2026-01-17,FW,08:34:00,Saturday,JANE FWLRT STOP,EXNEA,7,14
2026-01-17,FW,14:13:00,Saturday,FINCH WEST FWLRT STATI,EXBK,10,16
2026-01-17,FW,14:25:00,Saturday,TOBERMORY STOP,TXTO,6,12
2026-01-17,FW,15:40:00,Saturday,DUNCANWOODS STOP (ENTE,TXOVS,0,0
2026-01-17,FW,16:01:00,Saturday,FINCH WEST FWLRT STATI,EXCE,10,16
2026-01-17,FW,19:05:00,Saturday,FINCH WEST FWLRT STATI,EXCE,3,10
2026-01-17,FW,19:10:00,Saturday,FINCH WEST FWLRT STATI,TXNOA,7,14
2026-01-17,FW,20:36:00,Saturday,FINCH WEST FWLRT STATI,EXO,3,11
2026-01-17,FW,21:04:00,Saturday,FINCH WEST FWLRT STATI,EXO,0,0
2026-01-18,FW,03:09:00,Sunday,FINCH WEST AND ROMFIEL,MXAFR,0,0
2026-01-18,FW,07:42:00,Sunday,YORK GATE AND FINCH WE,PXTIS,7,14
2026-01-18,FW,16:21:00,Sunday,FINCH WEST FWLRT STATI,EXO,5,14
2026-01-18,FW,20:02:00,Sunday,MILVAN RUMIKE STOP,EXO,0,0
2026-01-18,FW,20:17:00,Sunday,MOUNT OLIVE STOP,EXHV,0,0
2026-01-19,FW,06:18:00,Monday,SENTINEL STOP,PXTIS,5,12
2026-01-19,FW,07:45:00,Monday,FINCH WEST FWLRT STATI,EXNEA,7,14
2026-01-19,FW,13:27:00,Monday,FINCH WEST FWLRT STATI,SXUEG,7,14
2026-01-19,FW,14:44:00,Monday,NORFINCH OAKDALE STOP,PXTIS,14,21
2026-01-19,FW,15:09:00,Monday,YORKGATE,PXMO,3,10
2026-01-19,FW,16:29:00,Monday,HUMBER COLLEGE STOP,TXO,5,12
2026-01-19,FW,16:33:00,Monday,HANDOVER PLATFORM,EXNEA,6,12
2026-01-19,FW,17:13:00,Monday,WESTMORE STOP,TXOVS,0,0
2026-01-19,FW,17:46:00,Monday,MILVAN RUMIKE STOP,EXHV,10,17
2026-01-19,FW,17:50:00,Monday,MILVAN RUMIKE STOP,TXOVS,0,0
2026-01-19,FW,18:40:00,Monday,YORKGATE,PXSO,9,0
2026-01-19,FW,19:46:00,Monday,FINCH WEST FWLRT STATI,TXO,4,11
2026-01-20,FW,04:49:00,Tuesday,SENTINEL STOP,PXSW,6,16
2026-01-20,FW,05:23:00,Tuesday,MARTIN GROVE STOP,PXTIS,20,30
2026-01-20,FW,06:52:00,Tuesday,MOUNT OLIVE STOP,EXO,308,318
2026-01-20,FW,07:14:00,Tuesday,MILVAN RUMIKE STOP,PXSW,7,17
2026-01-20,FW,08:06:00,Tuesday,MARTIN GROVE STOP,PXATC,0,0
2026-01-20,FW,08:23:00,Tuesday,SENTINEL STOP,EXBK,107,117
2026-01-20,FW,13:21:00,Tuesday,DUNCANWOODS STOP,SXO,4,14
2026-01-20,FW,13:55:00,Tuesday,MILVAN RUMIKE STOP,EXO,0,0
2026-01-20,FW,13:59:00,Tuesday,SENTINEL STOP,TXOS,7,16
2026-01-20,FW,14:42:00,Tuesday,NORFINCH OAKDALE STOP,EXNEA,6,12
2026-01-20,FW,14:47:00,Tuesday,NORFINCH OAKDALE STOP,EXNEA,6,12
2026-01-20,FW,15:26:00,Tuesday,WESTMORE STOP,SXDP,0,0
2026-01-20,FW,16:44:00,Tuesday,FINCH WEST FWLRT STATI,EXDO,6,12
2026-01-20,FW,16:53:00,Tuesday,ROWNTREE MILLS STOP,MXD,0,0
2026-01-20,FW,17:09:00,Tuesday,NORFINCH OAKDALE STOP,EXBK,64,74
2026-01-20,FW,18:20:00,Tuesday,FINCH WEST FWLRT STATI,EXAC,0,0
2026-01-20,FW,18:30:00,Tuesday,DRIFTWOOD STOP,SXO,0,0
2026-01-20,FW,21:02:00,Tuesday,DUNCANWOODS STOP,PXSW,6,12
2026-01-20,FW,21:13:00,Tuesday,DRIFTWOOD STOP,TXO,0,0
2026-01-20,FW,21:14:00,Tuesday,ALBION STOP,SXPOL,21,33
2026-01-21,FW,04:08:00,Wednesday,HUMBER COLLEGE STOP,PXSW,0,0
2026-01-21,FW,06:40:00,Wednesday,HUMBER COLLEGE STOP,EXAC,0,0
2026-01-21,FW,06:48:00,Wednesday,JANE AND FINCH,EXNEA,7,14
2026-01-21,FW,07:41:00,Wednesday,HUMBER COLLEGE STOP,PXEO,0,0
2026-01-21,FW,13:07:00,Wednesday,STEVENSON STOP,EXTM,10,20
2026-01-21,FW,14:55:00,Wednesday,SENTINEL STOP,PXSW,44,51
2026-01-21,FW,15:38:00,Wednesday,JANE AND FINCH,EXNEA,7,14
2026-01-21,FW,16:04:00,Wednesday,MOUNT OLIVE STOP,EXO,0,0
2026-01-21,FW,16:37:00,Wednesday,FINCH WEST FWLRT,EXTM,7,14
2026-01-21,FW,17:02:00,Wednesday,JANE FWLRT STOP,EXO,7,14
2026-01-21,FW,17:50:00,Wednesday,FINCH WEST FWLRT STATI,EXBK,7,14
2026-01-22,FW,04:46:00,Thursday,LEAVING HANDOVER,PXSW,0,0
2026-01-22,FW,09:37:00,Thursday,YORKGATE,PXSW,0,0
2026-01-22,FW,12:33:00,Thursday,FINCH WEST FWLRT STATI,EXBK,10,20
2026-01-22,FW,14:44:00,Thursday,NORFINCH GATE,PXSW,6,12
2026-01-22,FW,14:52:00,Thursday,NORFINCH OAKDALE STOP,EXBK,52,58
2026-01-22,FW,15:41:00,Thursday,JANE FWLRT STOP,EXNEA,6,12
2026-01-22,FW,16:07:00,Thursday,FINCH WEST FWLRT STATI,EXCE,6,12
2026-01-22,FW,18:09:00,Thursday,LINE 6,PXSW,50,56
2026-01-24,FW,07:32:00,Saturday,FINCH WEST FWLRT STATI,EXAC,12,24
2026-01-24,FW,07:38:00,Saturday,DUNCANWOODS STOP,EXBK,10,20
2026-01-24,FW,09:15:00,Saturday,FINCH WEST FWLRT STATI,EXDO,5,15
2026-01-24,FW,11:18:00,Saturday,MT. DENNIS STATION,EXBK,7,14
2026-01-24,FW,14:29:00,Saturday,FINCH WEST FWLRT STATI,EXAC,10,20
2026-01-24,FW,14:45:00,Saturday,FINCH WEST FWLRT STATI,EXAC,10,20
2026-01-24,FW,14:48:00,Saturday,ALBION STOP,EXTM,52,62
2026-01-24,FW,15:43:00,Saturday,HUMBER COLLEGE STOP,EXAC,10,20
2026-01-24,FW,15:50:00,Saturday,FINCH WEST FWLRT STATI,EXAC,13,23
2026-01-24,FW,16:43:00,Saturday,NORFINCH OAKDALE STOP,TXOVS,12,22
2026-01-24,FW,16:52:00,Saturday,HUMBER COLLEGE STOP,EXDO,7,17
2026-01-24,FW,18:44:00,Saturday,NORFINCH OAKDALE STOP,EXDO,6,16
2026-01-24,FW,18:47:00,Saturday,HUMBER COLLEGE STOP,EXO,7,17
2026-01-24,FW,19:40:00,Saturday,HUMBER COLLEGE STOP,EXAC,10,20
2026-01-24,FW,22:07:00,Saturday,SIGNET ARROW STOP,EXCE,0,0
2026-01-25,FW,08:52:00,Sunday,DUNCANWOODS STOP,EXAC,10,20
2026-01-25,FW,09:12:00,Sunday,FINCH WEST FWLRT STATI,EXBK,10,20
2026-01-25,FW,09:15:00,Sunday,FINCH WEST FWLRT STATI,MXO,7,14
2026-01-25,FW,09:49:00,Sunday,FINCH WEST FWLRT STATI,EXO,7,14
2026-01-25,FW,10:48:00,Sunday,DRIFTWOOD STOP,PXEME,8,16
2026-01-25,FW,11:44:00,Sunday,TOBERMORY STOP,PXSW,20,30
2026-01-25,FW,12:37:00,Sunday,YORKGATE YARD,PXSW,30,40
2026-01-25,FW,12:56:00,Sunday,YORKGATE,PXSW,30,40
2026-01-25,FW,13:27:00,Sunday,FINCH WEST FWLRT STATI,PXSW,0,0
2026-01-25,FW,14:06:00,Sunday,HUMBER COLLEGE STOP,PXSW,10,20
2026-01-25,FW,14:53:00,Sunday,HUMBER COLLEGE STOP,PXSW,0,0
2026-01-25,FW,15:17:00,Sunday,HUMBER COLLEGE TO FINC,MXWEA,449,456
2026-01-25,FW,18:12:00,Sunday,TOBERMORY STOP,PXSW,5,15
2026-01-25,FW,18:36:00,Sunday,YORKGATE,EXYRD,0,0
2026-01-25,FW,18:46:00,Sunday,DRIFTWOOD STOP,EXBK,10,20
2026-01-25,FW,18:53:00,Sunday,TOBERMORY STOP,PXSW,0,0
2026-01-25,FW,19:44:00,Sunday,ALBION STOP,PXSW,0,0
2026-01-25,FW,00:29:00,Sunday,HUMBER COLLEGE STOP,TXO,7,14
2026-01-26,FW,05:45:00,Monday,FINCH WEST LINE 6,MXWEA,0,0
2026-01-26,FW,05:59:00,Monday,FINCH AND YORK GATE,EXBK,17,27
2026-01-26,FW,10:01:00,Monday,SENTINEL STOP,EXBK,52,62
2026-01-26,FW,12:36:00,Monday,SENTINEL STOP,EXBK,47,57
2026-01-26,FW,13:52:00,Monday,EMERY STOP (APPROACHIN,EXBK,0,0
2026-01-26,FW,14:06:00,Monday,NORFINCH OAKDALE STOP,EXNEA,10,20
2026-01-26,FW,14:22:00,Monday,WESTMORE STOP (APPROAC,EXBK,0,0
2026-01-26,FW,14:39:00,Monday,PEARLDALE STOP,EXBK,0,0
2026-01-26,FW,14:45:00,Monday,DUNCANWOODS STOP (APPR,EXBK,0,0
2026-01-26,FW,14:47:00,Monday,HUMBER COLLEGE STOP,EXO,10,20
2026-01-26,FW,14:54:00,Monday,NORFINCH OAKDALE STOP,EXBK,0,0
2026-01-26,FW,14:59:00,Monday,JANE FWLRT STOP,EXNEA,10,20
2026-01-26,FW,15:08:00,Monday,FINCH WEST FWLRT STATI,EXBK,0,0
2026-01-26,FW,15:08:00,Monday,NORFINCH OAKDALE STOP,EXNEA,10,20
2026-01-26,FW,15:15:00,Monday,HUMBER COLLEGE STOP,EXO,10,20
2026-01-26,FW,15:18:00,Monday,JANE FWLRT STOP,EXNEA,10,20
2026-01-26,FW,15:23:00,Monday,YORKGATE,PXSW,22,32
2026-01-26,FW,15:41:00,Monday,JANE FWLRT STOP,EXNEA,10,20
2026-01-26,FW,15:50:00,Monday,HUMBER COLLEGE STOP,EXAC,10,20
2026-01-26,FW,16:25:00,Monday,FINCH WEST FWLRT STATI,PXSW,18,28
2026-01-26,FW,16:55:00,Monday,FINCH WEST FWLRT STATI,EXAC,7,17
2026-01-26,FW,17:15:00,Monday,FINCH WEST FWLRT STATI,EXO,10,20
2026-01-26,FW,17:26:00,Monday,FINCH WEST FWLRT STATI,PXSW,43,53
2026-01-26,FW,18:06:00,Monday,FINCH WEST FWLRT STATI,PXSW,43,53
2026-01-26,FW,18:56:00,Monday,HUMBER COLLEGE STOP,EXO,10,20
2026-01-26,FW,19:48:00,Monday,SENTINEL STOP,SXUEG,5,15
2026-01-26,FW,20:02:00,Monday,DUNCANWOODS STOP,EXAC,10,20
2026-01-26,FW,21:07:00,Monday,JANE AND FINCH STATION,MXO,0,0
2026-01-26,FW,22:22:00,Monday,SENTINEL STOP,MXO,10,20
2026-01-26,FW,22:22:00,Monday,SENTINEL STOP,MXO,0,0
2026-01-26,FW,22:33:00,Monday,JANE AND FINCH FWLRT S,PXSW,22,29
2026-01-27,FW,04:31:00,Tuesday,LINE 6 HUMBER COLLEGE,PXWZ,0,0
2026-01-27,FW,05:08:00,Tuesday,SENTINEL STOP,PXWZ,10,0
2026-01-27,FW,06:48:00,Tuesday,YORKGATE,PXTIS,24,31
2026-01-27,FW,06:56:00,Tuesday,JANE FWLRT STOP,PXTIS,14,21
2026-01-27,FW,07:56:00,Tuesday,HUMBER COLLEGE STOP,TXTO,5,12
2026-01-27,FW,07:57:00,Tuesday,FINCH WEST FWLRT STATI,TXNIP,5,12
2026-01-27,FW,09:04:00,Tuesday,FINCH WEST FWLRT STATI,EXO,10,20
2026-01-27,FW,09:28:00,Tuesday,FINCH WEST FWLRT STATI,EXGA,5,12
2026-01-27,FW,10:33:00,Tuesday,HUMBER COLLEGE STOP,EXO,10,20
2026-01-27,FW,14:49:00,Tuesday,HANDOVER PLATFORM - FW,EXNEA,8,16
2026-01-27,FW,15:00:00,Tuesday,JANE FWLRT STOP,PXSW,5,15
2026-01-27,FW,16:18:00,Tuesday,MOUNT OLIVE STOP,EXO,5,12
2026-01-27,FW,16:32:00,Tuesday,HUMBER COLLEGE STOP,EXAC,5,12
2026-01-27,FW,17:28:00,Tuesday,TOBERMORY STOP,EXDO,0,0
2026-01-27,FW,17:37:00,Tuesday,MILVAN RUMIKE STOP,EXDO,0,0
2026-01-27,FW,17:43:00,Tuesday,HUMBER COLLEGE STOP,EXO,0,0
2026-01-27,FW,17:44:00,Tuesday,TOBERMORY STOP,EXDO,0,0
2026-01-27,FW,17:54:00,Tuesday,MARTIN GROVE STOP,TXOS,5,12
2026-01-27,FW,18:07:00,Tuesday,TOBERMORY STOP,MXD,0,0
2026-01-28,FW,04:08:00,Wednesday,NORFINCH OAKDALE STOP,PXSW,0,0
2026-01-28,FW,06:39:00,Wednesday,HUMBER COLLEGE STOP,TXO,10,20
2026-01-28,FW,07:45:00,Wednesday,FINCH WEST FWLRT STATI,EXAC,10,20
2026-01-28,FW,11:20:00,Wednesday,FINCH WEST FWLRT STATI,SXAP,11,13
2026-01-28,FW,13:15:00,Wednesday,FINCH WEST FWLRT STATI,EXO,5,15
2026-01-28,FW,15:47:00,Wednesday,HUMBER COLLEGE STOP,EXATC,10,20
2026-01-28,FW,16:10:00,Wednesday,JANE FWLRT STOP,EXAC,7,14
2026-01-28,FW,16:23:00,Wednesday,HUMBER COLLEGE STOP,EXAC,7,14
2026-01-28,FW,17:04:00,Wednesday,HUMBER COLLEGE STOP,EXO,7,14
2026-01-28,FW,18:42:00,Wednesday,FINCH WEST FWLRT STATI,SXUEG,10,20
2026-01-28,FW,18:53:00,Wednesday,SIGNET ARROW STOP,EXO,0,0
2026-01-29,FW,07:33:00,Thursday,FINCH WEST STATION,EXAC,4,11
2026-01-29,FW,08:29:00,Thursday,FINCH WEST FWLRT STATI,MXO,4,11
2026-01-29,FW,09:17:00,Thursday,MARTIN GROVE TO HUMBER,PXATC,0,0
2026-01-29,FW,10:26:00,Thursday,FINCH WEST FWLRT STATI,EXAC,5,15
2026-01-29,FW,11:34:00,Thursday,HUMBER COLLEGE STOP,EXDO,10,20
2026-01-29,FW,12:35:00,Thursday,FINCH WEST FWLRT STATI,EXDO,10,10
2026-01-29,FW,14:58:00,Thursday,DRIFTWOOD STOP,EXO,0,0
2026-01-29,FW,15:20:00,Thursday,HUMBER COLLEGE STOP,EXAC,6,12
2026-01-29,FW,19:20:00,Thursday,FINCH MSF LRT YARD,MXIE,0,0
2026-01-30,FW,05:44:00,Friday,WESTMORE STOP,PXSW,10,20
2026-01-30,FW,06:09:00,Friday,HUMBER COLLEGE STOP,PXSW,10,20
2026-01-30,FW,06:32:00,Friday,MOUNT OLIVE STOP,EXDO,5,15
2026-01-30,FW,08:16:00,Friday,FINCH WEST FWLRT STATI,EXDO,7,14
2026-01-30,FW,08:42:00,Friday,FINCH WEST FWLRT STATI,EXCE,7,14
2026-01-30,FW,12:50:00,Friday,FINCH WEST FWLRT STATI,EXAC,3,9
2026-01-30,FW,14:33:00,Friday,HUNBER COLLEGE (LEAVIN,EXBK,82,87
2026-01-30,FW,15:38:00,Friday,JANE FWLRT STOP,EXNEA,5,10
2026-01-30,FW,18:52:00,Friday,DRIFTWOOD STOP,EXDO,6,12
2026-01-30,FW,19:55:00,Friday,FINCH WEST FWLRT STATI,EXAC,10,16
2026-01-30,FW,20:02:00,Friday,FINCH WEST FWLRT STATI,EXBO,6,12
2026-01-30,FW,20:31:00,Friday,TOBERMORY STOP,EXO,0,0
2026-01-30,FW,22:17:00,Friday,ROWNTREE MILLS STOP,EXBK,49,0
2026-01-31,FW,08:46:00,Saturday,FINCH WEST STATION,EXAC,12,24
2026-01-31,FW,09:25:00,Saturday,HUMBER COLLEGE STOP,EXO,10,20
2026-01-31,FW,12:40:00,Saturday,ROWNTREE MILLS STOP,EXO,4,12
2026-01-31,FW,13:31:00,Saturday,MARTIN GROVE STOP,TXO,9,18
2026-01-31,FW,14:12:00,Saturday,FINCH WEST FWLRT STATI,EXO,3,12
2026-01-31,FW,14:35:00,Saturday,SENTINEL STOP,EXO,9,18
2026-01-31,FW,15:54:00,Saturday,MOUNT OLIVE STOP,EXO,3,12
2026-01-31,FW,16:52:00,Saturday,HUMBER COLLEGE STOP,TXOVS,0,0
2026-01-31,FW,16:57:00,Saturday,HUMBER COLLEGE STOP,EXTR,4,13
2026-01-31,FW,17:14:00,Saturday,SIGNET ARROW STOP,MXO,3,12
2026-01-31,FW,17:20:00,Saturday,HUMBER COLLEGE STOP,EXDO,0,0
2026-01-31,FW,17:50:00,Saturday,FINCH WEST FWLRT STATI,EXHV,6,15
2026-01-31,FW,18:05:00,Saturday,STEVENSON STOP,MXD,0,0
2026-01-31,FW,18:59:00,Saturday,MARTIN GROVE STOP,TXO,9,18
2026-01-31,FW,21:57:00,Saturday,EMERY STOP,EXBK,30,42
2026-02-01,FW,08:41:00,Sunday,SENTINEL STOP,EXBK,9,18
2026-02-01,FW,09:23:00,Sunday,MILVAN RUMIKE STOP,EXO,9,18
2026-02-01,FW,10:52:00,Sunday,SIGNET ARROW STOP,EXO,9,18
2026-02-01,FW,11:53:00,Sunday,HUMBER COLLEGE STOP,EXAC,10,20
2026-02-01,FW,12:40:00,Sunday,SIGNET ARROW STOP,EXAC,10,20
2026-02-01,FW,16:54:00,Sunday,HUMBER COLLEGE STOP,EXDO,0,0
2026-02-01,FW,17:16:00,Sunday,DRIFTWOOD STOP,EXAC,0,0
2026-02-01,FW,19:19:00,Sunday,FINCH WEST FWLRT STATI,SXG,0,0
2026-02-01,FW,20:11:00,Sunday,ROWNTREE MILLS STOP,EXAC,13,26
2026-02-02,FW,04:57:00,Monday,HUMBER COLLEGE STOP,EXO,40,46
2026-02-02,FW,05:47:00,Monday,MILVAN RUMIKE STOP,EXTM,40,46
2026-02-02,FW,16:22:00,Monday,NORFINCH OAKDALE STOP,EXBK,30,35
2026-02-02,FW,20:08:00,Monday,DRIFTWOOD STOP,SXAP,6,11
2026-02-02,FW,20:53:00,Monday,DUNCANWOODS STOP,MXUS,6,15
2026-02-03,FW,10:42:00,Tuesday,FINCH WEST FWLRT STATI,EXGA,3,15
2026-02-03,FW,19:52:00,Tuesday,FINCH WEST FWLRT STATI,EXBK,10,20
2026-02-04,FW,06:00:00,Wednesday,TORONTO TRANSIT COMMIS,MXO,0,0
2026-02-04,FW,08:08:00,Wednesday,EMERY STOP,EXDO,29,36
2026-02-04,FW,10:55:00,Wednesday,MARTIN GROVE STOP,EXDO,0,0
2026-02-04,FW,12:24:00,Wednesday,MOUNT OLIVE STOP,TXOS,4,11
2026-02-04,FW,15:53:00,Wednesday,FINCH WEST FWLRT STATI,SXO,13,19
2026-02-04,FW,16:40:00,Wednesday,HUMBER COLLEGE STOP,PXSW,60,66
2026-02-04,FW,18:34:00,Wednesday,HUMBER COLLEGE STOP,PXSW,42,52
2026-02-04,FW,21:08:00,Wednesday,HUMBER COLLEGE STOP,TXO,7,19
2026-02-05,FW,04:32:00,Thursday,HUMBER COLLEGE STOP,PXSW,6,12
2026-02-05,FW,06:34:00,Thursday,HUMBER COLLEGE STOP,MXO,0,0
2026-02-05,FW,09:19:00,Thursday,DUNCANWOODS STOP,EXBK,68,75
2026-02-05,FW,18:33:00,Thursday,EMERY STOP,EXO,7,14
2026-02-05,FW,19:22:00,Thursday,JANE FWLRT STOP,TXOVS,0,0
2026-02-06,FW,09:34:00,Friday,ROWNTREE MILLS STOP,EXAC,10,20
2026-02-06,FW,17:14:00,Friday,FINCH AND WESTMORE,TXPD,45,51
2026-02-06,FW,21:24:00,Friday,HANDOVER MSF,PXSW,0,0
2026-02-06,FW,22:19:00,Friday,JANE FWLRT STOP,MXD,0,0
2026-02-06,FW,22:21:00,Friday,WESTON ROAD,TXOVS,0,0
2026-02-07,FW,04:14:00,Saturday,HUMBER COLLEGE STOP,TXNCA,0,0
2026-02-07,FW,04:53:00,Saturday,NORFINCH OAKDALE STOP,PXSBE,5,0
2026-02-07,FW,06:08:00,Saturday,PEARLDALE STOP,PXSBE,5,15
2026-02-07,FW,06:29:00,Saturday,SIGNET ARROW STOP,TXO,104,114
2026-02-07,FW,08:47:00,Saturday,FINCH WEST FWLRT STATI,EXAC,7,14
2026-02-07,FW,09:11:00,Saturday,FINCH WEST FWLRT STATI,EXAC,7,14
2026-02-07,FW,15:27:00,Saturday,HUMBER COLLEGE STOP,EXO,10,20
2026-02-07,FW,15:30:00,Saturday,MARTIN GROVE STOP,EXATC,113,123
2026-02-07,FW,19:44:00,Saturday,FINCH WEST FWLRT STATI,EXAC,10,20
2026-02-08,EC,07:26:00,Sunday,KENNEDY ECLRT STATION,EXTM,7,14
2026-02-08,EC,07:58:00,Sunday,O'CONNOR STOP,EXDO,11,21
2026-02-08,EC,08:16:00,Sunday,KEELESDALE STATION,MXO,0,0
2026-02-08,EC,10:06:00,Sunday,CHAPLIN STATION,SXUEG,9,16
2026-02-08,EC,10:07:00,Sunday,EGLINTON ECLRT STATION,SXUEG,6,13
2026-02-08,EC,10:23:00,Sunday,LAIRD STATION,SXUEG,5,12
2026-02-08,EC,10:29:00,Sunday,KENNEDY ECLRT STATION,TXATC,0,0
2026-02-08,EC,10:46:00,Sunday,KEELESDALE STATION,EXDO,0,0
2026-02-08,FW,10:47:00,Sunday,MILVAN RUMIKE STOP,EXO,10,20
2026-02-08,EC,11:08:00,Sunday,OAKWOOD STATION,PXMEL,0,0
2026-02-08,EC,11:16:00,Sunday,SLOANE STOP,SXUEG,0,0
2026-02-08,EC,11:37:00,Sunday,DON VALLEY STATION,MXPAA,3,10
2026-02-08,FW,11:55:00,Sunday,FINCH WEST FWLRT STATI,EXO,10,20
2026-02-08,FW,13:00:00,Sunday,FINCH WEST FWLRT STATI,EXO,0,0
2026-02-08,EC,13:23:00,Sunday,KENNEDY ECLRT STATION,MXSAN,7,14
2026-02-08,EC,13:24:00,Sunday,FAIRBANK STATION,MXPAA,0,0
2026-02-08,FW,13:37:00,Sunday,SENTINEL STOP,EXO,0,0
2026-02-08,EC,13:46:00,Sunday,FAIRBANK STATION,MXPAA,3,10
2026-02-08,EC,13:49:00,Sunday,OAKWOOD STATION,MXPAA,3,10
2026-02-08,FW,13:49:00,Sunday,STEVENSON STOP,EXO,0,0
2026-02-08,EC,13:51:00,Sunday,CEDARVALE STATION,PXMEL,0,0
2026-02-08,FW,13:52:00,Sunday,FINCH WEST FWLRT STATI,EXO,5,15
2026-02-08,EC,14:06:00,Sunday,KEELESDALE STATION,MXPAA,3,10
2026-02-08,EC,14:13:00,Sunday,O'CONNOR STOP,MXPAA,3,10
2026-02-08,EC,14:16:00,Sunday,CEDARVALE STATION,MXIS,0,0
2026-02-08,EC,14:38:00,Sunday,MOUNT PLEASANT STATION,MXPAA,3,10
2026-02-08,FW,14:43:00,Sunday,DRIFTWOOD STOP,TXO,6,16
2026-02-08,EC,14:52:00,Sunday,KEELESDALE STATION,EXO,0,0
2026-02-08,FW,15:10:00,Sunday,SENTINEL STOP,EXO,0,0
2026-02-08,EC,15:19:00,Sunday,OAKWOOD STATION,SXUEG,6,13
2026-02-08,EC,15:25:00,Sunday,SUNNYBROOK PARK STOP,MXPAA,3,10
2026-02-08,FW,15:48:00,Sunday,WESTMORE STOP,TXO,6,16
2026-02-08,EC,15:53:00,Sunday,MOUNT PLEASANT STATION,MXPAA,3,10
2026-02-08,EC,16:16:00,Sunday,AVENUE STATION,SXUEG,6,13
2026-02-08,FW,16:50:00,Sunday,FINCH WEST,TXO,6,16
2026-02-08,EC,16:59:00,Sunday,MOUNT DENNIS STATION,SXUEG,5,12
2026-02-08,EC,17:04:00,Sunday,GOLDEN MILE STOP (APPR,PXSAC,0,0
2026-02-08,EC,17:13:00,Sunday,CEDARVALE STATION,SXUEG,6,13
2026-02-08,EC,17:21:00,Sunday,EAST OF HAKIMI STOP,MXO,20,27
2026-02-08,FW,18:46:00,Sunday,SIGNET ARROW STOP,EXAC,5,15
2026-02-08,EC,18:56:00,Sunday,LINE 5,PXSO,0,0
2026-02-08,EC,18:57:00,Sunday,LAIRD STATION,SXUEG,3,13
2026-02-08,EC,19:02:00,Sunday,DON VALLEY STATION,SXUEG,5,17
2026-02-08,FW,19:44:00,Sunday,HUMBER COLLEGE STOP,MXUS,7,17
2026-02-08,FW,19:49:00,Sunday,HUMBER COLLEGE STOP,EXAC,0,0
2026-02-08,EC,19:56:00,Sunday,GOLDEN MILE STOP (ENTE,EXO,46,56
2026-02-08,EC,21:23:00,Sunday,KENNEDY ECLRT STATION,EXTM,15,25
2026-02-08,EC,21:51:00,Sunday,CALEDONIA STATION,SXUEG,0,0
2026-02-08,FW,22:21:00,Sunday,DRIFTWOOD STOP,TXO,0,0
2026-02-09,FW,05:16:00,Monday,HUMBER COLLEGE STOP,PXEO,0,0
2026-02-09,EC,05:40:00,Monday,KENNEDY ECLRT STATION,EXBK,5,0
2026-02-09,FW,06:43:00,Monday,JANE FWLRT STOP,EXNEA,7,14
2026-02-09,EC,06:56:00,Monday,FAIRBANK STATION,PXMEL,0,0
2026-02-09,FW,07:30:00,Monday,HUMBER COLLEGE STOP,EXO,7,14
2026-02-09,EC,07:51:00,Monday,CEDARVALE STATION,MXPAA,0,0
2026-02-09,EC,09:05:00,Monday,LINE 5,PXATC,5,12
2026-02-09,EC,09:34:00,Monday,MOUNT DENNIS STATION,MXTD,3,7
2026-02-09,EC,09:59:00,Monday,KENNEDY ECLRT STATION,TXOS,0,0
2026-02-09,EC,11:45:00,Monday,MOUNT PLEASANT STATION,SXUEG,10,17
2026-02-09,EC,12:24:00,Monday,EGLINTON ECLRT STATION,SXUEG,5,12
2026-02-09,EC,12:36:00,Monday,AGA KHAN PARK - MUSEUM,MXIR,46,53
2026-02-09,EC,13:31:00,Monday,CEDARVALE STATION,TXO,0,0
2026-02-09,EC,13:50:00,Monday,MOUNT PLEASANT STATION,MXPAA,3,10
2026-02-09,EC,13:54:00,Monday,LEASIDE STATION,TXNCA,0,0
2026-02-09,EC,14:32:00,Monday,MOUNT PLEASANT STATION,SXUEG,3,10
2026-02-09,FW,15:18:00,Monday,JANE FWLRT STOP,EXNEA,5,10
2026-02-09,EC,15:19:00,Monday,OAKWOOD STATION,SXUEG,3,10
2026-02-09,EC,15:29:00,Monday,MOUNT PLEASANT STATION,SXUEG,3,10
2026-02-09,FW,15:38:00,Monday,FINCH WEST FWLRT STATI,EXNEA,5,10
2026-02-09,EC,15:45:00,Monday,CEDARVALE STATION,SXUEG,3,10
2026-02-09,EC,16:10:00,Monday,MOUNT DENNIS STATION,EXO,7,14
2026-02-09,FW,16:16:00,Monday,HUMBER COLLEGE STOP,MXTD,4,8
2026-02-09,FW,16:28:00,Monday,HUMBER COLLEGE STOP (L,MXTD,0,0
2026-02-09,EC,17:24:00,Monday,GOLDEN MILE STOP,MXPAA,0,0
2026-02-09,EC,17:40:00,Monday,FAIRBANK STATION,MXPAA,0,0
2026-02-09,EC,19:47:00,Monday,FAIRBANK STATION,MXPAA,3,7
2026-02-09,EC,20:17:00,Monday,KENNEDY ECLRT STATION,SXAP,0,0
2026-02-09,FW,20:49:00,Monday,ROWNTREE MILLS STOP,EXO,3,9
2026-02-09,EC,21:15:00,Monday,MOUNT DENNIS STATION,TXML,7,13
2026-02-09,EC,21:42:00,Monday,MOUNT DENNIS STATION,TXML,10,15
2026-02-09,EC,21:48:00,Monday,MOUNT DENNIS STATION,TXML,7,15
2026-02-10,EC,05:40:00,Tuesday,KENNEDY ECLRT STATION,TXNIP,15,0
2026-02-10,EC,06:21:00,Tuesday,MOUNT DENNIS STATION,EXO,4,18
2026-02-10,FW,06:36:00,Tuesday,NORFINCH OAKDALE STOP,EXNEA,6,12
2026-02-10,FW,07:25:00,Tuesday,JANE FWLRT STOP,EXNEA,6,12
2026-02-10,EC,07:36:00,Tuesday,KEELESDALE STATION,PXSAC,4,8
2026-02-10,FW,07:45:00,Tuesday,JANE FWLRT STOP,EXNEA,6,12
2026-02-10,EC,08:05:00,Tuesday,FOREST HILL STATION,MXPAA,0,0
2026-02-10,EC,08:16:00,Tuesday,LEASIDE STATION,MXPAA,0,0
2026-02-10,EC,08:34:00,Tuesday,KEELESDALE STATION,PXSAC,4,8
2026-02-10,EC,08:35:00,Tuesday,CALEDONIA STATION,EXBK,18,22
2026-02-10,EC,11:52:00,Tuesday,MOUNT PLEASANT STATION,EXGA,0,0
2026-02-10,EC,11:53:00,Tuesday,LEASIDE STATION,SXUEG,5,13
2026-02-10,EC,12:09:00,Tuesday,MOUNT PLEASANT STATION,SXUEG,10,18
2026-02-10,EC,12:54:00,Tuesday,OAKWOOD STATION,SXUEG,12,19
2026-02-10,EC,14:02:00,Tuesday,CEDARVALE STATION,MXPAA,4,11
2026-02-10,EC,14:43:00,Tuesday,FOREST HILL STATION,SXUEG,4,11
2026-02-10,FW,15:08:00,Tuesday,NORFINCH OAKDALE STOP,EXNEA,6,12
2026-02-10,FW,15:18:00,Tuesday,JANE FWLRT STOP,EXNEA,6,12
2026-02-10,EC,15:19:00,Tuesday,LAIRD STATION,MXPAA,3,9
2026-02-10,EC,15:27:00,Tuesday,SUNNYBROOK PARK STOP,MXPAA,3,9
2026-02-10,EC,15:29:00,Tuesday,EGLINTON ECLRT STATION,PXMEL,0,0
2026-02-10,EC,15:37:00,Tuesday,GOLDEN MILE STOP,MXPAA,3,9
2026-02-10,FW,15:41:00,Tuesday,JANE FWLRT STOP,EXNEA,6,12
2026-02-10,EC,15:50:00,Tuesday,DON VALLEY STATION,SXUEG,3,9
2026-02-10,EC,16:08:00,Tuesday,CEDARVALE STATION,MXPAA,3,9
2026-02-10,EC,17:06:00,Tuesday,LAIRD STATION,MXPAA,3,7
2026-02-10,EC,17:24:00,Tuesday,GOLDEN MILE STOP,SXO,48,52
2026-02-10,EC,17:46:00,Tuesday,FOREST HILL STATION,MXPAA,3,7
2026-02-10,EC,18:15:00,Tuesday,LEASIDE STATION,MXPAA,3,7
2026-02-10,EC,18:45:00,Tuesday,CEDARVALE STATION,SXUEG,4,8
2026-02-10,FW,20:05:00,Tuesday,MILVAN RUMIKE STOP,EXATC,0,0
2026-02-10,FW,20:20:00,Tuesday,PEARLDALE STOP,EXATC,0,0
2026-02-10,FW,20:21:00,Tuesday,NORFINCH OAKDALE STOP,EXATC,0,0
2026-02-10,EC,21:02:00,Tuesday,MOUNT DENNIS STATION P,EXBK,5,10
2026-02-10,EC,21:27:00,Tuesday,MOUNT PLEASANT STATION,MXIR,22,28
2026-02-10,EC,22:39:00,Tuesday,DON VALLEY STATION,MXIRS,0,0
2026-02-10,EC,23:32:00,Tuesday,CEDARVALE STATION,MXPAA,0,0
2026-02-11,EC,05:39:00,Wednesday,KENNEDY ECLRT STATION,EXECD,9,0
2026-02-11,EC,06:47:00,Wednesday,KENNEDY ECLRT STATION,EXTM,4,8
2026-02-11,EC,07:00:00,Wednesday,CALEDONIA STATION,EXO,4,8
2026-02-11,EC,09:10:00,Wednesday,KEELESDALE STATION,MXPAA,0,0
2026-02-11,EC,09:14:00,Wednesday,MOUNT DENNIS STATION,EXTM,4,8
2026-02-11,FW,10:31:00,Wednesday,FINCH WEST FWLRT STATI,EXO,10,20
2026-02-11,FW,11:36:00,Wednesday,MILVAN RUMIKE STOP,PXOV,223,229
2026-02-11,EC,14:05:00,Wednesday,EGLINTON ECLRT STATION,MXPAA,3,10
2026-02-11,EC,14:06:00,Wednesday,OAKWOOD STATION,SXDP,3,10
2026-02-11,EC,14:14:00,Wednesday,LEASIDE STATION,MXPAA,3,10
2026-02-11,EC,14:17:00,Wednesday,OAKWOOD STATION,SXUEG,7,14
2026-02-11,FW,14:49:00,Wednesday,NORFINCH OAKDALE STOP,MXPAA,0,0
2026-02-11,FW,14:49:00,Wednesday,NORFINCH OAKDALE STOP,PXWZ,6,12
2026-02-11,EC,15:06:00,Wednesday,CHAPLIN STATION,SXUEG,3,10
2026-02-11,FW,16:24:00,Wednesday,ROWNTREE MILLS STOP,MXTD,0,0
2026-02-11,EC,17:16:00,Wednesday,EGLINTON ECLRT STATION,SXPOL,4,9
2026-02-11,EC,17:21:00,Wednesday,WYNFORD STOP,MXPAA,3,10
2026-02-11,EC,18:04:00,Wednesday,MOUNT PLEASANT STATION,SXUEG,4,9
2026-02-11,FW,18:28:00,Wednesday,HUMBER COLLEGE STOP,SXUEG,106,112
2026-02-11,EC,19:02:00,Wednesday,CHAPLIN STATION,MXPAA,3,11
2026-02-11,EC,19:08:00,Wednesday,WYNFORD STOP,MXPAA,3,10
2026-02-11,EC,20:42:00,Wednesday,CEDARVALE STATION,SXUEG,0,0
2026-02-11,EC,20:47:00,Wednesday,FOREST HILL STATION,EXGA,15,21
2026-02-11,FW,20:50:00,Wednesday,DUNCANWOODS STOP,PXSW,33,39
2026-02-11,EC,21:03:00,Wednesday,OAKWOOD STATION,SXUEG,0,0
2026-02-11,FW,22:07:00,Wednesday,JANE FWLRT STOP,MXD,0,0
2026-02-11,EC,22:42:00,Wednesday,CHAPLIN STATION,SXUEG,0,0
2026-02-11,FW,23:22:00,Wednesday,MARTIN GROVE STOP,PXSW,0,0
2026-02-12,FW,05:34:00,Thursday,MARTIN GROVE STOP,EXO,64,73
2026-02-12,EC,05:55:00,Thursday,FOREST HILL STATION,TXNCA,0,0
2026-02-12,EC,07:13:00,Thursday,OAKWOOD STATION,MXPAA,0,0
2026-02-12,EC,07:33:00,Thursday,AVENUE STATION,EXCO,7,14
2026-02-12,EC,08:11:00,Thursday,FAIRBANK STATION,MXPAA,0,0
2026-02-12,EC,09:51:00,Thursday,OAKWOOD STATION,MXPAA,0,0
2026-02-12,FW,10:25:00,Thursday,EMERY STOP,MXUS,5,15
2026-02-12,EC,11:28:00,Thursday,MOUNT DENNIS STATION,MXO,0,0
2026-02-12,EC,12:53:00,Thursday,AVENUE STATION,SXO,3,10
2026-02-12,EC,12:56:00,Thursday,CHAPLIN STATION,SXUEG,3,10
2026-02-12,EC,13:12:00,Thursday,HAKIMI LEBOVIC STOP,MXPAA,3,10
2026-02-12,FW,13:31:00,Thursday,FINCH WEST FWLRT STATI,SXUEG,6,16
2026-02-12,EC,13:39:00,Thursday,MOUNT DENNIS STATION,SXDP,0,0
2026-02-12,EC,14:28:00,Thursday,HAKIMI LEBOVIC STOP,MXPAA,3,10
2026-02-12,EC,15:29:00,Thursday,LEASIDE STATION,MXPAA,3,10
2026-02-12,EC,17:19:00,Thursday,MOUNT PLEASANT STATION,SXUEG,5,9
2026-02-12,FW,17:24:00,Thursday,MARTIN GROVE STOP,MXUS,6,12
2026-02-12,EC,17:28:00,Thursday,DON VALLEY STATION,MXIRS,0,0
2026-02-12,EC,17:35:00,Thursday,MOUNT DENNIS STATION,EXO,10,14
2026-02-12,FW,18:21:00,Thursday,SENTINEL STOP,TXO,8,14
2026-02-12,EC,20:33:00,Thursday,AVENUE STATION,MXPAA,3,10
2026-02-12,EC,21:06:00,Thursday,AVENUE STATION,SXUEG,10,16
2026-02-12,EC,22:05:00,Thursday,EGLINTON ECLRT STATION,MXPAA,5,10
2026-02-12,EC,22:18:00,Thursday,CALEDONIA STATION,SXUEG,6,12
2026-02-13,EC,05:40:00,Friday,KENNEDY ECLRT STATION,PXWZ,20,0
2026-02-13,EC,06:56:00,Friday,CHAPLIN STATION,EXATC,4,8
2026-02-13,FW,07:18:00,Friday,JANE FWLRT STOP,EXNEA,7,14
2026-02-13,EC,07:24:00,Friday,MOUNT DENNIS STATION,EXCE,12,16
2026-02-13,EC,08:34:00,Friday,MOUNT DENNIS STATION,EXATC,4,8
2026-02-13,EC,09:28:00,Friday,MOUNT DENNIS STATION,EXVE,4,8
2026-02-13,EC,12:48:00,Friday,HAKIMI LEBOVIC STOP,PXSAC,0,0
2026-02-13,FW,13:26:00,Friday,FINCH WEST FWLRT STATI,TXO,5,15
2026-02-13,FW,13:46:00,Friday,HUMBER COLLEGE STOP (A,EXGA,60,66
2026-02-13,EC,14:01:00,Friday,EGLINTON ECLRT STATION,EXGA,4,10
2026-02-13,EC,14:33:00,Friday,CALEDONIA STATION,TXNCA,0,0
2026-02-13,EC,14:45:00,Friday,EGLINTON ECLRT STATION,PXMEL,0,0
2026-02-13,EC,15:19:00,Friday,OAKWOOD STATION,MXPAA,0,0
2026-02-13,FW,16:12:00,Friday,MARTIN GROVE STOP,TXO,5,11
2026-02-13,FW,16:27:00,Friday,MARTIN GROVE STOP,EXO,6,12
2026-02-13,EC,16:57:00,Friday,LEASIDE STATION,MXO,0,0
2026-02-13,EC,18:03:00,Friday,O'CONNOR STOP,EXATC,0,0
2026-02-13,EC,18:10:00,Friday,MOUNT DENNIS STATION,TXO,4,8
2026-02-13,EC,19:00:00,Friday,LAIRD STATION,EXDO,20,25
2026-02-13,FW,19:13:00,Friday,STEVENSON STOP,SXO,12,22
2026-02-13,EC,19:29:00,Friday,FOREST HILL STATION,EXGA,4,8
2026-02-13,EC,20:55:00,Friday,MOUNT PLEASANT STATION,MXIS,0,0
2026-02-13,EC,23:00:00,Friday,KEELESDALE STATION,PXMO,53,61
2026-02-13,EC,23:10:00,Friday,AVENUE STATION,SXUEG,21,28
2026-02-13,EC,23:16:00,Friday,SCIENCE CENTRE,SXUEG,6,14
2026-02-14,EC,06:24:00,Saturday,MOUNT PLEASANT STATION,EXCE,0,0
2026-02-14,EC,07:40:00,Saturday,CALEDONIA STATION,SXAP,0,0
2026-02-14,FW,11:17:00,Saturday,WESTMORE STOP,EXCE,0,0
2026-02-14,EC,11:41:00,Saturday,OAKWOOD STATION,MXIRS,0,0
2026-02-14,EC,14:52:00,Saturday,MOUNT DENNIS STATION,TXOI,8,16
2026-02-14,EC,16:55:00,Saturday,O'CONNOR STOP,EXO,0,0
2026-02-14,FW,18:29:00,Saturday,FINCH AND YORKGATE,PXSIS,14,24
2026-02-14,EC,18:31:00,Saturday,SLOANE STOP TO WYNFORD,PXSAC,0,0
2026-02-14,FW,19:00:00,Saturday,EMERY STOP,EXO,0,0
2026-02-14,EC,19:56:00,Saturday,AVENUE STATION,EXATC,0,0
2026-02-14,FW,20:45:00,Saturday,HUMBER COLLEGE STOP,EXCE,0,0
2026-02-14,EC,20:59:00,Saturday,SLOANE STOP,EXTM,0,0
2026-02-14,EC,21:07:00,Saturday,EGLINTON ECLRT STATION,SXUEG,11,23
2026-02-14,EC,21:24:00,Saturday,CHAPLIN STATION,SXUEG,7,19
2026-02-14,EC,21:52:00,Saturday,SLOANE STOP,MXI,23,29
2026-02-15,EC,07:30:00,Sunday,KENNEDY ECLRT STATION,TXNIP,13,0
2026-02-15,EC,08:00:00,Sunday,HAKIMI LEBOVIC STOP -,PXSAC,5,15
2026-02-15,EC,08:00:00,Sunday,BIRCHMOUNT STOP,PXSAC,5,0
2026-02-15,FW,12:12:00,Sunday,MARTIN GROVE STOP,EXO,0,0
2026-02-15,EC,12:26:00,Sunday,SUNNYBROOK PARK STOP,PXWZ,0,0
2026-02-15,FW,13:02:00,Sunday,ALBION STOP,EXCE,9,18
2026-02-15,EC,13:03:00,Sunday,FAIRBANK STATION,MXO,3,10
2026-02-15,FW,13:11:00,Sunday,PEARLDALE STOP,MXD,0,0
2026-02-15,EC,15:28:00,Sunday,MOUNT DENNIS STATION,SXO,0,0
2026-02-15,FW,15:38:00,Sunday,MARTIN GROVE STOP,TXTO,0,0
2026-02-15,EC,15:39:00,Sunday,CALEDONIA STATION,SXDP,3,10
2026-02-15,FW,17:11:00,Sunday,WESTMORE STOP,EXO,0,0
2026-02-15,EC,17:27:00,Sunday,LAIRD STATION,SXDP,0,0
2026-02-15,EC,17:36:00,Sunday,MOUNT DENNIS STATION,SXDP,3,10
2026-02-15,EC,18:38:00,Sunday,OAKWOOD STATION,MXIS,0,0
2026-02-15,EC,18:46:00,Sunday,EGLINTON ECLRT STATION,SXDP,0,0
2026-02-15,FW,19:11:00,Sunday,ROWNTREE MILLS STOP,MXD,0,0
2026-02-15,EC,19:49:00,Sunday,MOUNT DENNIS STATION,EXBK,14,28
2026-02-15,FW,20:09:00,Sunday,CALEDONIA STATION,EXBK,20,35
2026-02-15,EC,21:47:00,Sunday,LAIRD STATION,MXIR,17,32
2026-02-15,EC,21:49:00,Sunday,FOREST HILL STATION,SXO,0,0
2026-02-15,FW,23:43:00,Sunday,HUMBER COLLEGE STOP,SXUEG,0,0
2026-02-15,EC,00:05:00,Sunday,CEDARVALE STATION,SXUEG,0,0
2026-02-16,EC,03:48:00,Monday,EGLINTON AND BIRCHMOUN,TXPD,0,0
2026-02-16,EC,05:35:00,Monday,KENNEDY ECLRT STATION,TXO,3,0
2026-02-16,EC,06:54:00,Monday,AVENUE STATION,EXGA,0,0
2026-02-16,FW,08:11:00,Monday,HUMBER COLLEGE STOP,EXBK,7,14
2026-02-16,EC,09:17:00,Monday,LEASIDE STATION,MXIS,0,0
2026-02-16,EC,11:40:00,Monday,O'CONNOR STOP,PXW,0,0
2026-02-16,EC,11:48:00,Monday,CEDARVALE STATION,MXIS,0,0
2026-02-16,EC,12:29:00,Monday,AVENUE STATION,MXPAA,0,0
2026-02-16,EC,12:34:00,Monday,EGLINTON ECLRT STATION,MXIRS,0,0
2026-02-16,EC,13:29:00,Monday,FOREST HILL STATION,MXPAA,4,11
2026-02-16,EC,14:05:00,Monday,GOLDEN MILE STOP,MXPAA,3,11
2026-02-16,EC,14:31:00,Monday,GOLDEN MILE STOP,MXPAA,4,11
2026-02-16,EC,15:26:00,Monday,DON VALLEY STATION,SXDP,3,11
2026-02-16,EC,15:44:00,Monday,MOUNT PLEASANT STATION,EXO,7,14
2026-02-16,EC,16:06:00,Monday,EGLINTON ECLRT STATION,SXDP,0,0
2026-02-16,EC,17:12:00,Monday,AGA KHAN PARK - MUSEUM,EXO,0,0
2026-02-16,EC,17:35:00,Monday,OAKWOOD STATION,MXPAA,0,0
2026-02-16,EC,17:58:00,Monday,CALEDONIA STATION,SXDP,4,11
2026-02-16,FW,18:11:00,Monday,DUNCANWOODS STOP,EXTM,0,0
2026-02-16,EC,18:23:00,Monday,WYNFORD STOP,SXDP,3,18
2026-02-16,EC,18:31:00,Monday,CEDARVALE STATION,SXO,5,20
2026-02-16,FW,19:15:00,Monday,HUMBER COLLEGE STOP,MXO,5,15
2026-02-16,FW,19:21:00,Monday,NORFINCH OAKDALE STOP,SXAP,6,16
2026-02-16,EC,21:03:00,Monday,EGLINTON ECLRT STATION,SXUEG,13,26
2026-02-16,EC,22:25:00,Monday,OAKWOOD STATION,MXPAA,0,0
2026-02-16,EC,22:48:00,Monday,FAIRBANK STATION,SXUEG,0,0
2026-02-17,FW,05:35:00,Tuesday,FINCH WEST FWLRT STATI,TXCSA,0,0
2026-02-17,EC,06:25:00,Tuesday,IONVIEW STOP,EXO,9,29
2026-02-17,EC,06:53:00,Tuesday,SLOANE STOP,EXO,20,40
2026-02-17,FW,08:07:00,Tuesday,SIGNET ARROW STOP,EXO,0,0
2026-02-17,EC,08:08:00,Tuesday,MOUNT DENNIS STATION,MXIRS,0,0
2026-02-17,EC,08:48:00,Tuesday,EGLINTON ECLRT STATION,SXUEG,5,9
2026-02-17,EC,09:20:00,Tuesday,KEELESDALE STATION,MXIRS,0,0
2026-02-17,EC,09:46:00,Tuesday,KENNEDY ECLRT STATION,EXO,4,8
2026-02-17,EC,10:51:00,Tuesday,KENNEDY ECLRT STATION,TXATC,0,0
2026-02-17,EC,12:01:00,Tuesday,MOUNT PLEASANT STATION,SXUEG,3,10
2026-02-17,EC,12:04:00,Tuesday,CHAPLIN STATION,SXUEG,8,15
2026-02-17,FW,14:47:00,Tuesday,NORFINCH OAKDALE STOP,TXNIP,10,20
2026-02-17,EC,15:29:00,Tuesday,LAIRD STATION,SXEAS,3,8
2026-02-17,EC,15:30:00,Tuesday,EGLINTON ECLRT STATION,PXMEL,0,0
2026-02-17,EC,15:30:00,Tuesday,EGLINTON ECLRT STATION,MXO,0,0
2026-02-17,EC,16:00:00,Tuesday,FOREST HILL STATION,SXDP,5,10
2026-02-17,FW,16:24:00,Tuesday,HUMBER COLLEGE STATION,EXO,6,12
2026-02-17,EC,17:00:00,Tuesday,KENNEDY ECLRT STATION,TXNCA,0,0
2026-02-17,EC,17:06:00,Tuesday,O'CONNOR STOP,EXATC,5,10
2026-02-17,EC,18:04:00,Tuesday,MOUNT DENNIS STATION,EXBK,5,10
2026-02-17,FW,18:19:00,Tuesday,HUMBER COLLEGE STOP TO,TXO,6,12
2026-02-17,EC,22:36:00,Tuesday,EMSF,TXO,19,25
2026-02-17,EC,23:05:00,Tuesday,OAKWOOD STATION,SXUEG,0,0
2026-02-17,EC,23:37:00,Tuesday,LEASIDE STATION,SXO,0,0
2026-02-18,FW,03:00:00,Wednesday,LINE 6,MXST,0,0
2026-02-18,EC,03:00:00,Wednesday,LINE 5,MXST,0,0
2026-02-18,FW,05:49:00,Wednesday,HUMBER COLLEGE STOP,MXIE,0,0
2026-02-18,EC,05:57:00,Wednesday,MOUNT DENNIS STATION,TXCC,7,14
2026-02-18,FW,10:10:00,Wednesday,EMERY STOP,EXADD,242,252
2026-02-18,EC,10:57:00,Wednesday,LEASIDE STATION,SXAP,0,0
2026-02-18,FW,11:09:00,Wednesday,FINCH WEST FWLRT STATI,PXSW,7,14
2026-02-18,FW,14:07:00,Wednesday,MARTIN GROVE STOP,TXOS,4,14
2026-02-18,FW,14:51:00,Wednesday,MOUNT OLIVE STOP,PXTIS,5,15
2026-02-18,FW,14:52:00,Wednesday,NORTH HANDOVER AND SOU,PXTIS,8,15
2026-02-18,FW,14:58:00,Wednesday,FINCH WEST FWLRT STATI,PXMST,0,0
2026-02-18,EC,15:00:00,Wednesday,MOUNT DENNIS STATION,EXDO,5,10
2026-02-18,FW,15:03:00,Wednesday,YORK GATE,PXTIS,4,11
2026-02-18,FW,15:04:00,Wednesday,STEVENSON STOP,TXOVS,0,0
2026-02-18,EC,15:27:00,Wednesday,CALEDONIA STATION,EXGA,5,10
2026-02-18,EC,15:31:00,Wednesday,LEASIDE STATION,EXGA,0,0
2026-02-18,EC,15:46:00,Wednesday,GOLDEN MILE STOP,EXWS,5,10
2026-02-18,FW,16:05:00,Wednesday,FINCH WEST FWLRT STATI,TXNIP,5,12
2026-02-18,EC,16:10:00,Wednesday,EGLINTON ECLRT STATION,SXDP,0,0
2026-02-18,EC,16:19:00,Wednesday,MOUNT DENNIS STATION,MXPAA,0,0
2026-02-18,FW,17:45:00,Wednesday,FINCH WEST FWLRT STATI,EXAC,6,12
2026-02-18,FW,17:56:00,Wednesday,HUMBER COLLEGE STOP,TXO,16,23
2026-02-18,EC,18:27:00,Wednesday,CEDARVALE STATION,MXPAA,0,0
2026-02-18,EC,18:43:00,Wednesday,LEASIDE STATION,MXPAA,0,0
2026-02-18,FW,19:29:00,Wednesday,NORFINCH OAKDALE STOP,EXAC,10,20
2026-02-18,FW,21:06:00,Wednesday,PEARLDALE STOP,EXO,0,0
2026-02-18,FW,21:10:00,Wednesday,MARTIN GROVE STOP,EXBK,67,75
2026-02-18,FW,21:11:00,Wednesday,DRIFTWOOD STOP,EXCE,0,0
2026-02-18,EC,21:36:00,Wednesday,MOUNT DENNIS STATION,EXWA,0,0
2026-02-18,EC,22:12:00,Wednesday,AVENUE STATION,EXCE,0,0
2026-02-18,EC,23:11:00,Wednesday,MOUNT DENNIS STATION,MXI,0,0
2026-02-19,EC,02:26:00,Thursday,MOUNT DENNIS STATION,SXO,0,0
2026-02-19,EC,05:39:00,Thursday,KENNEDY ECLRT STATION,EXBK,0,0
2026-02-19,EC,06:39:00,Thursday,O'CONNOR STOP,EXTM,4,8
2026-02-19,EC,07:06:00,Thursday,MOUNT DENNIS STATION,TXNOA,4,8
2026-02-19,EC,07:51:00,Thursday,MOUNT PLEASANT STATION,TXNOA,4,8
2026-02-19,FW,08:11:00,Thursday,FINCH WEST FWLRT STATI,EXO,7,12
2026-02-19,FW,09:59:00,Thursday,EMERY STOP,EXO,3,14
2026-02-19,EC,12:16:00,Thursday,O'CONNOR STOP,MXPAA,0,0
2026-02-19,EC,12:39:00,Thursday,AVENUE STATION,EXGA,0,0
2026-02-19,EC,13:12:00,Thursday,OAKWOOD STATION,EXDO,3,11
2026-02-19,EC,13:47:00,Thursday,AVENUE STATION,EXGA,16,24
2026-02-19,FW,14:22:00,Thursday,MILVAN RUMIKE STOP,EXBK,3,13
2026-02-19,EC,15:35:00,Thursday,KEELESDALE STATION,EXGA,7,15
2026-02-19,FW,16:18:00,Thursday,SENTINEL STOP,SXAP,54,61
2026-02-19,EC,16:36:00,Thursday,KEELESDALE STATION,EXO,7,14
2026-02-19,EC,17:23:00,Thursday,CEDARVALE STATION,MXPAA,3,8
2026-02-19,EC,18:22:00,Thursday,PHARMACY STOP,MXPAA,0,0
2026-02-19,EC,23:53:00,Thursday,EMSF WYE,PXSAC,0,0
2026-02-19,EC,01:18:00,Thursday,EGLINTON ECLRT STATION,SXUEG,0,0
2026-02-20,EC,05:40:00,Friday,KENNEDYSTATION,PXMO,40,0
2026-02-20,EC,07:25:00,Friday,KEELESDALE STATION,SXO,20,24
2026-02-20,FW,08:02:00,Friday,FINCH WEST FWLRT STATI,EXHV,7,14
2026-02-20,FW,08:22:00,Friday,FINCH WEST FWLRT STATI,EXGA,3,10
2026-02-20,FW,08:46:00,Friday,FINCH WEST FWLRT STATI,EXO,7,14
2026-02-20,EC,09:49:00,Friday,KENNEDY ECLRT STATION,MXIRS,0,0
2026-02-20,EC,11:55:00,Friday,CHAPLIN STATION,EXGA,0,0
2026-02-20,EC,12:20:00,Friday,KENNEDY ECLRT STATION,EXGA,0,0
2026-02-20,EC,13:42:00,Friday,KEELESDALE STATION,EXO,0,0
2026-02-20,EC,15:00:00,Friday,MOUNT PLEASANT STATION,EXGA,6,12
2026-02-20,EC,15:26:00,Friday,LEASIDE STATION,EXGA,7,13
2026-02-20,EC,15:35:00,Friday,FAIRBANK STATION,MXPAA,0,0
2026-02-20,FW,15:40:00,Friday,FINCH WEST FWLRT STATI,MXSAN,6,12
2026-02-20,EC,19:17:00,Friday,CEDARVALE STATION,EXGA,7,17
2026-02-20,EC,19:22:00,Friday,OAKWOOD STATION,EXGA,5,13
2026-02-20,FW,19:33:00,Friday,HUMBER COLLEGE STOP,EXO,31,38
2026-02-20,EC,20:28:00,Friday,KEELESDALE STATION,SXO,0,0
2026-02-20,FW,20:45:00,Friday,HUMBER COLLEGE STOP,SXUEG,5,15
2026-02-20,EC,21:20:00,Friday,CALEDONIA STATION,SXUEG,5,11
2026-02-20,EC,21:37:00,Friday,KENNEDY ECLRT STATION,EXO,0,0
2026-02-20,EC,21:40:00,Friday,LEASIDE STATION,SXUEG,3,9
2026-02-20,EC,21:42:00,Friday,CHAPLIN STATION,SXUEG,0,0
2026-02-20,EC,21:55:00,Friday,LEASIDE STATION,MXIR,10,16
2026-02-20,EC,22:14:00,Friday,FAIRBANK STATION,EXO,3,9
2026-02-20,EC,22:40:00,Friday,AVENUE STATION,SXUEG,13,19
2026-02-21,EC,08:13:00,Saturday,KENNEDY ECLRT STATION,EXDO,8,16
2026-02-21,EC,08:24:00,Saturday,MOUNT DENNIS STATION,EXATC,7,14
2026-02-21,EC,10:59:00,Saturday,IONVIEW STOP,TXATC,0,0
2026-02-21,EC,12:47:00,Saturday,FOREST HILL STATION,SXUEG,0,0
2026-02-21,EC,13:51:00,Saturday,MOUNT DENNIS STATION,EXTM,8,16
2026-02-21,EC,14:10:00,Saturday,O'CONNOR STOP,MXPAA,0,0
2026-02-21,EC,15:34:00,Saturday,GOLDEN MILE STOP,MXPAA,0,0
2026-02-21,EC,15:48:00,Saturday,EGLINTON ECLRT STATION,SXO,6,14
2026-02-21,EC,17:04:00,Saturday,MOUNT PLEASANT STATION,SXO,4,12
2026-02-21,EC,19:36:00,Saturday,MOUNT PLEASANT STATION,SXO,7,15
2026-02-21,EC,20:00:00,Saturday,EGLINTON ECLRT STATION,EXGA,4,18
2026-02-21,FW,20:30:00,Saturday,FINCH WEST FWLRT STATI,MXO,0,0
2026-02-21,EC,22:55:00,Saturday,KENNEDY ECLRT STATION,SXUEG,0,0
2026-02-21,EC,23:06:00,Saturday,KENNEDY ECLRT STATION,SXDP,0,0
2026-02-21,EC,23:44:00,Saturday,FAIRBANK STATION,SXUEG,0,0
2026-02-22,FW,08:18:00,Sunday,YORKGATE,EXO,10,20
2026-02-22,EC,12:00:00,Sunday,CEDARVALE STATION,MXCSA,0,0
2026-02-22,EC,12:10:00,Sunday,MOUNT PLEASANT STATION,MXIR,3,11
2026-02-22,FW,12:13:00,Sunday,ALBION STOP,EXCE,10,20
2026-02-22,EC,12:26:00,Sunday,FOREST HILL STATION,SXG,0,0
2026-02-22,FW,12:41:00,Sunday,HUMBER COLLEGE STOP,PXSW,134,144
2026-02-22,EC,12:41:00,Sunday,AVENUE STATION,SXUEG,6,14
2026-02-22,EC,13:13:00,Sunday,LEASIDE STATION,MXPAA,4,12
2026-02-22,EC,14:13:00,Sunday,BIRCHMOUNT STOP,MXPAA,0,0
2026-02-22,FW,14:51:00,Sunday,FINCH WEST FWLRT STATI,SXO,0,0
2026-02-22,EC,15:11:00,Sunday,FOREST HILL STATION,MXPAA,3,11
2026-02-22,EC,15:38:00,Sunday,LEASIDE STATION,MXIRS,0,0
2026-02-22,EC,17:15:00,Sunday,CALEDONIA STATION,MXPAA,0,0
2026-02-22,EC,17:18:00,Sunday,FOREST HILL STATION,SXUEG,3,11
2026-02-22,EC,17:33:00,Sunday,EGLINTON ECLRT STATION,SXUEG,3,11
2026-02-22,EC,17:45:00,Sunday,35 BERWICK AVE,SXO,0,0
2026-02-22,EC,21:09:00,Sunday,KEELESDALE STATION,SXUEG,3,18
2026-02-22,FW,21:13:00,Sunday,SENTINEL STOP,MXPAA,0,0
2026-02-22,FW,21:27:00,Sunday,SENTINEL STOP,SXO,0,0
2026-02-22,EC,21:38:00,Sunday,MOUNT DENNIS STATION,MXML,15,34
2026-02-22,EC,22:10:00,Sunday,MOUNT DENNIS STATION,MXML,7,22
2026-02-22,EC,22:23:00,Sunday,MOUNT DENNIS STATION,MXML,16,31
2026-02-22,FW,22:27:00,Sunday,TOBERMORY STOP,SXO,0,0
2026-02-23,FW,05:39:00,Monday,ALBION STOP,EXBK,39,0
2026-02-23,FW,06:30:00,Monday,PEARLDALE STOP (LEAVIN,EXBK,37,47
2026-02-23,FW,09:31:00,Monday,HUMBER COLLEGE STOP,EXDO,0,0
2026-02-23,FW,11:14:00,Monday,HUMBER COLLEGE STOP,EXBK,10,20
2026-02-23,EC,11:22:00,Monday,LEASIDE STATION,EXGA,4,12
2026-02-23,EC,12:10:00,Monday,CHAPLIN STATION,EXGA,4,12
2026-02-23,FW,13:12:00,Monday,HUMBER COLLEGE STOP,EXO,6,12
2026-02-23,FW,13:26:00,Monday,FINCH WEST FWLRT STATI,EXO,10,20
2026-02-23,EC,14:20:00,Monday,KEELESDALE STATION,MXPAA,3,11
2026-02-23,EC,14:46:00,Monday,CALEDONIA STATION,SXUEG,3,11
2026-02-23,EC,15:15:00,Monday,FAIRBANK STATION,MXPAA,3,11
2026-02-23,EC,15:25:00,Monday,SUNNYBROOK PARK STOP,MXPAA,3,11
2026-02-23,EC,15:46:00,Monday,CHAPLIN STATION,SXUEG,3,11
2026-02-23,FW,15:55:00,Monday,HUMBER COLLEGE STOP,EXO,6,12
2026-02-23,EC,15:57:00,Monday,HAKIMI LEBOVIC STOP,MXPAA,3,11
2026-02-23,EC,17:02:00,Monday,OAKWOOD STATION,MXPAA,3,7
2026-02-23,EC,17:23:00,Monday,OAKWOOD STATION,MXPAA,3,7
2026-02-23,EC,18:20:00,Monday,KENNEDY ECLRT STATION,EXO,3,11
2026-02-23,EC,21:32:00,Monday,MOUNT DENNIS STATION,TXML,6,12
2026-02-23,FW,21:50:00,Monday,FINCH WEST FWLRT STATI,PXSW,12,0
2026-02-23,FW,21:59:00,Monday,TOBERMORY STOP,PXSW,43,0
2026-02-23,EC,22:02:00,Monday,EGLINTON ECLRT STATION,MXPAA,0,0
2026-02-23,EC,22:09:00,Monday,MOUNT DENNIS STATION,TXML,7,19
2026-02-23,EC,22:17:00,Monday,MOUNT DENNIS STATION,TXML,8,15
2026-02-23,EC,22:41:00,Monday,LEASIDE STATION,SXO,0,0
2026-02-23,EC,23:02:00,Monday,OAKWOOD STATION,SXUEG,0,0
2026-02-24,FW,05:13:00,Tuesday,HUMBER COLLEGE STOP,PXSW,7,14
2026-02-24,FW,06:05:00,Tuesday,FINCH WEST FWLRT STATI,EXDO,7,14
2026-02-24,EC,06:14:00,Tuesday,KENNEDY ECLRT STATION,TXNOA,8,28
2026-02-24,FW,06:16:00,Tuesday,FINCH WEST FWLRT STATI,EXTM,7,14
2026-02-24,FW,06:17:00,Tuesday,HUMBER COLLEGE STOP,PXSW,7,14
2026-02-24,EC,06:31:00,Tuesday,KENNEDY ECLRT STATION,EXBK,20,40
2026-02-24,FW,07:17:00,Tuesday,JANE FWLRT STOP,PXEO,4,14
2026-02-24,EC,07:58:00,Tuesday,IONVIEW STOP,EXBK,9,17
2026-02-24,EC,12:21:00,Tuesday,GOLDEN MILE STOP,TXO,14,23
2026-02-24,EC,13:12:00,Tuesday,SLOANE STOP,MXPAA,0,0
2026-02-24,EC,13:14:00,Tuesday,KENNEDY ECLRT STATION,EXO,9,18
2026-02-24,EC,13:28:00,Tuesday,LEASIDE STATION,EXGA,21,31
2026-02-24,EC,14:25:00,Tuesday,MOUNT DENNIS STATION,EXTR,9,13
2026-02-24,EC,15:27:00,Tuesday,LAIRD STATION,MXPAA,3,7
2026-02-24,FW,15:38:00,Tuesday,JANE FWLRT STOP,EXNEA,6,12
2026-02-24,EC,15:43:00,Tuesday,AVENUE STATION,SXO,6,10
2026-02-24,EC,16:10:00,Tuesday,CHAPLIN STATION,MXIS,0,0
2026-02-24,EC,16:52:00,Tuesday,MOUNT DENNIS STATION,EXO,5,10
2026-02-24,FW,17:18:00,Tuesday,HUMBER COLLEGE STOP,TXNIP,4,10
2026-02-24,EC,17:41:00,Tuesday,CALEDONIA STATION,MXGD,6,10
2026-02-24,EC,17:48:00,Tuesday,CALEDONIA STATION,EXO,9,16
2026-02-24,EC,18:00:00,Tuesday,CALEDONIA STATION,EXO,5,10
2026-02-24,EC,19:16:00,Tuesday,CEDARVALE STATION,MXPAA,3,7
2026-02-24,EC,19:26:00,Tuesday,KENNEDY ECLRT STATION,EXO,3,7
2026-02-24,EC,22:40:00,Tuesday,EGLINTON ECLRT STATION,SXUEG,0,0
2026-02-24,FW,22:45:00,Tuesday,SIGNET ARROW STOP,EXBK,0,0
2026-02-25,FW,06:11:00,Wednesday,JANE FWLRT STOP,MXNOA,10,20
2026-02-25,FW,06:14:00,Wednesday,HUMBER COLLEGE STOP,EXGA,0,0
2026-02-25,EC,08:33:00,Wednesday,SUNNYBROOK PARK STOP,EXADD,146,150
2026-02-25,EC,08:47:00,Wednesday,CALEDONIA STATION,EXO,4,8
2026-02-25,FW,09:32:00,Wednesday,HUMBER COLLEGE STOP,MXIRS,0,0
2026-02-25,EC,12:54:00,Wednesday,FOREST HILL STATION,SXDP,4,8
2026-02-25,FW,13:44:00,Wednesday,MARTIN GROVE STOP,EXBK,46,52
2026-02-25,EC,13:52:00,Wednesday,MOUNT DENNIS STATION,SXG,8,16
2026-02-25,EC,15:37:00,Wednesday,MOUNT PLEASANT STATION,SXO,8,13
2026-02-25,EC,15:42:00,Wednesday,AVENUE STATION,SXUEG,5,12
2026-02-25,FW,20:03:00,Wednesday,HUMBER COLLEGE STOP,EXGA,0,0
2026-02-25,EC,20:04:00,Wednesday,MOUNT DENNIS STATION,EXDO,7,14
2026-02-25,EC,21:15:00,Wednesday,MOUNT PLEASANT STATION,SXUEG,5,11
2026-02-25,FW,22:08:00,Wednesday,MOUNT OLIVE STOP,TXOVS,0,0
2026-02-25,FW,22:10:00,Wednesday,MOUNT OLIVE STOP,EXBK,0,0
2026-02-25,EC,23:17:00,Wednesday,SLOANE STOP,PXWZ,0,0
2026-02-26,EC,05:54:00,Thursday,LAIRD STATION,TXNCA,0,0
2026-02-26,EC,07:31:00,Thursday,KENNEDY ECLRT STATION,EXATC,0,0
2026-02-26,EC,10:25:00,Thursday,KEELESDALE STATION,EXGA,11,18
2026-02-26,EC,11:16:00,Thursday,MOUNT DENNIS STATION,MXIR,0,0
2026-02-26,EC,11:39:00,Thursday,MOUNT DENNIS STATION,EXATC,7,14
2026-02-26,EC,12:24:00,Thursday,FOREST HILL STATION,SXUEG,5,12
2026-02-26,EC,12:30:00,Thursday,EGLINTON ECLRT STATION,SXUEG,5,12
2026-02-26,EC,12:44:00,Thursday,O'CONNOR STOP,MXPAA,4,12
2026-02-26,EC,13:57:00,Thursday,FOREST HILL STATION,MXNCA,0,0
2026-02-26,EC,14:03:00,Thursday,FAIRBANK STATION,MXPAA,3,8
2026-02-26,EC,14:19:00,Thursday,EGLINTON STATION,SXUEG,0,0
2026-02-26,EC,14:43:00,Thursday,CEDARVALE STATION,SXUEG,0,0
2026-02-26,FW,15:15:00,Thursday,HAND OVER PLATFORM,PXSW,7,14
2026-02-26,EC,15:27:00,Thursday,CALEDONIA STATION,MXPAA,0,0
2026-02-26,EC,15:58:00,Thursday,MOUNT DENNIS STATION,EXO,6,12
2026-02-26,FW,17:30:00,Thursday,FINCH WEST FWLRT STATI,PXSW,256,268
2026-02-26,EC,17:42:00,Thursday,GOLDEN MILE STOP,SXUEG,0,0
2026-02-26,EC,18:00:00,Thursday,FOREST HILL STATION,MXPAA,0,0
2026-02-26,EC,18:01:00,Thursday,EGLINTON ECLRT STATION,SXO,5,10
2026-02-26,EC,18:05:00,Thursday,KEELESDALE STATION,MXPAA,0,0
2026-02-26,EC,19:16:00,Thursday,OAKWOOD STATION,TXNCA,0,0
2026-02-26,EC,21:40:00,Thursday,LEASIDE STATION,SXUEG,3,8
2026-02-26,EC,21:49:00,Thursday,KEELESDALE STATION,SXUEG,10,15
2026-02-26,EC,21:57:00,Thursday,KENNEDY ECLRT STATION,PXWZ,10,15
2026-02-26,EC,23:03:00,Thursday,CEDARVALE STATION,SXUEG,0,0
2026-02-27,FW,05:30:00,Friday,FINCH WEST FWLRT STATI,PXSW,6,12
2026-02-27,EC,06:24:00,Friday,AVENUE STATION,EXATC,9,18
2026-02-27,EC,07:34:00,Friday,KENNEDY ECLRT STATION,EXHV,7,14
2026-02-27,FW,07:38:00,Friday,YORK GATE HAND OFF,TXO,0,0
2026-02-27,EC,07:57:00,Friday,AVENUE STATION,MXPAA,0,0
2026-02-27,FW,08:34:00,Friday,DRIFTWOOD STOP,EXO,6,12
2026-02-27,FW,09:30:00,Friday,HUMBER COLLEGE STATION,EXBK,8,16
2026-02-27,EC,09:34:00,Friday,CALEDONIA STATION,MXPAA,4,12
2026-02-27,EC,10:00:00,Friday,CEDARVALE STATION,MXCSA,0,0
2026-02-27,FW,10:02:00,Friday,SENTINEL STOP,EXO,3,9
2026-02-27,EC,11:46:00,Friday,FOREST HILL STATION,SXUEG,0,0
2026-02-27,EC,13:13:00,Friday,EGLINTON ECLRT STATION,SXUEG,0,0
2026-02-27,EC,13:20:00,Friday,MOUNT DENNIS STATION,PXMO,23,30
2026-02-27,FW,14:10:00,Friday,SENTINEL STOP,EXO,30,37
2026-02-27,EC,15:18:00,Friday,CHAPLIN STATION,SXUEG,0,0
2026-02-27,FW,15:18:00,Friday,JANE FWLRT STOP,PXSW,6,12
2026-02-27,EC,15:20:00,Friday,OAKWOOD STATION,SXUEG,0,0
2026-02-27,FW,15:22:00,Friday,HUMBER COLLEGE STOP,EXGA,10,17
2026-02-27,EC,15:45:00,Friday,EGLINTON ECLRT STATION,MXPAA,0,0
2026-02-27,FW,16:35:00,Friday,FINCH WEST FWLRT STATI,MXIS,0,0
2026-02-27,EC,16:39:00,Friday,LAIRD STATION,SXUEG,0,0
2026-02-27,EC,16:39:00,Friday,LAIRD STATION,MXAFR,35,41
2026-02-27,EC,16:56:00,Friday,DON VALLEY STATION,TXOI,0,0
2026-02-27,EC,17:10:00,Friday,CEDARVALE STATION,SXO,0,0
2026-02-27,EC,17:22:00,Friday,CEDARVALE STATION,PXMEL,0,0
2026-02-27,EC,18:55:00,Friday,EGLINTON ECLRT STATION,SXUEG,0,0
2026-02-27,FW,19:25:00,Friday,JANE FWLRT STOP,PXSW,6,12
2026-02-27,EC,19:33:00,Friday,EGLINTON ECLRT STATION,EXGA,8,14
2026-02-27,FW,19:49:00,Friday,HUMBER COLLEGE STOP,EXBK,6,12
2026-02-27,EC,20:04:00,Friday,FAIRBANK STATION,SXUEG,5,13
2026-02-27,EC,20:43:00,Friday,EGLINTON ECLRT STATION,SXO,0,0
2026-02-27,EC,21:08:00,Friday,CEDARVALE STATION,SXUEG,0,0
2026-02-27,EC,21:13:00,Friday,IONVIEW STOP,EXBK,6,12
2026-02-27,EC,21:22:00,Friday,MOUNT DENNIS STATION,EXGA,0,0
2026-02-27,EC,21:48:00,Friday,GOLDEN MILE TO BIRCHMO,PXW,0,0
2026-02-27,EC,21:50:00,Friday,LEASIDE STATION,EXGA,0,0
2026-02-27,EC,21:57:00,Friday,EGLINTON ECLRT STATION,SXO,9,15
2026-02-27,EC,22:08:00,Friday,SCIENCE CENTRE,EXGA,0,0
2026-02-27,FW,23:10:00,Friday,HUMBER COLLEGE STOP,MXO,0,0
2026-02-27,EC,23:44:00,Friday,MOUNT DENNIS STATION (,EXBK,0,0
2026-02-28,FW,03:36:00,Saturday,HUMBER COLLEGE STOP,PXEAS,0,0
2026-02-28,EC,04:07:00,Saturday,MOUNT DENNIS STATION,SXO,0,0
2026-02-28,EC,05:40:00,Saturday,KENNEDY ECLRT STATION,TXNIP,4,0
2026-02-28,FW,06:05:00,Saturday,SENTINEL STOP,EXBK,0,0
2026-02-28,FW,11:04:00,Saturday,HUMBER COLLEGE STOP,MXUS,9,18
2026-02-28,EC,11:08:00,Saturday,O'CONNOR STOP,MXPAA,0,0
2026-02-28,FW,11:48:00,Saturday,HUMBER COLLEGE STOP,EXO,0,0
2026-02-28,EC,11:58:00,Saturday,OAKWOOD STATION,TXO,0,0
2026-02-28,EC,12:13:00,Saturday,CEDARVALE STATION,SXUEG,8,16
2026-02-28,EC,13:19:00,Saturday,KENNEDY ECLRT STATION,MXTO,3,11
2026-02-28,FW,13:32:00,Saturday,WESTMORE STOP,EXTM,3,9
2026-02-28,EC,14:23:00,Saturday,SUNNYBROOK PARK STOP,MXPAA,0,0
2026-02-28,EC,14:36:00,Saturday,EGLINTON ECLRT STATION,MXPAA,3,11
2026-02-28,FW,15:24:00,Saturday,NORFINCH OAKDALE STOP,EXBK,36,42
2026-02-28,EC,17:35:00,Saturday,WYNFORD STOP,MXPAA,3,11
2026-02-28,EC,18:46:00,Saturday,MOUNT DENNIS STATION (,EXBK,8,16
2026-02-28,EC,19:03:00,Saturday,FAIRBANK STATION,MXPAA,3,11
2026-02-28,FW,19:06:00,Saturday,FINCH WEST FWLRT STATI,EXBK,26,32
2026-02-28,EC,19:32:00,Saturday,KENNEDY ECLRT STATION,MXSAN,11,22
2026-02-28,EC,19:47:00,Saturday,FAIRBANK STATION,SXUEG,0,0
2026-02-28,EC,19:48:00,Saturday,CALEDONIA STATION,SXUEG,0,0
2026-02-28,FW,21:28:00,Saturday,FINCH WEST FWLRT STATI,EXBK,0,0
2026-02-28,EC,21:58:00,Saturday,AVENUE STATION,MXIS,20,35
2026-02-28,EC,22:04:00,Saturday,LAIRD STATION,SXUEG,0,0
2026-02-28,EC,22:31:00,Saturday,MOUNT PLEASANT STATION,SXUEG,0,0
2026-02-28,EC,23:24:00,Saturday,CEDARVALE STATION,MXPAA,0,0
2026-03-01,EC,07:54:00,Saturday,FAIRBANK STATION,PXW,8,0
2026-03-01,EC,08:49:00,Saturday,OAKWOOD STATION,MXIR,0,0
2026-03-01,FW,08:59:00,Saturday,SENTINEL STOP,EXO,0,0
2026-03-01,EC,12:12:00,Saturday,BIRCHMOUNT STOP,EXATC,8,16
2026-03-01,FW,12:15:00,Saturday,FINCH WEST FWLRT STATI,EXBK,10,20
2026-03-01,FW,12:32:00,Saturday,FINCH WEST FWLRT STATI,EXBK,10,20
2026-03-01,EC,17:09:00,Saturday,OAKWOOD STATION,MXO,17,25
2026-03-01,EC,17:36:00,Saturday,CEDARVALE STATION,TXO,10,18
2026-03-01,EC,19:11:00,Saturday,CALEDONIA STATION,SXUEG,3,18
2026-03-01,EC,19:33:00,Saturday,CEDARVALE STATION,SXUEG,3,18
2026-03-01,EC,19:40:00,Saturday,MOUNT PLEASANT STATION,SXUEG,0,0
2026-03-01,EC,21:02:00,Saturday,MOUNT DENNIS STATION,TXML,8,16
2026-03-01,EC,21:49:00,Saturday,MOUNT DENNIS STATION,TXML,8,16
2026-03-01,EC,21:50:00,Saturday,CEDARVALE STATION,MXIS,0,0
2026-03-01,EC,22:59:00,Saturday,MOUNT PLEASANT STATION,SXUEG,0,0
2026-03-01,EC,23:02:00,Saturday,KENNEDY ECLRT STATION,EXBK,33,42
2026-03-02,FW,05:08:00,Monday,HUMBER COLLEGE STOP,PXSW,84,92
2026-03-02,EC,06:06:00,Monday,SLOANE STOP,PXSAC,0,0
2026-03-02,EC,08:03:00,Monday,EGLINTON ECLRT STATION,SXDP,0,0
2026-03-02,EC,08:08:00,Monday,LEASIDE STATION,MXPAA,3,7
2026-03-02,EC,08:15:00,Monday,MOUNT DENNIS STATION,EXBK,4,8
2026-03-02,EC,08:46:00,Monday,MOUNT DENNIS STATION,EXDO,4,8
2026-03-02,FW,10:43:00,Monday,HUMBER COLLEGE STOP,PXSW,5,15
2026-03-02,EC,10:45:00,Monday,EMSF,TXO,0,0
2026-03-02,EC,11:56:00,Monday,LEASIDE STATION,EXGA,8,15
2026-03-02,EC,12:54:00,Monday,MOUNT PLEASANT STATION,MXPAA,3,10
2026-03-02,EC,13:00:00,Monday,MOUNT PLEASANT STATION,MXIS,0,0
2026-03-02,FW,13:54:00,Monday,JANE FWLRT STOP APPROA,TXPD,36,45
2026-03-02,FW,14:55:00,Monday,TOBERMORY STOP,TXOVS,0,0
2026-03-02,EC,15:45:00,Monday,IONVIEW STOP,EXO,6,12
2026-03-02,EC,16:26:00,Monday,KEELESDALE STATION,SXUEG,0,0
2026-03-02,FW,17:09:00,Monday,TOBERMORY STOP,TXOVS,0,0
2026-03-02,EC,17:18:00,Monday,O'CONNOR STOP,MXPAA,0,0
2026-03-02,EC,17:40:00,Monday,PHARMACY STOP,MXIR,4,10
2026-03-02,EC,17:48:00,Monday,SLOANE STOP,EXO,6,12
2026-03-02,FW,19:07:00,Monday,FWLRT HANDOVER,PXSTP,0,0
2026-03-02,EC,20:14:00,Monday,LAIRD STATION,MXTO,3,9
2026-03-02,EC,21:00:00,Monday,MOUNT DENNIS STATION,TXML,6,12
2026-03-02,EC,21:33:00,Monday,MOUNT DENNIS STATION,MXO,6,12
2026-03-02,FW,21:45:00,Monday,WESTMORE STOP,SXUEG,0,0
2026-03-02,EC,21:51:00,Monday,MOUNT DENNIS STATION,TXML,6,12
2026-03-03,FW,05:08:00,Tuesday,FINCH WEST-SENTINEL,PXWZ,218,223
2026-03-03,FW,06:23:00,Tuesday,HUMBER COLLEGE STOP,PXSW,7,17
2026-03-03,EC,06:55:00,Tuesday,KENNEDY ECLRT STATION,EXO,0,0
2026-03-03,EC,07:46:00,Tuesday,O'CONNOR STOP,EXAC,4,4
2026-03-03,FW,08:00:00,Tuesday,HUMBER COLLEGE STOP,EXGA,0,0
2026-03-03,FW,08:11:00,Tuesday,NORFINCH OAKDALE STOP,PXWZ,5,10
2026-03-03,FW,08:13:00,Tuesday,JANE FWLRT STOP,PXWZ,5,10
2026-03-03,FW,08:14:00,Tuesday,JANE FWLRT STOP,PXWZ,5,10
2026-03-03,EC,10:36:00,Tuesday,MOUNT DENNIS STATION,TXCC,4,8
2026-03-03,FW,11:00:00,Tuesday,HUMBER COLLEGE STOP,PXSCA,5,15
2026-03-03,FW,14:45:00,Tuesday,JANE FWLRT STOP,MXIS,0,0
2026-03-03,EC,15:25:00,Tuesday,CEDARVALE STATION,MXPAA,4,11
2026-03-03,EC,15:31:00,Tuesday,CHAPLIN STATION,SXUEG,3,10
2026-03-03,EC,15:47:00,Tuesday,DON VALLEY STATION,SXDP,0,0
2026-03-03,EC,16:39:00,Tuesday,KENNEDY ECLRT STATION,SXUEG,4,11
2026-03-03,FW,18:27:00,Tuesday,JANE AND FINCH,EXBK,11,18
2026-03-03,EC,19:06:00,Tuesday,AVENUE STATION,MXPAA,3,10
2026-03-03,EC,20:10:00,Tuesday,MOUNT DENNIS STATION,EXBK,3,10
2026-03-03,EC,20:16:00,Tuesday,CALEDONIA STATION,SXUEG,3,10
2026-03-03,EC,20:23:00,Tuesday,EGLINTON ECLRT STATION,SXUEG,4,11
2026-03-03,EC,21:13:00,Tuesday,KEELESDALE STATION,TXML,6,12
2026-03-03,EC,21:20:00,Tuesday,MOUNT DENNIS STATION,MXIS,0,0
2026-03-03,EC,21:41:00,Tuesday,MOUNT PLEASANT STATION,TXML,6,12
2026-03-03,EC,21:47:00,Tuesday,MOUNT DENNIS STATION,TXML,6,12
2026-03-03,EC,22:24:00,Tuesday,DON VALLEY STATION,MXIR,6,12
2026-03-04,EC,07:07:00,Wednesday,MOUNT DENNIS STATION-,EXDO,4,8
2026-03-04,EC,09:23:00,Wednesday,FOREST HILL STATION,MXPAA,0,0
2026-03-04,EC,09:54:00,Wednesday,EGLINTON ECLRT STATION,MXIS,0,0
2026-03-04,EC,09:55:00,Wednesday,HAKIMI LEBOVIC STOP,EXTM,4,8
2026-03-04,EC,13:16:00,Wednesday,CHAPLIN STATION,PXMST,0,0
2026-03-04,FW,13:29:00,Wednesday,DRIFTWOOD STOP,MXIR,3,12
2026-03-04,EC,13:56:00,Wednesday,EGLINTON ECLRT STATION,PXMEL,0,0
2026-03-04,FW,14:02:00,Wednesday,STEVENSON STOP,TXOVS,0,0
2026-03-04,EC,15:29:00,Wednesday,FAIRBANK STATION,MXPAA,0,0
2026-03-04,FW,17:08:00,Wednesday,FINCH WEST TO HUMBER C,MXUS,5,11
2026-03-04,EC,17:46:00,Wednesday,KEELESDALE STATION,MXPAA,0,0
2026-03-04,EC,19:02:00,Wednesday,LAIRD STATION,PXW,5,13
2026-03-04,EC,20:34:00,Wednesday,O'CONNOR STOP,MXPAA,0,0
2026-03-04,EC,21:07:00,Wednesday,MOUNT DENNIS STATION,TXML,6,12
2026-03-04,EC,21:12:00,Wednesday,MOUNT DENNIS STATION,TXML,6,12
2026-03-04,EC,21:15:00,Wednesday,MOUNT DENNIS STATION,TXML,6,12
2026-03-04,EC,22:01:00,Wednesday,EGLINTON ECLRT STATION,MXPAA,0,0
2026-03-04,EC,23:07:00,Wednesday,CALEDONIA STATION,SXUEG,0,0
2026-03-04,EC,23:11:00,Wednesday,CEDARVALE STATION,SXUEG,0,0
2026-03-05,EC,06:48:00,Thursday,KENNEDY ECLRT STATION,EXCE,7,19
2026-03-05,EC,06:53:00,Thursday,MOUNT DENNIS STATION,EXBK,4,8
2026-03-05,FW,07:15:00,Thursday,NORFINCH OAKDALE STOP,EXBK,5,10
2026-03-05,EC,07:45:00,Thursday,MOUNT PLEASANT STATION,MXPAA,0,0
2026-03-05,EC,09:36:00,Thursday,LAIRD STATION,MXPAA,0,0
2026-03-05,FW,11:54:00,Thursday,HUMBER COLLEGE STOP,MXIRS,0,0
2026-03-05,EC,12:52:00,Thursday,EGLINTON ECLRT STATION,MXPAA,3,11
2026-03-05,EC,13:47:00,Thursday,AVENUE STATION,SXUEG,7,15
2026-03-05,EC,14:14:00,Thursday,WYNFORD STOP,MXPAA,3,10
2026-03-05,EC,14:23:00,Thursday,FOREST HILL STATION,SXUEG,4,12
2026-03-05,EC,15:32:00,Thursday,CHAPLIN STATION,SXUEG,4,11
2026-03-05,EC,16:19:00,Thursday,AVENUE STATION,SXUEG,6,13
2026-03-05,EC,16:24:00,Thursday,DON VALLEY STATION,MXPAA,3,10
2026-03-05,EC,16:33:00,Thursday,CALEDONIA STATION,EXO,11,25
2026-03-05,EC,16:41:00,Thursday,LAIRD STATION,MXFS,241,247
2026-03-05,EC,17:25:00,Thursday,KENNEDY ECLRT STATION,SXO,0,0
2026-03-05,EC,17:30:00,Thursday,CHAPLIN STATION,SXAE,0,0
2026-03-05,EC,17:42:00,Thursday,FAIRBANK STATION,MXPAA,0,0
2026-03-05,EC,18:22:00,Thursday,MOUNT DENNIS STATION,MXIS,0,0
2026-03-05,EC,21:44:00,Thursday,MOUNT DENNIS STATION,TXML,6,12
2026-03-05,EC,23:11:00,Thursday,MOUNT DENNIS STATION,TXML,6,12
2026-03-05,EC,23:13:00,Thursday,MOUNT DENNIS STATION,TXML,6,12
2026-03-06,EC,05:34:00,Friday,MOUNT DENNIS STATION,EXATC,5,9
2026-03-06,EC,05:56:00,Friday,EGLINTON ECLRT STATION,EXBK,15,0
2026-03-06,EC,07:59:00,Friday,KEELESDALE STATION,MXPAA,0,0
2026-03-06,FW,08:25:00,Friday,ROWNTREE MILLS STOP,EXBK,4,11
2026-03-06,FW,09:31:00,Friday,DUNCANWOODS STOP,EXBK,57,0
2026-03-06,FW,09:45:00,Friday,LINE 6 MSF YARD,PXSTP,0,0
2026-03-06,EC,10:13:00,Friday,O'CONNOR STOP,TXPD,119,127
2026-03-06,EC,12:32:00,Friday,EGLINTON ECLRT STATION,EXGA,0,0
2026-03-06,EC,13:31:00,Friday,MOUNT PLEASANT STATION,MXIR,21,29
2026-03-06,EC,14:45:00,Friday,MOUNT PLEASANT STATION,MXPAA,0,0
2026-03-06,EC,15:21:00,Friday,MOUNT DENNIS STATION,TXNIP,4,9
2026-03-06,FW,15:24:00,Friday,FINCH WEST FWLRT STATI,EXADD,6,12
2026-03-06,EC,15:38:00,Friday,LEASIDE STATION,EXGA,5,12
2026-03-06,EC,18:06:00,Friday,FOREST HILL STATION,MXPAA,3,8
2026-03-06,EC,20:06:00,Friday,KEELESDALE STATION,EXGA,3,11
2026-03-07,EC,07:10:00,Saturday,MOUNT PLEASANT STATION,MXPAA,3,14
2026-03-07,EC,07:26:00,Saturday,MOUNT DENNIS STATION,EXBK,0,0
2026-03-07,FW,07:58:00,Saturday,HUMBER COLLEGE STOP* G,EXGA,4,16
2026-03-07,EC,08:26:00,Saturday,EGLINTON ECLRT STATION,SXO,0,0
2026-03-07,FW,09:54:00,Saturday,JANE FWLRT STOP,EXCE,10,20
2026-03-07,EC,10:56:00,Saturday,EGLINTON ECLRT STATION,MXIRS,0,0
2026-03-07,FW,11:44:00,Saturday,MILVAN RUMIKE STOP,MXUS,10,20
2026-03-07,EC,12:58:00,Saturday,IONVIEW STOP,EXO,6,12
2026-03-07,EC,13:51:00,Saturday,EGLINTON ECLRT STATION,MXIRS,0,0
2026-03-07,FW,14:07:00,Saturday,MARTIN GROVE STOP,EXO,0,0
2026-03-07,EC,14:50:00,Saturday,LAIRD STATION,MXIE,0,0
2026-03-07,FW,14:55:00,Saturday,FINCH WEST FWLRT STATI,MXIRS,0,0
2026-03-07,EC,15:26:00,Saturday,FAIRBANK STATION,MXIE,0,0
2026-03-07,EC,15:56:00,Saturday,FOREST HILL STATION,PXMEL,0,0
2026-03-07,EC,15:58:00,Saturday,MOUNT DENNIS STATION,EXO,6,12
2026-03-07,EC,16:23:00,Saturday,MOUNT DENNIS STATION,MXO,6,12
2026-03-07,FW,16:56:00,Saturday,FINCH WEST FWLRT STATI,EXGA,0,0
2026-03-07,EC,16:59:00,Saturday,MOUNT DENNIS STATION,EXGA,0,0
2026-03-07,EC,17:25:00,Saturday,LAIRD STATION,EXGA,6,12
2026-03-07,EC,17:27:00,Saturday,CEDARVALE STATION,MXPAA,3,9
2026-03-07,EC,17:36:00,Saturday,LAIRD STATION,MXIRS,0,0
2026-03-07,EC,17:39:00,Saturday,O'CONNOR STOP,MXPAA,0,0
2026-03-07,EC,18:02:00,Saturday,CHAPLIN STATION,EXATC,6,12
2026-03-07,EC,18:57:00,Saturday,EGLINTON ECLRT STATION,MXPAA,3,9
2026-03-07,EC,19:20:00,Saturday,CEDARVALE STATION,SXO,22,29
2026-03-07,EC,19:54:00,Saturday,HANDOVER,TXO,0,0
2026-03-07,EC,20:09:00,Saturday,CEDARVALE STATION,MXIE,0,0
2026-03-07,EC,20:48:00,Saturday,BIRCHMOUNT STOP,SXPOL,6,12
2026-03-07,EC,21:04:00,Saturday,MOUNT PLEASANT STATION,EXGA,0,0
2026-03-07,EC,21:10:00,Saturday,KENNEDY ECLRT STATION,SXUEG,0,0
2026-03-07,EC,21:18:00,Saturday,MOUNT DENNIS STATION,TXML,15,30
2026-03-07,EC,21:34:00,Saturday,MOUNT DENNIS STATION,TXML,15,23
2026-03-07,EC,22:16:00,Saturday,HAKIMI LEBOVIC STOP,PXSW,45,51
2026-03-07,EC,22:17:00,Saturday,FOREST HILL STATION,SXUEG,0,0
2026-03-07,EC,22:31:00,Saturday,FOREST HILL STATION,SXUEG,5,11
2026-03-07,EC,22:43:00,Saturday,CEDARVALE STATION,SXUEG,0,0
2026-03-08,EC,08:05:00,Saturday,CEDARVALE STATION,SXO,0,0
2026-03-08,FW,09:44:00,Saturday,FINCH WEST FWLRT STATI,EXGA,0,0
2026-03-08,EC,10:06:00,Saturday,FOREST HILL STATION,MXO,5,13
2026-03-08,FW,10:59:00,Saturday,TOBERMORY STOP,EXBK,42,52
2026-03-08,FW,12:00:00,Saturday,YORK GATE,TXNIP,10,20
2026-03-08,EC,13:01:00,Saturday,KENNEDY ECLRT STATION,MXTO,5,12
2026-03-08,EC,13:19:00,Saturday,CALEDONIA STATION,MXPAA,0,0
2026-03-08,EC,16:32:00,Saturday,AVENUE STATION,SXUEG,3,10
2026-03-08,EC,16:54:00,Saturday,SUNNYBROOK PARK STOP,MXPAA,3,10
2026-03-08,FW,17:24:00,Saturday,FINCH WEST FWLRT STATI,EXAC,3,13
2026-03-08,EC,17:38:00,Saturday,CALEDONIA STATION,SXUEG,3,10
2026-03-08,EC,18:12:00,Saturday,FOREST HILL STATION,SXUEG,0,0
2026-03-08,EC,21:08:00,Saturday,MOUNT DENNIS STATION,TXML,16,32
2026-03-08,EC,21:41:00,Saturday,MOUNT DENNIS STATION,TXML,16,32
2026-03-08,EC,22:00:00,Saturday,MOUNT DENNIS STATION,TXML,16,32
2026-03-09,FW,05:46:00,Monday,FINCH WEST FWLRT STATI,EXBK,8,0
2026-03-09,FW,06:00:00,Monday,HUMBER COLLEGE STOP,TXNCA,0,0
2026-03-09,FW,07:47:00,Monday,JANE FWLRT STOP,EXCE,5,10
2026-03-09,EC,07:54:00,Monday,FAIRBANK STATION,MXPAA,4,8
2026-03-09,EC,08:19:00,Monday,KENNEDY ECLRT STATION,MXIS,0,0
2026-03-09,EC,09:28:00,Monday,LAIRD STATION,TXO,5,10
2026-03-09,FW,09:44:00,Monday,YORKGATE BLVD,PXTDN,5,10
2026-03-09,EC,10:21:00,Monday,KENNEDY ECLRT STATION,EXBK,7,14
2026-03-09,FW,11:20:00,Monday,FINCH WEST FWLRT STATI,TXO,8,16
2026-03-09,EC,11:28:00,Monday,MOUNT DENNIS STATION,EXGF,8,15
2026-03-09,EC,11:48:00,Monday,LEASIDE STATION,MXPAA,0,0
2026-03-09,EC,12:03:00,Monday,LEASIDE STATION,MXIR,5,12
2026-03-09,EC,12:10:00,Monday,AVENUE STATION,SXUEG,0,0
2026-03-09,FW,12:45:00,Monday,FINCH WEST FWLRT STATI,MXIRS,9,18
2026-03-09,FW,15:01:00,Monday,WESTMORE STOP (ENTERIN,TXOVS,0,0
2026-03-09,EC,15:28:00,Monday,FOREST HILL STATION,MXPAA,4,9
2026-03-09,EC,15:33:00,Monday,EGLINTON ECLRT STATION,SXUEG,0,0
2026-03-09,FW,15:52:00,Monday,FINCH WEST FWLRT STATI,EXBK,6,12
2026-03-09,EC,16:06:00,Monday,BIRCHMOUNT STOP,MXPAA,3,9
2026-03-09,EC,16:27:00,Monday,GOLDEN MILE STOP,MXPAA,3,8
2026-03-09,EC,16:35:00,Monday,DON VALLEY STATION,EXO,3,8
2026-03-09,FW,16:49:00,Monday,FINCH WEST FWLRT STATI,TXNIP,4,10
2026-03-09,FW,16:58:00,Monday,HUMBER COLLEGE STOP,EXBO,6,12
2026-03-09,EC,17:15:00,Monday,CEDARVALE STATION,TXCSA,0,0
2026-03-09,EC,17:27:00,Monday,MOUNT DENNIS STATION,EXO,0,0
2026-03-09,EC,18:14:00,Monday,HAKIMI LEBOVIC STOP,EXOSC,0,0
2026-03-09,EC,20:16:00,Monday,OAKWOOD STATION,SXUEG,4,12
2026-03-09,EC,20:52:00,Monday,MOUNT DENNIS STATION,TXML,6,12
2026-03-09,EC,21:45:00,Monday,MOUNT DENNIS STATION,TXML,8,16
2026-03-09,EC,22:11:00,Monday,MOUNT DENNIS STATION,TXML,8,16
2026-03-10,EC,06:57:00,Tuesday,KENNEDY ECLRT STATION,EXTM,9,18
2026-03-10,EC,07:18:00,Tuesday,GOLDEN MILE STOP,EXTM,9,18
2026-03-10,EC,09:41:00,Tuesday,LEASIDE STATION,MXPAA,0,0
2026-03-10,EC,09:54:00,Tuesday,IONVIEW STOP,MXPAA,0,0
2026-03-10,EC,12:26:00,Tuesday,EGLINTON ECLRT STATION,EXGA,0,0
2026-03-10,EC,12:58:00,Tuesday,CEDARVALE STATION,EXGA,6,14
2026-03-10,EC,13:16:00,Tuesday,CEDARVALE STATION,EXBK,8,16
2026-03-10,EC,13:18:00,Tuesday,DON VALLEY STATION,EXDO,3,11
2026-03-10,EC,14:03:00,Tuesday,SLOANE STOP,EXO,5,13
2026-03-10,EC,14:18:00,Tuesday,EGLINTON ECLRT STATION,SXUEG,3,11
2026-03-10,EC,14:38:00,Tuesday,DON VALLEY STATION,EXGA,7,14
2026-03-10,EC,14:54:00,Tuesday,MOUNT PLEASANT STATION,SXDP,3,11
2026-03-10,FW,15:07:00,Tuesday,DRIFTWOOD STOP,MXI,13,20
2026-03-10,EC,15:20:00,Tuesday,MOUNT DENNIS STATION,EXO,4,12
2026-03-10,EC,15:27:00,Tuesday,LEASIDE STATION,EXOSC,0,0
2026-03-10,FW,17:16:00,Tuesday,FINCH AND YORK GATE,PXSW,17,24
2026-03-10,EC,17:27:00,Tuesday,FOREST HILL STATION,SXUEG,3,8
2026-03-10,EC,21:20:00,Tuesday,MOUNT DENNIS STATION,TXML,6,12
2026-03-10,EC,21:26:00,Tuesday,DON VALLEY STATION,EXGA,3,6
2026-03-10,EC,22:02:00,Tuesday,O'CONNOR STOP,EXBK,5,12
2026-03-10,EC,22:22:00,Tuesday,FAIRBANK STATION,SXUEG,0,0
2026-03-10,EC,22:23:00,Tuesday,LAIRD STATION,MXIR,20,27
2026-03-11,FW,06:00:00,Wednesday,TOBERMORY STOP,EXCE,0,0
2026-03-11,FW,06:24:00,Wednesday,EMERY STOP,EXBK,10,20
2026-03-11,FW,07:10:00,Wednesday,EMERY STOP,EXDO,5,12
2026-03-11,EC,07:10:00,Wednesday,AGA KHAN PARK - MUSEUM,EXATC,3,15
2026-03-11,EC,07:23:00,Wednesday,MOUNT PLEASANT STATION,PXMEL,0,0
2026-03-11,FW,07:58:00,Wednesday,MILVAN RUMIKE STOP,EXDO,4,11
2026-03-11,FW,07:59:00,Wednesday,DUNCANWOODS STOP,EXDO,4,11
2026-03-11,FW,08:04:00,Wednesday,PEARLDALE STOP,EXDO,4,11
2026-03-11,EC,08:05:00,Wednesday,AGA KHAN PARK - MUSEUM,EXCE,4,7
2026-03-11,FW,08:06:00,Wednesday,HUMBER COLLEGE STOP,EXDO,4,11
2026-03-11,EC,08:45:00,Wednesday,FAIRBANK STATION,SXUEG,8,12
2026-03-11,FW,12:32:00,Wednesday,FINCH WEST TO HUMBER C,MXTD,12,21
2026-03-11,EC,13:20:00,Wednesday,SLOANE STOP (VICTIM AT,SXAP,0,0
2026-03-11,FW,13:46:00,Wednesday,SENTINEL STOP,EXBK,17,26
2026-03-11,EC,13:48:00,Wednesday,HAKIMI LEBOVIC STOP TO,MXO,0,0
2026-03-11,EC,14:30:00,Wednesday,CHAPLIN STATION,MXPAA,0,0
2026-03-11,EC,15:37:00,Wednesday,AVENUE STATION,MXPAA,0,0
2026-03-11,EC,15:42:00,Wednesday,FOREST HILL STATION,MXPAA,0,0
2026-03-11,EC,16:22:00,Wednesday,KEELESDALE STATION,TXOS,5,11
2026-03-11,FW,16:26:00,Wednesday,ROWNTREE MILLS STOP,EXTR,3,9
2026-03-11,FW,16:51:00,Wednesday,FINCH WEST FWLRT STATI,EXBK,8,14
2026-03-11,EC,19:00:00,Wednesday,KEELESDALE STATION,MXIR,18,25
2026-03-11,EC,19:50:00,Wednesday,FOREST HILL STATION,SXUEG,0,0
2026-03-11,EC,21:30:00,Wednesday,MOUNT DENNIS STATION,TXML,6,12
2026-03-11,EC,21:45:00,Wednesday,MOUNT DENNIS STATION,TXML,12,24
2026-03-11,EC,22:05:00,Wednesday,MOUNT DENNIS STATION,TXML,12,24
2026-03-12,EC,03:59:00,Thursday,HAND OVER,PXSW,0,0
2026-03-12,EC,07:21:00,Thursday,WYNFORD STOP,PXW,0,0
2026-03-12,FW,07:36:00,Thursday,FINCH WEST FWLRT STATI,EXCE,0,0
2026-03-12,EC,08:15:00,Thursday,FAIRBANK STATION,EXO,44,48
2026-03-12,FW,08:44:00,Thursday,FINCH WEST FWLRT STATI,EXBK,4,14
2026-03-12,EC,09:21:00,Thursday,WYNFORD STOP,EXO,5,9
2026-03-12,EC,10:17:00,Thursday,WYNFORD STOP,PXWZ,21,25
2026-03-12,EC,12:35:00,Thursday,EGLINTON ECLRT STATION,SXUEG,3,10
2026-03-12,FW,14:00:00,Thursday,HUMBER COLLEGE STOP,TXO,4,14
2026-03-12,EC,15:22:00,Thursday,O'CONNOR STOP,TXO,5,13
2026-03-12,EC,15:57:00,Thursday,GOLDEN MILE STOP,MXPAA,4,9
2026-03-12,EC,18:31:00,Thursday,WYNFORD STOP,TXO,15,19
2026-03-12,EC,19:33:00,Thursday,DON VALLEY STATION,SXG,0,0
2026-03-12,FW,19:56:00,Thursday,DRIFTWOOD STOP,TXO,6,16
2026-03-12,EC,21:41:00,Thursday,KENNEDY ECLRT STATION,EXGA,6,12
2026-03-12,EC,21:55:00,Thursday,MOUNT DENNIS STATION,TXML,12,24
2026-03-12,EC,22:15:00,Thursday,MOUNT DENNIS STATION,TXML,12,24
2026-03-12,EC,22:30:00,Thursday,MOUNT DENNIS STATION,EXBK,0,0
2026-03-12,EC,22:37:00,Thursday,MOUNT DENNIS STATION,MXI,0,0
2026-03-13,EC,05:36:00,Friday,DON VALLEY STATION,SXG,0,0
2026-03-13,EC,06:08:00,Friday,LAIRD STATION,MXPAA,3,0
2026-03-13,EC,06:15:00,Friday,WYNFORD STOP,PXSAC,0,0
2026-03-13,EC,10:29:00,Friday,KEELESDALE STATION,MXO,0,0
2026-03-13,EC,11:13:00,Friday,MOUNT DENNIS STATION,PXWZ,0,0
2026-03-13,EC,12:21:00,Friday,MOUNT PLEASANT,SXUEG,4,12
2026-03-13,EC,12:34:00,Friday,MOUNT PLEASANT,SXUEG,5,13
2026-03-13,FW,12:55:00,Friday,HUMBER COLLEGE STOP,PXSIS,3,12
2026-03-13,EC,13:02:00,Friday,KENNEDY ECLRT STATION,EXCE,7,14
2026-03-13,FW,13:17:00,Friday,HUMBER COLLEGE STOP,PXSIS,6,12
2026-03-13,EC,14:03:00,Friday,IONVIEW STOP,EXATC,5,12
2026-03-13,FW,14:29:00,Friday,MARTIN GROVE STOP,MXSAN,9,18
2026-03-13,EC,15:23:00,Friday,MOUNT PLEASANT STATION,SXUEG,0,0
2026-03-13,EC,15:35:00,Friday,CEDARVALE STATION,SXUEG,0,0
2026-03-13,EC,15:54:00,Friday,EGLINTON ECLRT STATION,MXPAA,0,0
2026-03-13,EC,16:08:00,Friday,DON VALLEY STATION,SXUEG,10,14
2026-03-13,EC,16:25:00,Friday,DON VALLEY STATION,EXGA,4,8
2026-03-13,FW,16:30:00,Friday,SENTINEL STOP,TXOVS,0,0
2026-03-13,EC,16:46:00,Friday,LEASIDE STATION,EXGA,0,0
2026-03-13,FW,16:46:00,Friday,HUMBER COLLEGE STOP,TXNCA,0,0
2026-03-13,EC,16:50:00,Friday,KENNEDY ECLRT STATION,MXIS,0,0
2026-03-13,EC,17:20:00,Friday,BIRCHMOUNT STOP,MXPAA,0,0
2026-03-13,EC,17:46:00,Friday,EGLINTON ECLRT STATION,SXO,4,8
2026-03-13,FW,18:17:00,Friday,JANE FWLRT STOP,EXBK,20,26
2026-03-13,FW,19:13:00,Friday,SENTINEL STOP,EXDO,10,17
2026-03-13,FW,19:31:00,Friday,DRIFTWOOD STOP,EXDO,7,14
2026-03-13,EC,20:15:00,Friday,WYNFORD STOP,EXATC,4,8
2026-03-13,FW,21:12:00,Friday,DRIFTWOOD STOP,MXPAA,0,0
2026-03-13,EC,21:20:00,Friday,MOUNT DENNIS STATION,TXML,6,12
2026-03-13,EC,21:25:00,Friday,WYNFORD STOP,MXI,15,0
2026-03-13,EC,21:47:00,Friday,AGA KHAN PARK - MUSEUM,TXO,83,89
2026-03-13,EC,21:55:00,Friday,MOUNT DENNIS STATION,TXML,12,24
2026-03-13,EC,22:20:00,Friday,MOUNT DENNIS STATION,TXML,12,24
2026-03-13,EC,22:35:00,Friday,KENNEDY ECLRT STATION,EXO,6,12
2026-03-13,EC,23:02:00,Friday,OAKWOOD STATION,MXO,25,0
2026-03-14,EC,05:59:00,Saturday,KENNEDY ECLRT STATION,EXADD,32,52
2026-03-14,EC,06:19:00,Saturday,KENNEDY ECLRT STATION,MXO,20,35
2026-03-14,FW,07:54:00,Saturday,MARTIN GROVE STOP,EXO,0,0
2026-03-14,FW,08:36:00,Saturday,ROWNTREE MILLS STOP,EXAC,0,0
2026-03-14,EC,09:30:00,Saturday,O'CONNOR STOP,MXSAN,4,12
2026-03-14,EC,11:14:00,Saturday,IONVIEW STOP,MXPAA,3,8
2026-03-14,EC,11:23:00,Saturday,BIRCHMOUNT STOP,MXO,4,12
2026-03-14,EC,11:43:00,Saturday,PHARMACY STOP,EXBK,0,0
2026-03-14,EC,14:09:00,Saturday,MOUNT PLEASANT STATION,MXPAA,3,10
2026-03-14,EC,15:00:00,Saturday,SUNNYBROOK PARK STOP,MXPAA,3,10
2026-03-14,EC,15:34:00,Saturday,CEDARVALE STATION,SXUEG,0,0
2026-03-14,EC,16:27:00,Saturday,EGLINTON ECLRT STATION,SXUEG,0,0
2026-03-14,EC,16:36:00,Saturday,AGA KHAN PARK - MUSEUM,MXAFR,10,17
2026-03-14,EC,16:41:00,Saturday,LAIRD STATION,SXUEG,0,0
2026-03-14,EC,16:50:00,Saturday,CEDARVALE STATION,SXUEG,0,0
2026-03-14,FW,18:00:00,Saturday,HUMBER COLLEGE STOP,MXSAN,10,20
2026-03-14,EC,18:17:00,Saturday,KENNEDY ECLRT STATION,TXOI,0,0
2026-03-14,FW,18:20:00,Saturday,STEVENSON STOP,EXCE,0,0
2026-03-14,EC,18:36:00,Saturday,CALEDONIA STATION,SXUEG,0,0
2026-03-14,EC,20:34:00,Saturday,LAIRD STATION,SXUEG,0,0
2026-03-14,EC,21:27:00,Saturday,CEDARVALE STATION,SXO,0,0
2026-03-14,FW,22:03:00,Saturday,FINCH WEST FWLRT STATI,MXIS,0,0
2026-03-14,EC,22:25:00,Saturday,MOUNT DENNIS STATION (,EXBK,0,0
2026-03-14,EC,22:45:00,Saturday,LAIRD STATION,SXUEG,0,0
2026-03-15,EC,07:25:00,Saturday,KEELESDALE STATION,SXUEG,0,0
2026-03-15,EC,11:05:00,Saturday,KENNEDY ECLRT STATION,SXUEG,0,0
2026-03-15,EC,13:02:00,Saturday,LEASIDE STATION,MXPAA,3,10
2026-03-15,EC,17:21:00,Saturday,MOUNT DENNIS STATION,EXBK,7,14
2026-03-15,EC,18:35:00,Saturday,EGLINTON ECLRT STATION,SXUEG,0,0
2026-03-15,EC,19:31:00,Saturday,MOUNT PLEASANT STATION,SXUEG,10,18
2026-03-15,EC,20:26:00,Saturday,CEDARVALE STATION,SXUEG,10,18
2026-03-15,EC,21:57:00,Saturday,EGLINTON ECLRT STATION,SXUEG,0,0
2026-03-15,EC,22:14:00,Saturday,LEASIDE STATION,MXIR,14,22
2026-03-15,EC,22:33:00,Saturday,EGLINTON ECLRT STATION,SXUEG,0,0
2026-03-15,FW,23:12:00,Saturday,SIGNET ARROW STOP,PXSW,40,52
2026-03-16,EC,06:26:00,Monday,MOUNT DENNIS STATION,EXGA,5,10
2026-03-16,EC,07:36:00,Monday,KENNEDY STATION,EXCE,4,8
2026-03-16,EC,09:36:00,Monday,DON VALLEY STATION,EXBK,40,44
2026-03-16,EC,12:40:00,Monday,FAIRBANK STATION,EXO,7,14
2026-03-16,FW,15:12:00,Monday,MILVAN RUMIKE STOP (AP,TXOVS,0,0
2026-03-16,FW,15:31:00,Monday,HUMBER COLLEGE STOP,TXOVS,0,0
2026-03-16,FW,15:45:00,Monday,JANE FWLRT STOP,TXO,0,0
2026-03-16,EC,16:01:00,Monday,EGLINTON ECLRT STATION,SXUEG,4,9
2026-03-16,EC,16:04:00,Monday,SUNNYBROOK PARK STOP,EXO,5,10
2026-03-16,EC,16:07:00,Monday,AVENUE STATION,EXO,5,10
2026-03-16,FW,16:12:00,Monday,SCADA,PXSCA,0,0
2026-03-16,EC,17:15:00,Monday,FAIRBANK STATION,SXUEG,0,0
2026-03-16,EC,18:46:00,Monday,BIRCHMOUNT STOP,MXPAA,4,9
2026-03-16,FW,18:48:00,Monday,FINCH WEST FWLRT STATI,EXGA,0,0
2026-03-16,EC,21:34:00,Monday,MOUNT DENNIS STATION,EXO,7,14
2026-03-16,EC,21:41:00,Monday,MOUNT DENNIS STATION,EXO,7,14
2026-03-16,EC,21:43:00,Monday,MOUNT DENNIS STATION,EXO,7,14
2026-03-16,FW,23:59:00,Monday,TOBERMORY STOP,MXD,0,0
2026-03-17,FW,05:17:00,Tuesday,HUMBER COLLEGE STOP,EXHV,14,28
2026-03-17,EC,06:00:00,Tuesday,TORONTO TRANSIT COMMIS,MXO,0,0
2026-03-17,FW,06:00:00,Tuesday,TORONTO TRANSIT COMMIS,MXO,0,0
2026-03-17,EC,07:46:00,Tuesday,MOUNT DENNIS STATION,SXDP,0,0
2026-03-17,FW,08:23:00,Tuesday,HUMBER COLLEGE STOP,EXBK,6,12
2026-03-17,EC,08:37:00,Tuesday,GOLDEN MILE STOP,MXAFR,53,57
2026-03-17,FW,11:10:00,Tuesday,HUMBER COLLEGE STOP,EXGA,0,0
2026-03-17,FW,12:04:00,Tuesday,MILVAN RUMIKE STOP,EXBK,0,0
2026-03-17,EC,12:10:00,Tuesday,KEELESDALE STATION,SXUEG,6,13
2026-03-17,FW,14:25:00,Tuesday,WESTMORE STOP TO MARTI,PXOV,30,40
2026-03-17,FW,15:21:00,Tuesday,FINCH WEST FWLRT STATI,MXI,10,17
2026-03-17,EC,16:19:00,Tuesday,DON VALLEY STATION,PXSCA,0,0
2026-03-17,EC,16:28:00,Tuesday,MOUNT DENNIS STATION,SXUEG,6,11
2026-03-17,EC,16:47:00,Tuesday,FOREST HILL STATION,TXO,6,11
2026-03-17,EC,17:05:00,Tuesday,CALEDONIA STATION,PXSCA,0,0
2026-03-17,FW,17:30:00,Tuesday,DRIFTWOOD STATION,SXAP,0,0
2026-03-17,EC,17:44:00,Tuesday,EGLINTON ECLRT STATION,SXO,0,0
2026-03-17,EC,18:53:00,Tuesday,CALEDONIA STATION,SXUEG,0,0
2026-03-17,FW,01:55:00,Tuesday,YORKGATE BLVD,TXOVS,0,0
2026-03-17,EC,20:51:00,Tuesday,EGLINTON ECLRT STATION,MXPAA,0,0
2026-03-17,FW,21:11:00,Tuesday,FINCH WEST FWLRT STATI,SXO,0,0
2026-03-18,EC,05:52:00,Wednesday,EGLINTON ECLRT STATION,TXO,6,0
2026-03-18,EC,06:45:00,Wednesday,MOUNT DENNIS HANDOVER,PXSW,4,8
2026-03-18,FW,08:16:00,Wednesday,JANE FWLRT STOP,EXO,6,12
2026-03-18,FW,12:09:00,Wednesday,ROWNTREE MILLS STOP,EXBK,0,0
2026-03-18,FW,14:30:00,Wednesday,HUMBER COLLEGE STOP,TXNIP,7,17
2026-03-18,FW,14:35:00,Wednesday,HUMBER COLLEGE STOP,TXOVS,3,10
2026-03-18,EC,16:10:00,Wednesday,O'CONNOR STOP,MXPAA,8,13
2026-03-18,FW,16:19:00,Wednesday,HUMBER COLLEGE STOP,TXO,5,9
2026-03-18,EC,16:44:00,Wednesday,MOUNT DENNIS STATION,EXO,5,10
2026-03-18,EC,16:47:00,Wednesday,CEDARVALE STATION,MXIRS,0,0
2026-03-18,EC,17:00:00,Wednesday,MOUNT PLEASANT STATION,PXEAS,5,10
2026-03-18,EC,17:18:00,Wednesday,LEASIDE STATION (APPRO,EXBK,6,11
2026-03-18,EC,17:19:00,Wednesday,SUNNYBROOK PARK STOP,MXPAA,0,0
2026-03-18,EC,17:38:00,Wednesday,MOUNT DENNIS STATION,EXTM,5,10
2026-03-18,EC,18:06:00,Wednesday,WYNFORD STOP,EXO,5,10
2026-03-18,EC,18:09:00,Wednesday,EGLINTON ECLRT STATION,MXO,0,0
2026-03-18,FW,18:12:00,Wednesday,ALBION STOP,EXBK,5,9
2026-03-18,EC,18:53:00,Wednesday,CEDARVALE STATION,SXUEG,4,9
2026-03-18,EC,18:57:00,Wednesday,EGLINTON ECLRT STATION,SXUEG,5,10
2026-03-18,EC,19:27:00,Wednesday,EGLINTON ECLRT STATION,TXTO,0,0
2026-03-18,EC,21:32:00,Wednesday,EGLINTON ECLRT STATION,MXPAA,0,0
2026-03-18,FW,21:49:00,Wednesday,SIGNET ARROW STOP,TXO,3,13
2026-03-18,EC,21:58:00,Wednesday,IONVIEW STOP,SXAP,0,0
2026-03-18,EC,23:55:00,Wednesday,CALEDONIA STATION,SXO,0,0
2026-03-19,FW,05:45:00,Thursday,JANE AND FINCH,EXBK,7,0
2026-03-19,EC,06:19:00,Thursday,KENNEDY ECLRT STATION,EXCE,0,0
2026-03-19,EC,06:30:00,Thursday,KENNEDY ECLRT STATION,EXCE,11,31
2026-03-19,EC,06:53:00,Thursday,FOREST HILL STATION,MXFS,8,15
2026-03-19,EC,08:38:00,Thursday,MOUNT DENNIS STATION,EXCE,4,8
2026-03-19,EC,10:05:00,Thursday,CALEDONIA STATION,MXIS,0,0
2026-03-19,EC,13:43:00,Thursday,MOUNT DENNIS STATION,EXO,8,16
2026-03-19,EC,14:58:00,Thursday,KENNEDY ECLRT STATION,EXO,8,16
2026-03-19,EC,15:36:00,Thursday,O'CONNOR STOP,MXPAA,8,16
2026-03-19,EC,16:29:00,Thursday,AVENUE STATION,MXIS,0,0
2026-03-19,EC,16:53:00,Thursday,CALEDONIA STATION,SXUEG,0,0
2026-03-19,EC,18:38:00,Thursday,SUNNYBROOK PARK STOP,MXPAA,0,0
2026-03-19,FW,19:44:00,Thursday,FINCH WEST FWLRT STATI,TXNOA,10,20
2026-03-19,EC,20:03:00,Thursday,MOUNT DENNIS STATION,MXIS,0,0
2026-03-19,EC,20:14:00,Thursday,EGLINTON ECLRT STATION,EXGA,4,12
2026-03-20,FW,05:07:00,Friday,JANE FWLRT STOP,TXNOA,7,14
2026-03-20,FW,05:09:00,Friday,NORFINCH OAKDALE STOP,TXNOA,7,14
2026-03-20,FW,07:47:00,Friday,JANE FWLRT STOP,EXBK,6,13
2026-03-20,EC,08:46:00,Friday,SLOANE STOP,EXATC,4,8
2026-03-20,EC,09:38:00,Friday,BIRCHMOUNT STOP,EXAC,0,0
2026-03-20,EC,09:41:00,Friday,LAIRD STATION,MXPAA,3,7
2026-03-20,FW,12:05:00,Friday,NORFINCH OAKDALE STOP,EXCE,9,19
2026-03-20,EC,13:19:00,Friday,SUNNYBROOK PARK STOP,EXCE,8,16
2026-03-20,FW,14:57:00,Friday,PEARLDALE STOP,MXPAA,0,0
2026-03-20,EC,15:12:00,Friday,CALEDONIA STATION,EXDO,0,0
2026-03-20,FW,16:16:00,Friday,DRIFTWOOD STOP,EXCE,0,0
2026-03-20,EC,16:16:00,Friday,O'CONNOR STOP,MXPAA,0,0
2026-03-20,EC,16:24:00,Friday,GOLDEN MILE STOP,SXEAS,0,0
2026-03-20,EC,16:30:00,Friday,MOUNT DENNIS STATION,EXCE,0,0
2026-03-20,FW,16:43:00,Friday,ROWNTREE MILLS STOP,EXAC,0,0
2026-03-20,EC,16:45:00,Friday,WYNFORD STOP,PXOV,406,412
2026-03-20,EC,18:25:00,Friday,HAKIMI LEBOVIC STOP,PXSW,300,306
2026-03-20,FW,22:52:00,Friday,HUMBER COLLEGE STOP,TXO,5,11
2026-03-21,EC,05:40:00,Saturday,KENNEDY ECLRT STATION,PXOV,84,0
2026-03-21,EC,06:00:00,Saturday,KENNEDY ECLRT STATION,PXOV,20,40
2026-03-21,EC,06:20:00,Saturday,KENNEDY ECLRT STATION,PXOV,20,40
2026-03-21,EC,06:34:00,Saturday,KENNEDY ECLRT STATION,PXOV,20,40
2026-03-21,FW,09:34:00,Saturday,ALBION STOP,EXBK,0,0
2026-03-21,EC,11:29:00,Saturday,KEELESDALE STATION,MXPAA,0,0
2026-03-21,EC,13:37:00,Saturday,CEDARVALE STATION,MXPAA,4,11
2026-03-21,FW,13:41:00,Saturday,FINCH WEST FWLRT STATI,MXPAA,0,0
2026-03-21,FW,13:59:00,Saturday,GUNN BUILDING (SCADA /,PXATC,14,24
2026-03-21,EC,14:54:00,Saturday,LEASIDE STATION,MXPAA,0,0
2026-03-21,EC,16:11:00,Saturday,FAIRBANK STATION,SXUEG,3,10
2026-03-21,EC,16:43:00,Saturday,CHAPLIN STATION,MXPAA,3,7
2026-03-21,EC,18:26:00,Saturday,CEDARVALE STATION,SXUEG,0,0
2026-03-21,FW,19:08:00,Saturday,JANE FWLRT STOP,MXIRS,30,40
2026-03-21,EC,20:27:00,Saturday,DON VALLEY STATION,SXUEG,5,17
2026-03-21,EC,20:57:00,Saturday,KENNEDY ECLRT STATION,SXUEG,0,0
2026-03-21,EC,21:07:00,Saturday,FAIRBANK STATION,SXUEG,0,0
2026-03-21,EC,21:40:00,Saturday,MOUNT DENNIS STATION,TXML,7,14
2026-03-21,EC,22:00:00,Saturday,MOUNT DENNIS STATION,TXML,7,14
2026-03-21,EC,22:15:00,Saturday,MOUNT DENNIS STATION,TXML,7,14
2026-03-21,EC,23:38:00,Saturday,EGLINTON ECLRT STATION,SXUEG,0,0
2026-03-22,EC,11:24:00,Saturday,MOUNT DENNIS STATION,EXATC,4,12
2026-03-22,EC,12:07:00,Saturday,KEELESDALE STATION,MXPAA,0,0
2026-03-22,FW,12:18:00,Saturday,FINCH WEST FWLRT STATI,PXATC,10,20
2026-03-22,EC,15:55:00,Saturday,CHAPLIN STATION,MXPAA,0,0
2026-03-22,EC,15:59:00,Saturday,FOREST HILL STATION,MXPAA,0,0
2026-03-22,EC,16:29:00,Saturday,CEDARVALE STATION,SXUEG,0,0
2026-03-22,EC,17:06:00,Saturday,AVENUE STATION,SXUEG,7,14
2026-03-22,EC,18:56:00,Saturday,KENNEDY ECLRT STATION,MXSAN,7,14
2026-03-22,EC,20:42:00,Saturday,DON VALLEY STATION,SXUEG,0,0
2026-03-22,FW,23:02:00,Saturday,FINCH WEST FWLRT STATI,PXATC,10,20
2026-03-23,EC,08:37:00,Monday,MOUNT DENNIS STATION,EXO,4,8
2026-03-23,EC,09:23:00,Monday,MOUNT DENNIS STATION,EXCE,4,8
2026-03-23,EC,12:57:00,Monday,AVENUE STATION,MXIR,12,20
2026-03-23,FW,13:16:00,Monday,EMERY STOP,MXPAA,3,12
2026-03-23,EC,13:49:00,Monday,MOUNT DENNIS STATION,PXMEL,0,0
2026-03-23,EC,14:15:00,Monday,AVENUE STATION,SXUEG,3,11
2026-03-23,EC,15:17:00,Monday,AVENUE STATION,MXPAA,0,0
2026-03-23,EC,15:20:00,Monday,CHAPLIN STATION,MXPAA,0,0
2026-03-23,FW,15:30:00,Monday,STEVENSON STOP,EXO,4,10
2026-03-23,FW,15:39:00,Monday,HUMBER COLLEGE STOP,EXO,6,12
2026-03-23,EC,15:45:00,Monday,FOREST HILL STATION,SXUEG,0,0
2026-03-23,EC,17:40:00,Monday,KEELESDALE STATION,EXO,1,10
2026-03-23,EC,19:27:00,Monday,SLOANE STOP (APPROACHI,PXW,0,0
2026-03-23,FW (OTC),20:11:00,Monday,MSF HAND OFF PLATFORM,EXBK,16,25
2026-03-23,EC,20:34:00,Monday,FAIRBANK STATION,SXUEG,0,0
2026-03-23,FW,20:54:00,Monday,FINCH AND YORK GATE,EXO,0,0
2026-03-23,FW (OTC),21:10:00,Monday,FINCH AND YORK GATE,PXSO,65,75
2026-03-23,EC,21:30:00,Monday,MT DENNIS STATION,EXO,7,14
2026-03-23,EC,21:45:00,Monday,MT DENNIS STATION,EXO,7,14
2026-03-23,EC,22:00:00,Monday,MT DENNIS STATION,EXO,7,14
2026-03-24,EC,05:45:00,Tuesday,BIRCHMOUNT STOP,MXGD,19,0
2026-03-24,FW,06:33:00,Tuesday,NORFINCH OAKDALE STOP,EXO,0,0
2026-03-24,EC,06:40:00,Tuesday,LAIRD CENTER TRACK,PXSW,53,0
2026-03-24,EC,06:54:00,Tuesday,LAIRD STATION,SXEAS,0,0
2026-03-24,FW,07:28:00,Tuesday,HUMBER COLLEGE STOP,MXO,0,0
2026-03-24,FW,07:45:00,Tuesday,DUNCANWOODS STOP,EXBK,35,42
2026-03-24,EC,08:20:00,Tuesday,KENNEDY ECLRT STATION,PXSW,88,95
2026-03-24,EC,11:26:00,Tuesday,FOREST HILL STATION,TXOI,0,0
2026-03-24,EC,12:12:00,Tuesday,FOREST HILL STATION,SXUEG,0,0
2026-03-24,FW,12:17:00,Tuesday,HUMBER COLLEGE STOP,MXI,7,14
2026-03-24,FW,13:45:00,Tuesday,NORFINCH OAKDALE STOP,EXCE,0,0
2026-03-24,EC,14:13:00,Tuesday,LEASIDE STATION,SXUEG,0,0
2026-03-24,EC,17:41:00,Tuesday,CEDARVALE STATION,EXGA,6,12
2026-03-24,EC,17:42:00,Tuesday,WYNFORD STOP,MXI,25,32
2026-03-24,EC,17:54:00,Tuesday,CEDARVALE STATION,MXIRS,0,0
2026-03-24,EC,18:10:00,Tuesday,DON VALLEY STATION,MXIS,5,12
2026-03-24,EC,19:00:00,Tuesday,KENNEDY ECLRT STATION,EXTM,6,16
2026-03-24,FW,20:40:00,Tuesday,EMERY STOP,TXOVS,0,0
2026-03-24,EC,21:14:00,Tuesday,CHAPLIN STATION,SXUEG,0,0
2026-03-24,EC,21:30:00,Tuesday,MOUNT DENNIS STATION,EXO,7,14
2026-03-24,EC,00:37:00,Tuesday,HUMBER COLLEGE STOP,EXCE,0,0
2026-03-24,EC,21:50:00,Tuesday,MOUNT DENNIS STATION,EXBO,7,14
2026-03-25,EC,04:58:00,Wednesday,LAIRD STATION TO SUNNY,PXW,0,0
2026-03-25,EC,06:59:00,Wednesday,OAKWOOD STATION,MXPAA,0,0
2026-03-25,EC,08:46:00,Wednesday,CEDARVALE STATION,MXO,0,0
2026-03-25,FW,08:49:00,Wednesday,ROWNTREE MILLS STOP,EXBK,5,12
2026-03-25,EC,10:39:00,Wednesday,AGA KHAN PARK - MUSEUM,MXTD,4,11
2026-03-25,EC,10:49:00,Wednesday,FAIRBANK STATION,MXIR,0,0
2026-03-25,EC,11:42:00,Wednesday,IONVIEW STOP,MXPAA,3,10
2026-03-25,EC,13:58:00,Wednesday,AGA KHAN PARK - MUSEUM,EXTM,7,14
2026-03-25,EC,13:58:00,Wednesday,AGA KHAN PARK - MUSEUM,MXPAA,0,0
2026-03-25,EC,14:55:00,Wednesday,KENNEDY ECLRT STATION,EXTM,8,16
2026-03-25,EC,16:54:00,Wednesday,DON VALLEY STATION,SXUEG,3,8
2026-03-25,FW,16:56:00,Wednesday,NORFINCH OAKDALE STOP,EXBK,0,0
2026-03-25,EC,17:12:00,Wednesday,MOUNT DENNIS STATION,SXUEG,3,8
2026-03-25,FW,17:14:00,Wednesday,MARTIN GROVE STOP,EXBK,0,0
2026-03-25,EC,17:57:00,Wednesday,PHARMACY STOP,MXPAA,3,8
2026-03-25,FW,18:30:00,Wednesday,DRIFTWOOD STOP,TXO,7,14
2026-03-25,EC,18:46:00,Wednesday,LINE 5,PXATC,0,0
2026-03-25,FW,19:02:00,Wednesday,HANDOVER PLATFORM (APP,EXBK,0,0
2026-03-25,FW,21:12:00,Wednesday,WESTMORE STOP,EXAC,0,0
2026-03-25,EC,21:38:00,Wednesday,MOUNT DENNIS STATION,EXBO,7,14
2026-03-25,EC,21:50:00,Wednesday,MOUNT DENNIS STATION,EXO,7,14
2026-03-25,FW,21:59:00,Wednesday,DRIFTWOOD STOP,MXTD,3,13
2026-03-25,EC,01:19:00,Wednesday,JANE FWLRT STOP,TXOVS,0,0
2026-03-25,EC,22:15:00,Wednesday,AVENUE STATION,SXUEG,0,0
2026-03-26,EC,06:14:00,Thursday,PHARMACY STOP,PXSAC,0,0
2026-03-26,EC,07:05:00,Thursday,SLOANE STOP,MXO,3,11
2026-03-26,EC,08:30:00,Thursday,KENNEDY ECLRT STATION,MXIRS,0,0
2026-03-26,EC,11:09:00,Thursday,HAKIMI LEBOVIC STOP,MXPAA,0,0
2026-03-26,EC,13:03:00,Thursday,AVENUE STATION,EXGA,5,13
2026-03-26,FW,13:08:00,Thursday,JANE FWLRT STOP,MXTD,10,20
2026-03-26,EC,14:56:00,Thursday,AVENUE STATION,EXGA,4,11
2026-03-26,EC,15:49:00,Thursday,FAIRBANK STATION,EXGA,3,7
2026-03-26,EC,16:09:00,Thursday,FAIRBANK STATION,MXPAA,3,7
2026-03-26,FW,17:26:00,Thursday,EMERY STOP,SXDP,5,12
2026-03-26,EC,18:03:00,Thursday,EGLINTON ECLRT STATION,SXUEG,9,13
2026-03-26,EC,20:51:00,Thursday,MOUNT PLEASANT STATION,SXUEG,7,14
2026-03-26,EC,21:30:00,Thursday,MOUNT DENNIS STATION,EXO,7,14
2026-03-26,EC,21:45:00,Thursday,MOUNT DENNIS STATION,EXO,7,14
2026-03-26,EC,22:00:00,Thursday,MOUNT DENNIS STATION,EXO,7,14
2026-03-26,EC,22:26:00,Thursday,MOUNT DENNIS STATION (,EXO,10,17
2026-03-26,EC,22:37:00,Thursday,MOUNT DENNIS STATION,EXBK,50,0
2026-03-27,EC,02:01:00,Friday,MOUNT DENNIS STATION,PXMEL,0,0
2026-03-27,FW,05:12:00,Friday,SENTINEL STOP,MXO,15,0
2026-03-27,EGLINTON/FINCH,06:00:00,Friday,TORONTO TRANSIT COMMIS,MXO,0,0
2026-03-27,FW,07:32:00,Friday,FINCH WEST FWLRT STATI,EXATC,7,14
2026-03-27,EC,09:36:00,Friday,LAIRD STATION,EXGA,0,0
2026-03-27,FW,15:10:00,Friday,WESTMORE STOP (APPROAC,TXOVS,0,0
2026-03-27,EC,15:28:00,Friday,MOUNT PLEASANT STATION,EXGA,4,8
2026-03-27,EC,15:32:00,Friday,OAKWOOD STATION,EXGA,0,0
2026-03-27,EC,15:41:00,Friday,CEDARVALE STATION,EXGA,4,8
2026-03-27,EC,15:52:00,Friday,FAIRBANK STATION,EXGA,4,8
2026-03-27,EC,15:55:00,Friday,FAIRBANK STATION,TXNCA,0,0
2026-03-27,FW,16:27:00,Friday,SENTINEL STOP,TXOVS,0,0
2026-03-27,FW,16:39:00,Friday,FINCH WEST FWLRT STATI,TXNIP,5,10
2026-03-27,EC,16:52:00,Friday,WYNFORD STOP,MXPAA,4,8
2026-03-27,EC,17:48:00,Friday,KENNEDY ECLRT STATION,EXBK,4,8
2026-03-27,EC,18:46:00,Friday,EGLINTON ECLRT STATION,SXO,8,12
2026-03-27,FW,21:13:00,Friday,MILVAN RUMIKE STOP,SXDP,14,24
2026-03-27,EC,00:04:00,Friday,HYW 400 E,TXOVS,0,0
2026-03-27,FW,21:39:00,Friday,EMERY STOP,TXO,44,54
2026-03-28,EC,12:38:00,Saturday,FOREST HILL STATION,SXUEG,3,11
2026-03-28,EC,13:14:00,Saturday,WYNFORD STOP,PXSAC,0,0
2026-03-28,EC,13:17:00,Saturday,O'CONNOR STOP,PXSAC,0,0
2026-03-28,EC,14:34:00,Saturday,PHARMACY STOP,PXSAC,8,16
2026-03-28,EC,14:49:00,Saturday,EGLINTON ECLRT STATION,MXPAA,0,0
2026-03-28,EC,16:21:00,Saturday,IONVIEW STOP,MXPAA,0,0
2026-03-28,EC,17:15:00,Saturday,FAIRBANK STATION,EXBK,8,16
2026-03-28,EC,17:43:00,Saturday,DON VALLEY STATION,MXPAA,4,11
2026-03-28,EC,18:10:00,Saturday,HAKIMI LEBOVIC STOP,PXSW,14,21
2026-03-28,EC,18:47:00,Saturday,KEELESDALE STATION,EXGA,0,0
2026-03-28,EC,18:48:00,Saturday,EGLINTON ECLRT STATION,MXPAA,0,0
2026-03-28,EC,20:36:00,Saturday,PHARMACY STOP,PXSAC,0,0
2026-03-28,EC,20:55:00,Saturday,MOUNT DENNIS STATION,TXML,15,30
2026-03-28,EC,21:11:00,Saturday,MOUNT DENNIS STATION,TXML,15,23
2026-03-28,EC,22:07:00,Saturday,MOUNT DENNIS STATION,TXML,15,23
2026-03-28,EC,22:26:00,Saturday,DON VALLEY STATION,MXIR,9,17
2026-03-28,EC,23:01:00,Saturday,MOUNT DENNIS STATION,MXO,0,0
2026-03-28,EC,23:18:00,Saturday,EGLINTON ECLRT STATION,SXUEG,0,0
2026-03-28,EC,01:25:00,Saturday,MOUNT DENNIS STATION,SXDP,0,0
2026-03-29,EC,07:36:00,Saturday,IONVIEW STOP,EXBK,16,0
2026-03-29,FW,08:33:00,Saturday,DRIFTWOOD STOP,EXO,0,0
2026-03-29,EC,09:33:00,Saturday,FAIRBANK STATION,SXUEG,5,20
2026-03-29,EC,10:11:00,Saturday,LAIRD STATION,SXUEG,5,12
2026-03-29,FW,14:52:00,Saturday,ALBION STOP,TXO,7,17
2026-03-29,EC,16:28:00,Saturday,KEELESDALE STATION,EXGA,3,11
2026-03-29,EC,17:02:00,Saturday,FOREST HILL STATION,EXGA,0,0
2026-03-29,EC,17:05:00,Saturday,AVENUE STATION,MXPAA,0,0
2026-03-29,EC,17:24:00,Saturday,O'CONNOR STOP,EXOSC,8,16
2026-03-29,FW,19:08:00,Saturday,JANE FWLRT STOP,EXBK,4,15
2026-03-29,FW,19:08:00,Saturday,JANE FWLRT STOP,EXOSC,15,30
2026-03-29,EC,21:00:00,Saturday,LEASIDE STATION,SXUEG,0,0
2026-03-29,EC,21:13:00,Saturday,MOUNT PLEASANT STATION,SXUEG,0,0
2026-03-29,EC,21:41:00,Saturday,MOUNT DENNIS STATION,TXML,19,24
2026-03-29,EC,22:10:00,Saturday,MOUNT DENNIS STATION,TXML,15,23
2026-03-29,FW,22:32:00,Saturday,FINCH WEST FWLRT STATI,MXSAN,7,17
2026-03-29,FW,01:36:00,Saturday,HUMBER COLLEGE STOP,MXI,0,0
2026-03-30,EC,04:04:00,Monday,MOUNT PLEASANT STATION,PXWZ,0,0
2026-03-30,EC,06:09:00,Monday,HAKIMI LEBOVIC STOP,EXATC,20,40
2026-03-30,EC,06:50:00,Monday,CHAPLIN STATION,TXO,4,8
2026-03-30,FW,09:08:00,Monday,MOUNT OLIVE STOP,TXATC,6,13
2026-03-30,EC,09:56:00,Monday,CEDARVALE STATION,TXNCA,0,0
2026-03-30,EC,11:15:00,Monday,KENNEDY ECLRT STATION,EXTM,8,16
2026-03-30,FW,11:47:00,Monday,FINCH WEST FWLRT STATI,SXO,0,0
2026-03-30,FW,12:51:00,Monday,JANE FWLRT STOP,TXOVS,0,0
2026-03-30,EC,13:04:00,Monday,KENNEDY ECLRT STATION,TXNIP,5,12
2026-03-30,FW,13:16:00,Monday,EMERY STOP (APPROACHIN,EXBK,177,9
2026-03-30,FW,16:33:00,Monday,HUMBER COLLEGE STOP (L,TXOVS,0,0
2026-03-30,FW,17:21:00,Monday,HUMBER COLLEGE STOP,EXBK,6,12
2026-03-30,EC,17:34:00,Monday,CALEDONIA STATION,SXUEG,0,0
2026-03-30,FW,17:59:00,Monday,STEVENSON STOP,MXPR1,64,70
2026-03-30,FW,18:10:00,Monday,JANE FWLRT STOP,MXTO,6,12
2026-03-30,EC,18:18:00,Monday,LEASIDE STATION,SXUEG,0,0
2026-03-30,FW,00:19:00,Monday,FINCH WEST FWLRT STATI,MXSAN,5,15
2026-03-30,EC,20:36:00,Monday,O'CONNOR STOP,EXO,3,9
2026-03-30,EC,21:01:00,Monday,AVENUE STATION,MXPAA,0,0
2026-03-30,FW,21:09:00,Monday,JANE FWLRT STOP,MXTO,8,16
2026-03-30,EC,21:38:00,Monday,AVENUE STATION,SXUEG,10,15
2026-03-31,FW,04:16:00,Tuesday,DUNCANWOODS STOP,PXSW,0,0
2026-03-31,EC,08:01:00,Tuesday,EGLINTON ECLRT STATION,PXMST,0,0
2026-03-31,FW,12:36:00,Tuesday,DUNCANWOODS STOP,TXOI,44,49
2026-03-31,EC,13:04:00,Tuesday,SUNNYBROOK PARK STOP,EXDO,3,11
2026-03-31,EC,13:53:00,Tuesday,AGA KHAN PARK - MUSEUM,PXDCS,5,13
2026-03-31,EC,15:12:00,Tuesday,EGLINTON ECLRT STATION,MXPAA,4,12
2026-03-31,FW,16:06:00,Tuesday,PEARLDALE STOP,EXBK,3,10
2026-03-31,EC,16:16:00,Tuesday,EGLINTON ECLRT STATION,TXO,0,0
2026-03-31,FW,16:26:00,Tuesday,HUMBER COLLEGE STOP,EXO,5,12
2026-03-31,EC,17:30:00,Tuesday,CHAPLIN STATION,MXPAA,3,8
2026-03-31,FW,18:48:00,Tuesday,FINCH WEST FWLRT STATI,TXNOA,10,20
2026-03-31,EC,19:26:00,Tuesday,FAIRBANK STATION,SXUEG,3,8
2026-03-31,EC,20:56:00,Tuesday,MOUNT DENNIS STATION,TXML,3,10
2026-03-31,EC,21:03:00,Tuesday,CEDARVALE STATION,SXUEG,0,0
2026-03-31,FW,21:12:00,Tuesday,FINCH WEST FWLRT STATI,TXNOA,8,16
2026-03-31,FW,21:18:00,Tuesday,FINCH WEST FWLRT STATI,TXNOA,10,20
2026-03-31,FW,21:19:00,Tuesday,FINCH WEST FWLRT STATI,TXNOA,8,16
2026-03-31,EC,21:20:00,Tuesday,MOUNT DENNIS STATION,TXML,6,14
2026-03-31,FW,21:30:00,Tuesday,FINCH WEST FWLRT STATI,TXNOA,8,16
2026-03-31,EC,21:52:00,Tuesday,CEDARVALE STATION,SXUEG,0,0
2026-03-31,EC,22:07:00,Tuesday,MOUNT DENNIS STATION,TXML,7,13
2026-03-31,FW,22:10:00,Tuesday,FINCH WEST FWLRT STATI,TXNOA,10,20
2026-03-31,EC,22:36:00,Tuesday,CEDARVALE STATION,SXUEG,0,0
2026-03-31,FW,22:50:00,Tuesday,WESTMORE STOP,EXCE,0,0
2026-04-01,EC,07:49:00,Wednesday,LEASIDE STATION,MXIRS,0,0
2026-04-01,EC,08:24:00,Wednesday,MOUNT DENNIS STATION,EXVC,8,16
2026-04-01,FW,10:20:00,Wednesday,JANE AND FINCH,MXIS,0,0
2026-04-01,FW,11:04:00,Wednesday,FINCH WEST FWLRT STATI,SXDP,0,0
2026-04-01,EC,12:53:00,Wednesday,WYNFORD STOP,MXPAA,0,0
2026-04-01,FW,13:04:00,Wednesday,FINCH WEST FWLRT STATI,EXO,9,18
2026-04-01,EC,13:28:00,Wednesday,CEDARVALE STATION,SXL,0,0
2026-04-01,FW,15:31:00,Wednesday,SIGNET ARROW STOP,MXPAA,3,9
2026-04-01,EC,15:34:00,Wednesday,CHAPLIN STATION,SXGDS,0,0
2026-04-01,EC,15:38:00,Wednesday,MOUNT PLEASANT STATION,SXGDS,0,0
2026-04-01,FW,15:39:00,Wednesday,HUMBER COLLEGE STOP,SXGDS,5,11
2026-04-01,FW,16:37:00,Wednesday,STEVENSON STOP,TXOVS,0,0
2026-04-01,FW,18:10:00,Wednesday,FINCH WEST FWLRT STATI,MXFS,9,15
2026-04-01,FW,20:03:00,Wednesday,HUMBER COLLEGE STOP,MXSAN,8,18
2026-04-01,EC,20:41:00,Wednesday,CALEDONIA STATION,SXGDS,0,0
2026-04-01,EC,21:23:00,Wednesday,MOUNT DENNIS STATION,TXML,7,13
2026-04-01,EC,21:49:00,Wednesday,MOUNT DENNIS STATION,TXML,8,15
2026-04-01,EC,22:08:00,Wednesday,MOUNT DENNIS STATION,TXML,7,15
2026-04-01,EC,22:09:00,Wednesday,OAKWOOD STATION,SXDP,0,0
2026-04-01,EC,22:28:00,Wednesday,MOUNT DENNIS STATION,MXI,0,0
2026-04-01,EC,23:23:00,Wednesday,EGLINTON ECLRT STATION,SXGDS,0,0
2026-04-02,EC,05:42:00,Thursday,KENNEDY ECLRT STATION,PXWZ,4,0
2026-04-02,EC,05:45:00,Thursday,MOUNT DENNIS STATION,PXWZ,5,0
2026-04-02,EC,05:52:00,Thursday,EGLINTON ECLRT STATION,PXWZ,10,0
2026-04-02,EC,06:30:00,Thursday,HANDOVER,PXSCR,0,0
2026-04-02,EC,07:12:00,Thursday,CEDARVALE STATION,MXIS,0,0
2026-04-02,FW,07:22:00,Thursday,HUMBER COLLEGE STOP,MXIS,0,0
2026-04-02,EC,12:39:00,Thursday,AVENUE STATION,EXGA,0,0
2026-04-02,EC,13:51:00,Thursday,LEASIDE STATION,SXGDS,3,10
2026-04-02,FW,14:53:00,Thursday,YORKGATE BLVD.,EXTM,10,17
2026-04-02,EC,17:05:00,Thursday,EGLINTON ECLRT STATION,MXPAA,4,8
2026-04-02,EC,17:27:00,Thursday,CEDARVALE STATION,MXIRS,0,0
2026-04-02,EC,19:11:00,Thursday,CHAPLIN STATION,SXDP,0,0
2026-04-02,EC,21:01:00,Thursday,OAKWOOD STATION,PXO,0,0
2026-04-02,EC,21:03:00,Thursday,SLOANE STOP,EXO,0,0
2026-04-02,EC,21:11:00,Thursday,MOUNT DENNIS STATION,SXGDS,0,0
2026-04-02,EC,21:50:00,Thursday,LAIRD STATION,MXSAN,6,12
2026-04-02,FW,22:25:00,Thursday,MARTIN GROVE STOP,EXBK,7,13
2026-04-02,EC,23:02:00,Thursday,MOUNT DENNIS STATION,MXIR,0,0
2026-04-02,EC,23:06:00,Thursday,MOUNT PLEASANT STATION,PXMST,0,0
2026-04-02,EC,23:13:00,Thursday,CEDARVALE STATION,EXTM,0,0
2026-04-03,EC,06:40:00,Friday,KENNEDY ECLRT STATION,TXOS,0,0
2026-04-03,EC,08:05:00,Friday,PHARMACY STOP,EXSE,0,0
2026-04-03,EC,10:55:00,Friday,SUNNYBROOK PARK STOP,SXPOL,20,29
2026-04-03,EC,12:06:00,Friday,KENNEDY ECLRT STATION,MXIRS,0,0
2026-04-03,EC,12:10:00,Friday,WYNFORD STOP,SXPOL,0,0
2026-04-03,EC,13:11:00,Friday,KENNEDY ECLRT STATION,EXCE,0,0
2026-04-03,FW,15:01:00,Friday,HUMBER COLLEGE STOP (E,TXOVS,4,13
2026-04-03,EC,15:10:00,Friday,AVENUE STATION,MXPAA,0,0
2026-04-03,EC,15:48:00,Friday,EGLINTON ECLRT STATION,SXGDS,3,10
2026-04-03,FW,16:25:00,Friday,FINCH WEST FWLRT STATI,MXIS,0,0
2026-04-03,EC,16:40:00,Friday,KEELESDALE STATION,SXGDS,0,0
2026-04-03,EC,17:08:00,Friday,FAIRBANK STATION,EXGA,7,14
2026-04-03,EC,17:15:00,Friday,EGLINTON ECLRT STATION,MXPAA,3,10
2026-04-03,FW,18:12:00,Friday,ROWNTREE MILLS STOP,EXBK,3,12
2026-04-03,FW,18:21:00,Friday,FINCH WEST FWLRT STATI,EXCE,5,14
2026-04-03,EC,18:24:00,Friday,DON VALLEY STATION,MXIRS,0,0
2026-04-03,EC,18:24:00,Friday,EGLINTON ECLRT STATION,EXGA,0,0
2026-04-03,EC,18:58:00,Friday,DON VALLEY STATION,SXGDS,0,0
2026-04-03,EC,18:58:00,Friday,FAIRBANK STATION,MXIRS,0,0
2026-04-03,FW,19:25:00,Friday,FINCH WEST FWLRT STATI,EXO,6,16
2026-04-03,EC,20:33:00,Friday,MOUNT PLEASANT STATION,SXGDS,4,17
2026-04-03,EC,21:28:00,Friday,MOUNT PLEASANT STATION,SXGDS,0,0
2026-04-03,EC,21:32:00,Friday,HAKIMI LEBOVIC STOP,PXSW,85,98
2026-04-03,EC,22:33:00,Friday,EGLINTON ECLRT STATION,SXGDS,0,0
2026-04-03,EC,23:27:00,Friday,MOUNT DENNIS STATION,MXI,0,0
2026-04-04,FW,05:46:00,Saturday,MARTIN GROVE STOP,EXSA,10,20
2026-04-04,EC,06:32:00,Saturday,CALEDONIA STATION,MXIS,0,0
2026-04-04,EC,11:12:00,Saturday,FAIRBANK STATION,SXGDS,0,0
2026-04-04,FW,12:16:00,Saturday,SIGNET ARROW STOP,EXTM,0,0
2026-04-04,EC,13:44:00,Saturday,KENNEDY ECLRT STATION,SXGDS,0,0
2026-04-04,EC,17:16:00,Saturday,EGLINTON ECLRT STATION,SXGDS,8,15
2026-04-04,EC,20:33:00,Saturday,MOUNT PLEASANT STATION,SXGDS,0,0
2026-04-04,EC,21:00:00,Saturday,OAKWOOD STATION,MXPAA,3,11
2026-04-04,FW,21:02:00,Saturday,FINCH WEST FWLRT STATI,EXO,4,14
2026-04-04,EC,21:07:00,Saturday,KENNEDY ECLRT STATION,SXGDS,0,0
2026-04-04,EC,21:15:00,Saturday,MOUNT DENNIS STATION,TXML,12,24
2026-04-04,EC,21:55:00,Saturday,MOUNT DENNIS STATION,TXML,12,24
2026-04-04,EC,22:18:00,Saturday,MOUNT DENNIS STATION,TXML,12,24
2026-04-05,EC,02:35:00,Saturday,KENNEDY TO IONVIEW,PXSCA,0,0
2026-04-05,EC,06:48:00,Saturday,CALEDONIA STATION,TXNCA,0,0
2026-04-05,FW,07:34:00,Saturday,`HANDOFF PLATFORM,PXSW,0,0
2026-04-05,EC,09:07:00,Saturday,MOUNT DENNIS STATION,EXCE,7,14
2026-04-05,EC,10:00:00,Saturday,MOUNT DENNIS STATION,TXNIP,7,14
2026-04-05,FW,12:34:00,Saturday,PEARLDALE STOP,EXBK,0,0
2026-04-05,EC,12:42:00,Saturday,KENNEDY ECLRT STATION,EXTR,4,12
2026-04-05,FW,14:15:00,Saturday,HUMBER COLLEGE STOP,EXGA,0,0
2026-04-05,EC,14:34:00,Saturday,CEDARVALE STATION,SXGDS,0,0
2026-04-05,EC,14:59:00,Saturday,KENNEDY ECLRT STATION,EXO,7,14
2026-04-05,EC,15:04:00,Saturday,OAKWOOD STATION,MXPAA,3,9
2026-04-05,EC,16:36:00,Saturday,CEDARVALE STATION,MXPAA,3,9
2026-04-05,EC,16:52:00,Saturday,LAIRD STATION,MXTO,4,10
2026-04-05,EC,17:36:00,Saturday,CEDARVALE STATION,SXGDS,0,0
2026-04-05,EC,18:00:00,Saturday,KEELESDALE STATION,SXGDS,0,0
2026-04-05,EC,18:09:00,Saturday,MOUNT DENNIS STATION,EXO,7,14
2026-04-05,EC,18:25:00,Saturday,CEDARVALE STATION,SXGDS,0,0
2026-04-05,EC,18:29:00,Saturday,HAKIMI LEBOVIC STOP,EXOSC,0,0
2026-04-05,EC,21:42:00,Saturday,SLOANE STOP,PXSAC,0,0
2026-04-06,EC,06:03:00,Monday,KENNEDY ECLRT STATION,TXO,8,28
2026-04-06,FW,07:06:00,Monday,HAND OFF PLATFORM,PXSW,0,0
2026-04-06,EC,07:41:00,Monday,SUNNYBROOK PARK STOP,EXATC,3,7
2026-04-06,FW,09:26:00,Monday,FINCH WEST FWLRT STATI,EXGA,7,14
2026-04-06,FW,09:57:00,Monday,FINCH WEST FWLRT STATI,EXBK,0,0
2026-04-06,EC,11:14:00,Monday,CEDARVALE STATION,SXGDS,7,14
2026-04-06,EC,13:47:00,Monday,CEDARVALE STATION,MXIRS,0,0
2026-04-06,EC,14:17:00,Monday,CEDARVALE STATION,MXO,0,0
2026-04-06,EC,14:55:00,Monday,FOREST HILL STATION,EXATC,8,16
2026-04-06,EC,15:12:00,Monday,CALEDONIA STATION,SXGDS,7,15
2026-04-06,EC,15:51:00,Monday,EGLINTON ECLRT STATION,MXPLC,5,10
2026-04-06,FW,16:11:00,Monday,NORFINCH OAKDALE STOP,MXUS,3,9
2026-04-06,FW,17:06:00,Monday,PEARLDALE STOP,MXUS,3,9
2026-04-06,EC,17:08:00,Monday,HAKIMI LEBOVIC STOP,MXPAA,0,0
2026-04-06,EC,17:19:00,Monday,LAIRD STATION,SXGDS,0,0
2026-04-06,EC,18:55:00,Monday,EGLINTON ECLRT STATION,SXL,0,0
2026-04-06,EC,20:16:00,Monday,CHAPLIN STATION,MXIS,0,0
2026-04-06,EC,20:24:00,Monday,EGLINTON ECLRT STATION,SXO,0,0
2026-04-07,FW,06:17:00,Tuesday,DRIFTWOOD STOP,EXTM,0,0
2026-04-07,FW,06:54:00,Tuesday,MILVAN RUMIKE STOP,EXDO,0,0
2026-04-07,FW,07:11:00,Tuesday,DUNCANWOODS STOP,EXTM,0,0
2026-04-07,FW,07:58:00,Tuesday,HUMBER COLLEGE STOP,EXTM,7,14
2026-04-07,FW,08:10:00,Tuesday,FINCH WEST FWLRT STATI,EXO,7,14
2026-04-07,FW,08:39:00,Tuesday,FINCH WEST FWLRT STATI,EXDO,7,14
2026-04-07,FW,10:51:00,Tuesday,ALBION STOP,EXTM,5,12
2026-04-07,EC,12:04:00,Tuesday,FOREST HILL STATION,SXGDS,6,14
2026-04-07,EC,15:08:00,Tuesday,DON VALLEY STATION,MXPAA,0,0
2026-04-07,EC,15:38:00,Tuesday,PHARMACY LRT,MXIE,0,0
2026-04-07,FW,16:33:00,Tuesday,EMERY STOP,EXBK,39,45
2026-04-07,FW,16:45:00,Tuesday,MILVAN RUMIKE STOP,PXW,0,0
2026-04-07,EC,16:49:00,Tuesday,EGLINTON ECLRT STATION,MXUS,7,11
2026-04-07,EC,18:05:00,Tuesday,EGLINTON ECLRT STATION,PXMST,0,0
2026-04-07,EC,22:43:00,Tuesday,OAKWOOD STATION,SXO,0,0
2026-04-07,FW,01:25:00,Tuesday,EMERY STOP - APPROACHI,EXHV,17,0
2026-04-07,EC,01:39:00,Tuesday,O'CONNOR STOP,EXDO,0,0
2026-04-08,FW,07:47:00,Wednesday,PEARLDALE STOP,EXTM,0,0
2026-04-08,FW,09:45:00,Wednesday,HAND OFF,EXTM,0,0
2026-04-08,EC,11:23:00,Wednesday,BIRCHMOUNT STOP,MXPAA,0,0
2026-04-08,EC,14:05:00,Wednesday,CEDARVALE STATION,SXGDS,0,0
2026-04-08,FW,14:55:00,Wednesday,HANDOVER (NEAR THE YAR,PXSW,5,10
2026-04-08,EC,15:19:00,Wednesday,CEDARVALE STATION,SXGDS,3,7
2026-04-08,EC,15:22:00,Wednesday,HAKIMI LEBOVIC STOP,MXPAA,5,9
2026-04-08,EC,16:01:00,Wednesday,MOUNT DENNIS STATION,EXBK,4,8
2026-04-08,EC,18:03:00,Wednesday,EGLINTON ECLRT STATION,MXPAA,0,0
2026-04-08,EC,22:57:00,Wednesday,OAKWOOD STATION,SXGDS,0,0
2026-04-08,FW,23:34:00,Wednesday,FINCH WEST FWLRT STATI,PXSBE,4,14
2026-04-09,FW,07:42:00,Thursday,ALBION STOP,EXSE,6,12
2026-04-09,EC,07:58:00,Thursday,CHAPLIN STATION,SXGDS,3,7
2026-04-09,EC,08:21:00,Thursday,BIRCHMOUNT STOP,EXATC,4,8
2026-04-09,FW,10:55:00,Thursday,EMERY STOP,EXCE,0,0
2026-04-09,EC,12:08:00,Thursday,IONVIEW STOP,MXPAA,0,0
2026-04-09,EC,12:16:00,Thursday,CALEDONIA STATION,SXGDS,0,0
2026-04-09,EC,12:35:00,Thursday,O'CONNOR STOP,EXO,12,19
2026-04-09,EC,13:44:00,Thursday,FOREST HILL STATION,SXDP,0,0
2026-04-09,EC,19:38:00,Thursday,EGLINTON ECLRT STATION,SXGDS,0,0
2026-04-09,FW,20:16:00,Thursday,ALBION STOP - HUMBER C,EXATC,14,21
2026-04-10,FW,06:13:00,Friday,FINCH WEST AND ALBION,MXAFR,214,224
2026-04-10,EC,08:23:00,Friday,SLOANE STOP,MXPAA,3,7
2026-04-10,EC,08:46:00,Friday,DON VALLEY STATION,TXO,0,0
2026-04-10,FW,11:09:00,Friday,DUNCANWOODS STOP- 2488,MXFL,74,84
2026-04-10,EC,11:20:00,Friday,PHARMACY STOP,TXATC,0,0
2026-04-10,EC,12:16:00,Friday,KEELESDALE STATION,EXBK,10,18
2026-04-10,EC,13:16:00,Friday,LEASIDE STATION,SXGDS,3,9
2026-04-10,EC,15:09:00,Friday,MOUNT DENNIS STATION,MXIRS,0,0
2026-04-10,EC,16:08:00,Friday,HAND  OVER PLATFORM,MXNOA,6,12
2026-04-10,EC,16:33:00,Friday,FAIRBANK STATION,SXGDS,0,0
2026-04-10,EC,18:03:00,Friday,MOUNT PLEASANT STATION,SXGDS,0,0
2026-04-10,EC,18:17:00,Friday,KEELESDALE STATION,MXPAA,3,9
2026-04-10,EC,18:25:00,Friday,DON VALLEY STATION,EXTM,4,10
2026-04-10,FW,20:23:00,Friday,SIGNET ARROW STOP,EXATC,4,12
2026-04-10,EC,20:24:00,Friday,MOUNT DENNIS STATION,MXIR,6,12
2026-04-10,EC,21:00:00,Friday,LEASIDE STATION,SXGDS,0,0
2026-04-10,EC,21:52:00,Friday,LEASIDE STATION,SXGDS,0,0
2026-04-11,FW,05:08:00,Saturday,NORFINCH OAKDALE STOP,EXATC,7,17
2026-04-11,EC,08:16:00,Saturday,MOUNT DENNIS STATION,TXCL,8,15
2026-04-11,EC,14:07:00,Saturday,DON VALLEY STATION,TXNCA,0,0
2026-04-11,EC,14:08:00,Saturday,MOUNT PLEASANT STATION,TXNCA,0,0
2026-04-11,EC,14:47:00,Saturday,MOUNT DENNIS STATION,MXIE,0,0
2026-04-11,EC,14:58:00,Saturday,CALEDONIA STATION,MXPAA,0,0
2026-04-11,EC,15:19:00,Saturday,EGLINTON ECLRT STATION,SXGDS,5,12
2026-04-11,EC,15:22:00,Saturday,HAKIMI LEBOVIC STOP,EXBK,126,133
2026-04-11,EC,15:42:00,Saturday,HAKIMI LEBOVIC STOP,PXSW,282,289
2026-04-11,EC,19:03:00,Saturday,EGLINTON ECLRT STATION,SXGDS,0,0
2026-04-11,EC,20:19:00,Saturday,EGLINTON ECLRT STATION,MXPAA,3,15
2026-04-11,EC,20:40:00,Saturday,LEASIDE STATION,SXGDS,0,0
2026-04-11,FW,21:48:00,Saturday,ALBION STOP,MXFL,7,17
2026-04-11,EC,23:21:00,Saturday,EGLINTON ECLRT STATION,MXO,23,38
2026-04-11,EC,23:26:00,Saturday,DON VALLEY STATION,MXIRS,10,25
2026-04-11,EC,00:46:00,Saturday,CALEDONIA STATION,SXGDS,0,0
2026-04-11,EC,00:49:00,Saturday,CALEDONIA STATION,SXGDS,0,0
2026-04-12,FW,08:21:00,Saturday,JANE FWLRT STOP,EXATC,0,0
2026-04-12,FW,09:39:00,Saturday,FINCH WEST FWLRT STATI,MXIS,0,0
2026-04-12,EC,10:51:00,Saturday,EGLINTON ECLRT STATION,SXGDS,0,0
2026-04-12,EC,12:32:00,Saturday,OAKWOOD STATION,SXDP,0,0
2026-04-12,FW,12:47:00,Saturday,HUMBER COLLEGE STOP,EXBK,6,12
2026-04-12,EC,13:10:00,Saturday,O'CONNOR STOP,EXBK,57,64
2026-04-12,EC,13:46:00,Saturday,HAKIMI LEBOVIC STOP,PXSW,311,318
2026-04-12,FW,17:47:00,Saturday,ROWNTREE MILLS STOP,MXUS,4,10
2026-04-12,EC,19:15:00,Saturday,EGLINTON ECLRT STATION,SXGDS,10,22
2026-04-12,EC,22:04:00,Saturday,KEELESDALE STATION,SXGDS,4,12
2026-04-12,EC,22:49:00,Saturday,CALEDONIA STATION,PXMEL,0,0
2026-04-12,EC,00:18:00,Saturday,DON VALLEY STATION,SXGDS,0,0
2026-04-12,FW,00:34:00,Saturday,FINCH WEST FWLRT STATI,SXDP,0,0
2026-04-12,EC,00:52:00,Saturday,CHAPLIN STATION,SXGDS,5,20
2026-04-13,FW,04:54:00,Monday,YORKGATE BLVD,PXSW,10,17
2026-04-13,FW,05:08:00,Monday,FINCH WEST FWLRT STATI,PXSW,10,0
2026-04-13,FW,07:31:00,Monday,SENTINEL STOP,EXDO,0,0
2026-04-13,EC,07:39:00,Monday,GOLDEN MILE STOP,EXATC,4,8
2026-04-13,EC,09:34:00,Monday,MOUNT PLEASANT STATION,MXPAA,0,0
2026-04-13,EC,10:09:00,Monday,CALEDONIA STATION,MXIRS,0,0
2026-04-13,EC,10:16:00,Monday,HAKIMI LEBOVIC STOP,EXATC,7,14
2026-04-13,FW,10:46:00,Monday,FINCH WEST STATION,TXOI,0,0
2026-04-13,FW,11:42:00,Monday,PEARLDALE STOP -  ROWN,PXMO,0,0
2026-04-13,EC,12:42:00,Monday,CEDARVALE STATION,MXIRS,0,0
2026-04-13,EC,13:10:00,Monday,HAKIMI LEBOVIC STOP,PXSW,110,117
2026-04-13,FW,01:11:00,Monday,EGLINTON ECLRT STATION,SXGDS,0,0
2026-04-13,FW,13:49:00,Monday,HUMBER COLLEGE STOP,TXO,7,16
2026-04-13,FW,14:33:00,Monday,FINCH WEST FWLRT STATI,EXO,5,14
2026-04-13,FW,15:01:00,Monday,PEARLDALE STOP,EXDO,6,14
2026-04-13,EC,15:06:00,Monday,KEELESDALE STATION,MXIS,0,0
2026-04-13,FW,15:49:00,Monday,STEVENSON STOP,MXO,6,12
2026-04-13,EC,15:51:00,Monday,SUNNYBROOK PARK STOP,EXO,4,8
2026-04-13,EC,16:34:00,Monday,HAKIMI LEBOVIC STOP,PXSW,197,201
2026-04-13,FW,17:35:00,Monday,DRIFTWOOD STOP,EXDO,4,10
2026-04-13,EC,17:51:00,Monday,DON VALLEY STATION,EXGA,7,14
2026-04-13,EC,20:56:00,Monday,KEELESDALE STATION,MXO,0,0
2026-04-14,EC,05:09:00,Tuesday,HAKIMI LEBOVIC STOP,PXSW,5,10
2026-04-14,FW,08:59:00,Tuesday,JANE FWLRT STOP,EXATC,0,0
2026-04-14,FW,09:41:00,Tuesday,YORKGATE,PXSW,0,0
2026-04-14,EC,10:08:00,Tuesday,CALEDONIA STATION,MXPAA,0,0
2026-04-14,EC,10:09:00,Tuesday,DON VALLEY STATION,MXIRS,0,0
2026-04-14,EC,11:51:00,Tuesday,MOUNT PLEASANT STATION,MXD,0,0
2026-04-14,FW,13:04:00,Tuesday,FINCH WEST FWLRT STATI,EXDO,10,20
2026-04-14,FW,13:25:00,Tuesday,FINCH WEST FWLRT STATI,EXDO,7,14
2026-04-14,EC,14:13:00,Tuesday,CHAPLIN STATION,MXIRS,0,0
2026-04-14,FW,14:44:00,Tuesday,FINCH WEST FWLRT STATI,SXGDS,10,20
2026-04-14,EC,14:50:00,Tuesday,CEDARVALE STATION,SXGDS,0,0
2026-04-14,EC,14:55:00,Tuesday,CEDARVALE STATION,SXGDS,4,8
2026-04-14,EC,21:31:00,Tuesday,MOUNT DENNIS STATION,MXIR,0,0
2026-04-14,EC,22:30:00,Tuesday,PHARMACY STOP,TXO,32,47
2026-04-14,EC,22:36:00,Tuesday,MOUNT PLEASENT STATION,MXIRS,0,0
2026-04-15,EC,05:14:00,Wednesday,MT DENNIS STATION,MXIS,0,0
2026-04-15,FW,05:51:00,Wednesday,FINCH WEST FWLRT STATI,EXATC,0,0
2026-04-15,FW,06:07:00,Wednesday,HAND OFF,PXSW,0,0
2026-04-15,EC,11:55:00,Wednesday,MOUNT PLEASANT STATION,SXGDS,0,0
2026-04-15,EC,12:28:00,Wednesday,MOUNT PLEASANT STATION,SXGDS,0,0
2026-04-15,FW,12:31:00,Wednesday,EMERY STOP,EXCE,0,0
2026-04-15,EC,13:57:00,Wednesday,LEASIDE STATION,SXGDS,6,12
2026-04-15,EC,14:43:00,Wednesday,MOUNT DENNIS STATION,EXO,6,12
2026-04-15,EC,15:22:00,Wednesday,DON VALLEY STATION,MXIRS,0,0
2026-04-15,EC,16:22:00,Wednesday,KENNEDY ECLRT STATION,MXSAN,3,7
2026-04-15,EC,16:42:00,Wednesday,LEASIDE STATION,SXGDS,0,0
2026-04-15,EC,17:15:00,Wednesday,LINE 5,PXATC,6,12
2026-04-15,EC,18:18:00,Wednesday,MOUNT PLEASANT STATION,SXGDS,0,0
2026-04-15,FW,19:11:00,Wednesday,YORKGATE BLVD,PXSW,0,0
2026-04-15,EC,19:13:00,Wednesday,CEDARVALE STATION,SXGDS,0,0
2026-04-15,EC,20:35:00,Wednesday,IONVIEW STOP,MXDD,7,14
2026-04-15,EC,22:20:00,Wednesday,O'CONNOR STOP,EXBK,15,21
2026-04-15,EC,22:58:00,Wednesday,LAIRD STATION,MXIRS,0,0
2026-04-15,FW,23:16:00,Wednesday,NORFINCH OAKDALE STOP,PXSW,4,14
2026-04-15,EC,23:18:00,Wednesday,CHAPLIN STATION,MXI,6,13
2026-04-16,FW,07:02:00,Thursday,MARTIN GROVE STOP,EXATC,0,0
2026-04-16,FW,07:08:00,Thursday,FINCH WEST FWLRT STATI,EXATC,0,0
2026-04-16,FW,07:11:00,Thursday,HUMBER COLLEGE STOP,EXATC,0,0
2026-04-16,FW,07:35:00,Thursday,DUNCANWOODS STOP,EXO,0,0
2026-04-16,EC,07:49:00,Thursday,DON VALLEY STATION,MXIRS,0,0
2026-04-16,EC,08:18:00,Thursday,DON VALLEY STATION,MXO,0,0
2026-04-16,EC,08:58:00,Thursday,GOLDEN MILE STOP,MXPAA,3,7
2026-04-16,EC,09:06:00,Thursday,DON VALLEY STATION,MXIRS,0,0
2026-04-16,EC,11:50:00,Thursday,FAIRBANK STATION,SXGDS,3,10
2026-04-16,EC,14:49:00,Thursday,AVENUE STATION,MXO,0,0
2026-04-16,FW,14:58:00,Thursday,JANE FWLRT STOP,PXSW,6,12
2026-04-16,EC,15:31:00,Thursday,MOUNT DENNIS,EXO,6,12
2026-04-16,EC,16:00:00,Thursday,MOUNT DENNIS STATION,EXO,6,12
2026-04-16,EC,16:53:00,Thursday,KEELESDALE STATION,MXPAA,0,0
2026-04-16,FW,17:32:00,Thursday,ROWNTREE MILLS STOP,EXBK,0,0
2026-04-16,EC,17:58:00,Thursday,WYNFORD STOP,TXO,40,46
2026-04-16,EC,18:55:00,Thursday,EGLINTON ECLRT STATION,MXIRS,0,0
2026-04-16,EC,19:58:00,Thursday,LAIRD STATION,MXO,0,0
2026-04-16,FW,20:13:00,Thursday,HUMBER COLLEGE STOP,EXVC,6,16
2026-04-16,EC,20:44:00,Thursday,PHARMACY STOP,EXO,20,27
2026-04-17,EC,02:13:00,Friday,KEELESDALE STATION,PXSW,10,0
2026-04-17,EC,02:22:00,Friday,MOUNT DENNIS STATION,SXO,0,0
2026-04-17,FW,06:44:00,Friday,ROWNTREE MILLS STOP,TXOVS,0,0
2026-04-17,FW,07:54:00,Friday,ALBION STOP,EXO,0,0
2026-04-17,EC,08:01:00,Friday,KENNEDY ECLRT STATION,EXTM,24,28
2026-04-17,FW,08:01:00,Friday,JANE FWLRT STOP,EXO,0,0
2026-04-17,FW,08:14:00,Friday,STEVENSON STOP,TXOVS,0,0
2026-04-17,EC,09:07:00,Friday,KENNEDY ECLRT STATION,PXEME,124,131
2026-04-17,FW,11:36:00,Friday,FINCH WEST FWLRT STATI,EXATC,3,13
2026-04-17,EC,11:52:00,Friday,CALEDONIA STATION,SXGDS,5,12
2026-04-17,EC,13:01:00,Friday,EGLINTON ECLRT STATION,MXPAA,0,0
2026-04-17,EC,13:14:00,Friday,CEDARVALE STATION,MXPAA,6,12
2026-04-17,FW,15:16:00,Friday,SIGNET ARROW STOP,PXSW,82,88
2026-04-17,EC,15:52:00,Friday,EGLINTON ECLRT STATION,MXPAA,6,12
2026-04-17,EC,18:18:00,Friday,EGLINTON ECLRT STATION,SXL,0,0
2026-04-17,EC,18:18:00,Friday,KEELESDALE STATION,SXGDS,6,16
2026-04-17,EC,19:19:00,Friday,FOREST HILL STATION,MXPAA,5,10
2026-04-17,EC,21:00:00,Friday,O'CONNOR STOP,EXO,65,72
2026-04-18,FW,05:31:00,Saturday,MOUNT OLIVE STOP,EXDO,0,0
2026-04-18,FW,08:38:00,Saturday,NORFINCH OAKDALE STOP,PXSW,0,0
2026-04-18,EC,08:45:00,Saturday,MOUNT DENNIS STATION,MXIE,0,0
2026-04-18,FW,09:18:00,Saturday,FINCH WEST FWLRT STATI,TXOVS,0,0
2026-04-18,EC,10:22:00,Saturday,KEELESDALE STATION,MXO,0,0
2026-04-18,FW,12:06:00,Saturday,FINCH WEST FWLRT STATI,SXSA,0,0
2026-04-18,EC,13:10:00,Saturday,SCIENCE CENTRE STATION,SXGDS,0,0
2026-04-18,EC,13:26:00,Saturday,KENNEDY ECLRT STATION,EXO,7,12
2026-04-18,EC,14:27:00,Saturday,MOUNT PLEASANT STATION,EXOSC,0,0
2026-04-18,EC,15:35:00,Saturday,DON VALLEY STATION,MXIS,0,0
2026-04-18,EC,16:39:00,Saturday,DON VALLEY STATION,MXIS,0,0
2026-04-18,EC,16:48:00,Saturday,KENNEDY ECLRT STATION,EXTM,7,14
2026-04-18,EC,21:50:00,Saturday,EGLINTON ECLRT STATION,SXO,0,0
2026-04-18,EC,00:26:00,Saturday,MOUNT DENNIS STATION,SXGDS,8,16
2026-04-19,FW,07:33:00,Friday,NORFINCH OAKDALE STOP,PXSW,10,24
2026-04-19,FW,08:00:00,Friday,NORFINCH OAKDALE STOP,PXSW,10,24
2026-04-19,FW,11:19:00,Friday,PEARLDALE STOP,TXO,10,20
2026-04-19,FW,11:28:00,Friday,PEARLDALE STOP,EXBK,0,0
2026-04-19,EC,12:14:00,Friday,FOREST HILL STATION,SXEAS,10,17
2026-04-19,EC,14:34:00,Friday,CEDARVALE STATION,SXGDS,0,0
2026-04-19,FW,18:59:00,Friday,JANE FWLRT STOP,EXSE,0,0
2026-04-19,EC,19:24:00,Friday,KEELESDALE STATION,SXGDS,0,0
2026-04-19,EC,20:21:00,Friday,LAIRD STATION,MXIR,8,23
2026-04-19,EC,21:11:00,Friday,KENNEDY ECLRT STATION,EXBO,7,14
2026-04-19,FW,21:15:00,Friday,FINCH WEST FWLRT STATI,PXMEL,0,0
2026-04-19,FW,21:19:00,Friday,FINCH WEST FWLRT STATI,SXGDS,0,0
2026-04-19,EC,21:28:00,Friday,FOREST HILL STATION,SXGDS,0,0
2026-04-19,FW,21:50:00,Friday,STEVENSON STOP,EXCE,0,0
2026-04-19,FW,23:12:00,Friday,EMERY STOP,MXAFR,83,97
2026-04-19,EC,23:42:00,Friday,EGLINTON ECLRT STATION,SXO,0,0
2026-04-20,EC,05:09:00,Monday,EGLINTON ECLRT STATION,SXO,0,0
2026-04-20,EC,07:38:00,Monday,MOUNT DENNIS STATION,EXBK,4,8
2026-04-20,EC,09:54:00,Monday,MOUNT PLEASANT STATION,MXIS,0,0
2026-04-20,FW,09:56:00,Monday,NORFINCH OAKDALE STOP,PXSO,7,17
2026-04-20,EC,10:39:00,Monday,KENNEDY ECLRT STATION,EXGA,16,24
2026-04-20,FW,11:19:00,Monday,NORFINCH OAKDALE STOP,EXDO,18,28
2026-04-20,FW,12:11:00,Monday,FINCH AND WESTON,MXO,124,130
2026-04-20,FW,12:32:00,Monday,EMERY STOP,MXO,20,26
2026-04-20,EC,15:49:00,Monday,CEDARVALE STATION,SXGDS,0,0
2026-04-20,EC,17:14:00,Monday,PHARMACY STOP,EXBK,15,20
2026-04-20,EC,17:19:00,Monday,MOUNT PLEASANT STATION,EXCE,0,0
2026-04-20,EC,17:29:00,Monday,CALEDONIA STATION,SXGDS,10,14
2026-04-20,EC,17:37:00,Monday,CEDARVALE STATION,TXNCA,0,0
2026-04-20,EC,18:18:00,Monday,MOUNT DENNIS STATION,SXO,0,0
2026-04-20,FW,19:32:00,Monday,SIGNET ARROW STOP,EXO,0,0
2026-04-20,FW,20:20:00,Monday,STEVENSON STOP,EXDO,0,0
2026-04-20,EC,00:18:00,Monday,O'CONNOR STOP,MXAFR,6,21
2026-04-20,EC,21:43:00,Monday,MOUNT PLEASANT STATION,SXGDS,3,11
2026-04-20,EC,23:02:00,Monday,FAIRBANK STATION,SXGDS,4,12
2026-04-20,FW,23:28:00,Monday,FINCH WEST FWLRT STATI,EXAC,10,20
2026-04-21,EC,04:16:00,Tuesday,EGLINTON STATION,MXO,0,0
2026-04-21,FW/EC,06:00:00,Tuesday,TORONTO TRANSIT COMMIS,MXO,0,0
2026-04-21,FW,07:58:00,Tuesday,WESTMORE STOP,EXTM,0,0
2026-04-21,EC,08:17:00,Tuesday,KENNEDY ECLRT STATION,EXCE,4,8
2026-04-21,EC,08:19:00,Tuesday,KEELESDALE STATION,MXO,5,9
2026-04-21,EC,08:47:00,Tuesday,CEDARVALE STATION,MXUIR,3,7
2026-04-21,EC,08:56:00,Tuesday,FOREST HILL STATION,MXSAN,4,8
2026-04-21,FW,09:57:00,Tuesday,NORFINCH OAKDALE STOP,EXBK,0,0
2026-04-21,FW,10:00:00,Tuesday,WESTMORE STOP,EXATC,0,0
2026-04-21,EC,11:11:00,Tuesday,EGLINTON ECLRT STATION,SXO,0,0
2026-04-21,FW,12:00:00,Tuesday,HUMBER COLLEGE STOP,MXIS,10,20
2026-04-21,EC,12:52:00,Tuesday,MOUNT PLEASANT STATION,SXGDS,0,0
2026-04-21,EC,14:35:00,Tuesday,CEDARVALE STATION,SXGDS,0,0
2026-04-21,FW,17:00:00,Tuesday,HUMBER COLLEGE STOP,TXOVS,0,0
2026-04-21,EC,17:07:00,Tuesday,EGLINTON ECLRT STATION,SXAE,0,0
2026-04-21,EC,18:20:00,Tuesday,CHAPLIN STATION,PXMEL,0,0
2026-04-21,EC,18:47:00,Tuesday,EGLINTON ECLRT STATION,MXIRS,0,0
2026-04-21,EC,20:11:00,Tuesday,LEASIDE STATION,SXGDS,0,0
2026-04-21,EC,20:23:00,Tuesday,CEDARVALE STATION,SXGDS,0,0
2026-04-21,EC,20:28:00,Tuesday,LEASIDE STATION,SXGDS,6,12
2026-04-21,EC,21:16:00,Tuesday,MOUNT DENNIS STATION,MXIE,0,0
2026-04-21,EC,21:32:00,Tuesday,CALEDONIA STATION,SXGDS,0,0
2026-04-21,FW,22:40:00,Tuesday,HUMBER COLLEGE STOP,MXTO,0,0
2026-04-22,EC,03:03:00,Wednesday,KEELESDALE STATION,PXWZ,0,0
2026-04-22,FW,03:21:00,Wednesday,FINCH WEST FWLRT STATI,PXWZ,0,0
2026-04-22,FW,06:09:00,Wednesday,SIGNET ARROW STOP,EXBO,0,0
2026-04-22,FW,06:10:00,Wednesday,HUMBER COLLEGE STOP,EXBK,0,0
2026-04-22,EC,06:15:00,Wednesday,CEDARVALE STATION,SXGDS,0,0
2026-04-22,FW,09:37:00,Wednesday,FINCH WEST FWLRT STATI,EXDO,10,20
2026-04-22,FW,11:05:00,Wednesday,FINCH WEST FWLRT STATI,EXGA,0,0
2026-04-22,FW,12:09:00,Wednesday,DUNCANWOODS STOP,EXDO,0,0
2026-04-22,FW,15:29:00,Wednesday,SENTINEL STOP,EXO,0,0
2026-04-22,EC,16:48:00,Wednesday,LINE 5,PXATC,5,10
2026-04-22,FW,17:53:00,Wednesday,DUNCANWOODS STOP,TXO,5,10
2026-04-22,FW,19:06:00,Wednesday,FINCH WEST FWLRT STATI,TXNOA,0,0
2026-04-22,EC,19:11:00,Wednesday,EGLINTON ECLRT STATION,SXGDS,0,0
2026-04-22,FW,19:26:00,Wednesday,FINCH WEST FWLRT STATI,TXNOA,0,0
2026-04-22,EC,20:47:00,Wednesday,CEDARVALE STATION,SXGDS,0,0
2026-04-22,EC,20:58:00,Wednesday,CEDARVALE STATION,MXPAA,0,0
2026-04-22,EC,21:22:00,Wednesday,EGLINTON ECLRT STATION,SXGDS,7,12
2026-04-22,EC,21:52:00,Wednesday,CALEDONIA STATION,SXGDS,0,0
2026-04-22,EC,00:05:00,Wednesday,KENNEDY ECLRT STATION,EXTM,7,18
2026-04-22,EC,01:37:00,Wednesday,CHAPLIN STATION,MXIS,0,0
2026-04-23,EC,05:54:00,Thursday,BIRCHMOUNT STOP,EXDO,3,0
2026-04-23,EC,08:25:00,Thursday,FAIRBANK STATION,MXPAA,0,0
2026-04-23,FW,13:12:00,Thursday,ROWNTREE MILLS STOP,TXOVS,5,15
2026-04-23,EC,13:21:00,Thursday,OAKWOOD STATION,MXPAA,3,9
2026-04-23,EC,14:58:00,Thursday,TORONTO TRANSIT COMMIS,MXINF,0,0
2026-04-23,FW,14:59:00,Thursday,TORONTO TRANSIT COMMIS,MXINF,0,0
2026-04-23,EC,15:00:00,Thursday,MOUNT PLEASANT STATION,SXGDS,0,0
2026-04-23,EC,15:39:00,Thursday,CALEDONIA STATION,EXCO,0,0
2026-04-23,FW,16:38:00,Thursday,DUNCANWOODS STOP,EXDO,3,8
2026-04-23,FW,16:48:00,Thursday,HUMBER COLLEGE STOP,EXO,0,0
2026-04-23,EC,19:28:00,Thursday,SLOANE STOP,EXCE,0,0
2026-04-23,EC,20:19:00,Thursday,KEELESDALE STATION,SXGDS,0,0
2026-04-23,EC,20:25:00,Thursday,EGLINTON ECLRT STATION,SXGDS,0,0
2026-04-23,EC,21:22:00,Thursday,KENNEDY ECLRT STATION,SXDP,35,42
2026-04-23,EC,22:09:00,Thursday,LAIRD STATION,SXGDS,0,0
2026-04-24,FW,07:17:00,Friday,FINCH AND YORKGATE,PXSW,8,18
2026-04-24,FW,11:07:00,Friday,EMERY STOP,EXO,0,0
2026-04-24,FW,11:39:00,Friday,HUMBER COLLEGE STOP,EXO,3,11
2026-04-24,FW,11:58:00,Friday,STEVENSON STOP,EXATC,4,14
2026-04-24,EC,12:09:00,Friday,AVENUE STATION,PXMEL,0,0
2026-04-24,FW,13:23:00,Friday,FINCH WEST FWLRT STATI,MXTD,6,16
2026-04-24,FW,14:15:00,Friday,EMERY STOP,EXO,0,0
2026-04-24,EC,14:28:00,Friday,EGLINTON ECLRT STATION,MXPAA,0,0
2026-04-24,FW,16:06:00,Friday,EMERY STOP,EXBK,0,0
2026-04-24,EC,16:55:00,Friday,BIRCHMOUNT STOP,MXSAN,4,8
2026-04-24,EC,17:34:00,Friday,LEASIDE STATION,SXGDS,6,10
2026-04-24,EC,18:32:00,Friday,DON VALLEY STATION,SXGDS,0,0
2026-04-24,EC,20:05:00,Friday,MOUNT PLEASANT STATION,SXGDS,0,0
2026-04-24,FW,21:45:00,Friday,ROWNTREE MILLS STOP,PXTDN,11,19
2026-04-24,FW,22:02:00,Friday,ROWNTREE MILLS STOP,MXSAN,8,16
2026-04-25,EC,07:33:00,Saturday,EGLINTON ECLRT STATION,SXUT,0,0
2026-04-25,FW,07:39:00,Saturday,ALBION STOP TO MARTIN,TXOVS,6,16
2026-04-25,EC,07:41:00,Saturday,IONVIEW STOP,EXWS,7,15
2026-04-25,FW,08:45:00,Saturday,NORFINCH OAKDALE STOP,TXOVS,0,0
2026-04-25,FW,09:15:00,Saturday,FINCH WEST FWLRT STATI,TXO,5,15
2026-04-25,FW,10:23:00,Saturday,SENTINEL STOP,EXATC,0,0
2026-04-25,FW,11:45:00,Saturday,DUNCANWOODS STOP,TXOVS,0,0
2026-04-25,EC,13:15:00,Saturday,KEELESDALE STATION,MXPAA,0,0
2026-04-25,EC,15:10:00,Saturday,KENNEDY ECLRT STATION,MXO,0,0
2026-04-25,EC,16:30:00,Saturday,MOUNT DENNIS STATION,EXO,8,16
2026-04-25,FW,17:33:00,Saturday,SENTINEL STOP,SXO,0,0
2026-04-25,FW,20:36:00,Saturday,STEVENSON STOP,SXUT,5,15
2026-04-25,FW,21:42:00,Saturday,FINCH WEST FWLRT STATI,TXNIP,6,16
2026-04-25,FW,21:52:00,Saturday,ROWNTREE MILLS STOP,TXOVS,0,0
2026-04-25,EC,22:47:00,Saturday,CHAPLIN STATION,MXIS,0,0
2026-04-25,EC,23:16:00,Saturday,EGLINTON ECLRT STATION,SXUT,0,0
2026-04-25,EC,23:47:00,Saturday,HAKIMI LEBOVIC STOP (A,EXBK,11,26
2026-04-26,EC,07:36:00,Saturday,KENNEDY ECLRT STATION,EXECD,4,10
2026-04-26,EC,07:51:00,Saturday,KENNEDY ECLRT STATION,MXSAN,20,40
2026-04-26,EC,07:52:00,Saturday,LINE 5 - MOUNT DENNIS,PXWZ,48,0
2026-04-26,FW,08:46:00,Saturday,JANE FWLRT STOP,SXO,5,15
2026-04-26,FW,09:13:00,Saturday,LINE 6,MXPF,18,28
2026-04-26,EC,09:36:00,Saturday,EGLINTON ECLRT STATION,SXGDS,3,10
2026-04-26,FW,10:20:00,Saturday,WESTMORE STOP,EXWA,0,0
2026-04-26,FW,10:44:00,Saturday,HUMBER COLLEGE STOP,EXO,0,0
2026-04-26,FW,12:19:00,Saturday,HUMBER COLLEGE STOP,MXIR,5,15
2026-04-26,EC,13:57:00,Saturday,DON VALLEY STATION,MXIS,0,0
2026-04-26,EC,14:22:00,Saturday,KENNEDY ECLRT STATION,SXDP,28,35
2026-04-26,EC,16:55:00,Saturday,SLOANE STOP,MXPAA,0,0
2026-04-26,EC,18:27:00,Saturday,KENNEDY ECLRT STATION,PXSTP,10,25
2026-04-26,FW,19:09:00,Saturday,YORK GATE BLVED,PXSW,5,11
2026-04-26,EC,19:25:00,Saturday,EGLINTON ECLRT STATION,MXIRS,0,0
2026-04-26,EC,19:40:00,Saturday,MOUNT PLEASANT STATION,SXUT,0,0
2026-04-26,FW,20:10:00,Saturday,MOUNT OLIVE STOP,EXO,0,0
2026-04-26,EC,00:16:00,Saturday,MOUNT DENNIS STATION,TXSUP,0,0
2026-04-26,EC,20:49:00,Saturday,CEDARVALE STATION,SXUT,0,0
2026-04-26,FW,21:50:00,Saturday,FINCH WEST FWLRT STATI,TXNIP,5,15
2026-04-26,EC,23:08:00,Saturday,KENNEDY ECLRT STATION,SXL,4,14
2026-04-27,FW,06:08:00,Monday,SENTINEL STOP,EXSE,0,0
2026-04-27,EC,09:10:00,Monday,WYNFORD STOP,EXATC,4,8
2026-04-27,EC,14:51:00,Monday,KEELESDALE STATION,MXIRS,0,0
2026-04-27,EC,15:27:00,Monday,MOUNT DENNIS (HANDOVER,EXVC,0,0
2026-04-27,EC,15:56:00,Monday,MOUNT DENNIS STATION,SXDP,11,15
2026-04-27,EC,16:33:00,Monday,FOREST HILL STATION,MXPAA,0,0
2026-04-27,EC,17:08:00,Monday,FOREST HILL STATION,TXCSA,0,0
2026-04-27,EC,17:10:00,Monday,CHAPLIN STATION,SXGDS,5,10
2026-04-27,EC,17:15:00,Monday,AVENUE STATION,EXBK,5,10
2026-04-27,EC,18:11:00,Monday,CEDARVALE STATION,SXGDS,0,0
2026-04-27,EC,21:03:00,Monday,PHARMACY STOP,TXOI,120,128
2026-04-27,EC,23:00:00,Monday,CHAPLIN STATION,TXNCA,0,0
2026-04-27,FW,00:31:00,Monday,HUMBER COLLEGE STOP,SXUT,14,19
2026-04-27,EC,01:02:00,Monday,MOUNT DENNIS STATION,SXDP,0,0
2026-04-28,EC,02:05:00,Tuesday,EGLINTON ECLRT STATION,MXO,0,0
2026-04-28,EC,05:55:00,Tuesday,CEDARVALE STATION,EXATC,10,20
2026-04-28,FW,05:58:00,Tuesday,FINCH WEST FWLRT STATI,EXCE,43,53
2026-04-28,EC,06:45:00,Tuesday,GOLDEN MILE STOP,PXSAC,0,0
2026-04-28,FW,07:49:00,Tuesday,SENTINEL STOP,EXSE,0,0
2026-04-28,FW,08:18:00,Tuesday,HUMBER COLLEGE STOP,TXOVS,0,0
2026-04-28,FW,08:42:00,Tuesday,ROWNTREE MILLS STOP,TXOVS,0,0
2026-04-28,EC,09:50:00,Tuesday,FAIRBANK STATION,MXPAA,0,0
2026-04-28,FW,10:02:00,Tuesday,FINCH WEST FWLRT STATI,EXO,9,19
2026-04-28,EC,11:25:00,Tuesday,LEASIDE STATION,SXUT,0,0
2026-04-28,EC,11:49:00,Tuesday,MOUNT PLEASANT STATION,SXGDS,0,0
2026-04-28,EC,15:10:00,Tuesday,AVENUE STATION,SXUT,5,12
2026-04-28,FW,00:32:00,Tuesday,FINCH WEST FWLRT STATI,SXO,0,0
2026-04-28,FW,00:56:00,Tuesday,EGLINTON ECLRT STATION,EXGA,0,0
2026-04-28,EC,01:32:00,Tuesday,LINE 5 - ECLRT,PXATC,5,25
2026-04-29,FW,07:34:00,Wednesday,ROWNTREE MILLS STOP (A,MXTD,0,0
2026-04-29,EC,07:44:00,Wednesday,PHARMACY STOP,EXATC,4,8
2026-04-29,FW,07:51:00,Wednesday,MOUNT OLIVE STOP (ENTE,TXOVS,0,0
2026-04-29,FW,08:01:00,Wednesday,HUMBER COLLEGE STOP (L,TXOVS,0,0
2026-04-29,EC,09:55:00,Wednesday,CHAPLIN STATION,MXPAA,3,7
2026-04-29,EC,12:46:00,Wednesday,O'CONNOR STOP,MXPAA,0,0
2026-04-29,EC,13:00:00,Wednesday,MOUNT DENNIS STATION,MXIR,3,7
2026-04-29,EC,16:16:00,Wednesday,MOUNT DENNIS STATION,EXO,0,0
2026-04-29,EC,16:33:00,Wednesday,AVENUE STATION,SXUT,0,0
2026-04-29,EC,17:48:00,Wednesday,LEASIDE STATION,SXUT,5,9
2026-04-29,EC,19:55:00,Wednesday,CEDARVALE STATION,SXGDS,7,11
2026-04-29,EC,21:49:00,Wednesday,KENNEDY ECLRT STATION,MXSAN,7,14
2026-04-30,FW,07:01:00,Thursday,FINCH WEST FWLRT STATI,EXSE,8,16
2026-04-30,FW,07:54:00,Thursday,HUMBER COLLEGE STOP,EXSE,7,14
2026-04-30,EC,08:42:00,Thursday,O'CONNOR STOP,EXBK,4,8
2026-04-30,EC,10:59:00,Thursday,MOUNT DENNIS STATION,MXO,5,11
2026-04-30,EC,14:59:00,Thursday,MOUNT DENNIS STATION,TXO,5,11
2026-04-30,FW,15:37:00,Thursday,EMERY STOP,TXPD,135,140
2026-04-30,FW,15:59:00,Thursday,SIGNET  ARROW STOP,PXSW,0,0
2026-04-30,FW,17:16:00,Thursday,ROWNTREE MILLS STOP,EXBK,45,50
2026-04-30,EC,23:01:00,Thursday,OAKWOOD STATION,SXGDS,10,16
2026-04-30,FW,00:33:00,Thursday,WESTMORE STOP,EXO,0,0
2026-04-30,EC,01:42:00,Thursday,FOREST HILL STATION,PXTD,5,25
2026-05-01,FW,05:48:00,Friday,NORFINCH OAKDALE STOP,PXSO,8,18
2026-05-01,EC,09:37:00,Friday,MOUNT DENNIS STATION,EXBK,6,12
2026-05-01,EC,10:36:00,Friday,O'CONNOR STOP,PXATC,5,9
2026-05-01,EC,11:59:00,Friday,LEASIDE STATION,SXGDS,0,0
2026-05-01,EC,12:57:00,Friday,CEDARVALE STATION,MXO,12,20
2026-05-01,EC,14:52:00,Friday,AVENUE STATION,SXDP,5,13
2026-05-01,EC,15:09:00,Friday,HANDOVER,PXSW,0,0
2026-05-01,EC,15:44:00,Friday,LEASIDE STATION,SXUT,0,0
2026-05-01,EC,15:48:00,Friday,EGLINTON ECLRT STATION,EXBK,0,0
2026-05-01,FW,01:48:00,Friday,OAKWOOD STATION,SXGDS,0,0
2026-05-01,EC,16:40:00,Friday,LEASIDE STATION,PXMEL,0,0
2026-05-01,EC,17:03:00,Friday,EGLINTON AND WARDEN,TXPD,137,143
2026-05-01,EC,17:08:00,Friday,O'CONNOR STOP,MXPAA,3,11
2026-05-01,EC,18:32:00,Friday,LEASIDE STATION,SXUT,0,0
2026-05-01,FW,19:05:00,Friday,FINCH WEST FWLRT STATI,SXUT,9,16
2026-05-01,EC,19:11:00,Friday,SLOANE STOP,EXCE,8,16
2026-05-01,EC,19:17:00,Friday,EGLINTON ECLRT STATION,SXUT,0,0
2026-05-01,EC,19:20:00,Friday,KENNEDY ECLRT STATION,EXO,8,16
2026-05-01,FW,19:35:00,Friday,TOBERMORY STOP,EXBK,6,13
2026-05-01,EC,20:02:00,Friday,CHAPLIN STATION,SXUT,0,0
2026-05-01,EC,22:25:00,Friday,LAIRD STATION,SXGDS,0,0
2026-05-01,EC,23:12:00,Friday,FAIRBANK STATION,SXGDS,0,0
2026-05-01,EC,23:25:00,Friday,CEDARVALE STATION,SXGDS,0,0
2026-05-02,FW,05:14:00,Saturday,NORFINCH OAKDALE STOP,EXWA,10,20
2026-05-02,EC,05:28:00,Saturday,HILLCREST- LINE 5 DISP,EXO,0,0
2026-05-02,FW,08:53:00,Saturday,SIGNET ARROW STOP,EXATC,5,15
2026-05-02,FW,10:44:00,Saturday,FINCH WEST FWLRT STATI,SXUT,0,0
2026-05-02,EC,11:14:00,Saturday,AVENUE STATION,SXGDS,20,40
2026-05-02,FW,11:58:00,Saturday,PEARLDALE STOP - DUNCA,EXBK,3,13
2026-05-02,EC,13:55:00,Saturday,EGLINTON AND PHARMACY,SXDP,5,12
2026-05-02,EC,14:24:00,Saturday,MOUNT PLEASANT STATION,TXNCA,0,0
2026-05-02,FW,16:06:00,Saturday,MARTIN GROVE STOP,PXSW,3,15
2026-05-02,EC,17:48:00,Saturday,FOREST HILL STATION,SXGDS,0,0
2026-05-02,EC,17:58:00,Saturday,FOREST HILL STATION,MXPAA,4,9
2026-05-02,EC,18:01:00,Saturday,CALEDONIA STATION,SXDP,0,0
2026-05-02,FW,20:40:00,Saturday,SENTINEL STOP,EXBK,5,15
2026-05-02,FW,22:01:00,Saturday,NORFINCH OAKDALE STOP,EXBK,10,20
2026-05-02,FW,22:17:00,Saturday,MARTIN GROVE STOP,PXSW,15,25
2026-05-02,EC,22:18:00,Saturday,EGLINTON ECLRT STATION,MXPAA,0,0
2026-05-02,EC,23:16:00,Saturday,CEDARVALE STATION,EXTM,45,60
2026-05-02,EC,23:31:00,Saturday,KENNEDY ECLRT STATION,SXO,27,47
2026-05-02,EC,00:03:00,Saturday,MOUNT PLEASANT STATION,SXGDS,0,0
2026-05-02,EC,01:14:00,Saturday,EGLINTON ECLRT STATION,SXGDS,0,0
2026-05-02,EC,01:46:00,Saturday,CEDARVALE STATION,SXGDS,0,0
2026-05-03,EC,07:38:00,Saturday,KENNEDY ECLRT STATION,PXEO,22,0
2026-05-03,FW,08:00:00,Saturday,NORFINCH OAKDALE STOP,MXO,10,22
2026-05-03,EC,08:37:00,Saturday,GOLDEN MILE STOP,EXDO,5,23
2026-05-03,EC,12:21:00,Saturday,MOUNT DENNIS STATION,EXO,5,12
2026-05-03,EC,13:41:00,Saturday,HAKIMI LEBOVIC STOP,MXI,106,114
2026-05-03,FW,14:45:00,Saturday,FINCH WEST FWLRT STATI,SXAP,0,0
2026-05-03,EC,15:01:00,Saturday,FAIRBANK STATION,SXGDS,0,0
2026-05-03,EC,17:33:00,Saturday,LEASIDE STATION,SXUT,10,16
2026-05-03,FW,17:44:00,Saturday,DUNCANWOODS STOP,TXOVS,0,0
2026-05-03,FW,18:15:00,Saturday,FINCH WEST FWLRT STATI,MXSAN,10,20
2026-05-03,EC,19:38:00,Saturday,MOUNT DENNIS STATION,MXSAN,7,14
2026-05-03,EC,19:47:00,Saturday,MOUNT DENNIS STATION,SXGDS,5,12
2026-05-03,EC,19:54:00,Saturday,MOUNT PLEASANT STATION,PXSW,40,47
2026-05-03,EC,20:04:00,Saturday,GOLDEN MILE STOP,EXBK,40,47
2026-05-03,EC,20:12:00,Saturday,MOUNT DENNIS STATION,SXGDS,0,0
2026-05-03,EC,20:50:00,Saturday,EGLINTON ECLRT STATION,SXL,0,0
2026-05-03,EC,21:45:00,Saturday,KEELESDALE STATION,SXGDS,3,10
2026-05-03,EC,23:14:00,Saturday,EGLINTON ECLRT STATION,SXGDS,7,16
2026-05-03,EC,23:56:00,Saturday,CEDARVALE STATION,SXGDS,7,16
2026-05-04,FW,05:45:00,Monday,JANE FWLRT STOP,MXO,5,0
2026-05-04,EC,05:45:00,Monday,KENNEDY ECLRT STATION,EXCO,20,40
2026-05-04,FW/EC,06:00:00,Monday,TORONTO TRANSIT COMMIS,MXO,0,0
2026-05-04,EC,07:45:00,Monday,CHAPLIN STATION,MXPAA,0,0
2026-05-04,FW,08:50:00,Monday,ROWNTREE MILLS STOP,TXOVS,30,37
2026-05-04,FW,09:18:00,Monday,HUMBER COLLEGE,EXGA,7,14
2026-05-04,FW,12:06:00,Monday,SIGNET ARROW STOP,TXATC,0,0
2026-05-04,FW,14:45:00,Monday,NORFICH OAKDALE,PXSW,10,20
2026-05-04,EC,14:57:00,Monday,KENNEDY ECLRT STATION,EXO,4,8
2026-05-04,FW,15:21:00,Monday,FINCH WEST FWLRT STATI,TXSUP,10,0
2026-05-04,EC,15:22:00,Monday,MOUNT PLEASANT STATION,SXUT,0,0
2026-05-04,FW,15:38:00,Monday,HAND OVER,EXNEA,9,18
2026-05-04,FW,18:44:00,Monday,MARTIN GROVE STOP,EXO,0,0
2026-05-04,FW,18:47:00,Monday,JANE AND FINCH,PXSW,0,0
2026-05-04,EC,18:49:00,Monday,MOUNT DENNIS STATION,MXIRS,0,0
2026-05-04,FW,19:21:00,Monday,HUMBER COLLEGE STOP,MXO,0,0
2026-05-04,FW,21:52:00,Monday,PEARLDALE STOP,EXO,0,0
2026-05-04,EC,00:07:00,Monday,MOUNT DENNIS STATION,SXL,0,0
2026-05-04,FW,01:00:00,Monday,MARTIN GROVE AND FINCH,TXO,10,20
2026-05-05,EC,06:43:00,Tuesday,ECLRT LINE 5,PXDCS,0,0
2026-05-05,EC,07:37:00,Tuesday,BIRCHMOUNT STOP,MXPAA,0,0
2026-05-05,FW,07:44:00,Tuesday,JANE FWLRT STOP,EXYRD,4,8
2026-05-05,EC,07:50:00,Tuesday,KENNEDY ECLRT STATION,PXMEL,0,0
2026-05-05,EC,08:11:00,Tuesday,LINE 5,PXDCS,5,9
2026-05-05,EC,15:38:00,Tuesday,FAIRBANK STATION,SXGDS,0,0
2026-05-05,EC,16:21:00,Tuesday,EGLINTON ECLRT STATION,SXO,0,0
2026-05-05,EC,20:01:00,Tuesday,CALEDONIA STATION,EXDO,5,10
2026-05-05,FW,23:15:00,Tuesday,HUMBER COLLEGE STOP,MXIR,6,16
2026-05-05,EC,00:19:00,Tuesday,O'CONNOR STOP,PXW,0,0
2026-05-05,FW,01:49:00,Tuesday,FINCH WEST FWLRT STATI,SXUT,0,0
2026-05-06,EC,02:53:00,Wednesday,MOUNT PLEASANT STATION,PXMEL,0,0
2026-05-06,FW,05:30:00,Wednesday,YORKGATE AND FINCH,PXSO,0,0
2026-05-06,FW,06:06:00,Wednesday,FINCH WEST FWLRT STATI,EXCE,0,0
2026-05-06,EC,07:06:00,Wednesday,LINE 5,PXATC,6,10
2026-05-06,EC,07:20:00,Wednesday,MOUNT DENNIS STATION,PXATC,5,9
2026-05-06,EC,07:20:00,Wednesday,EMSF,PXATC,5,9
2026-05-06,EC,07:39:00,Wednesday,MOUNT DENNIS STATION,SXDP,0,0
2026-05-06,EC,12:13:00,Wednesday,MOUNT DENNIS STATION,PXWZ,0,0
2026-05-06,FW,13:50:00,Wednesday,SIGNET ARROW STOP,PXSW,0,0
2026-05-06,EC,00:38:00,Wednesday,MOUNT PLEASANT STATION,SXGDS,3,10
2026-05-06,EC,01:25:00,Wednesday,MOUNT DENNIS STATION,EXO,8,27
2026-05-06,FW,01:30:00,Wednesday,O'CONNOR STOP,MXINF,0,0
2026-05-06,EC,16:13:00,Wednesday,MOUNT DENNIS STATION,EXTM,0,0
2026-05-06,FW,18:17:00,Wednesday,HUMBER COLLEGE STOP,PXSO,6,12
2026-05-06,EC,18:20:00,Wednesday,OAKWOOD STATION,MXIS,0,0
2026-05-06,EC,18:26:00,Wednesday,AGA KHAN PARK - MUSEUM,EXDO,0,0
2026-05-06,FW,18:34:00,Wednesday,HUMBER COLLEGE STOP,PXSO,6,12
2026-05-06,FW,18:39:00,Wednesday,HUMBER COLLEGE STOP,PXSO,6,12
2026-05-06,EC,18:47:00,Wednesday,DON VALLEY STATION,SXUT,5,10
2026-05-06,EC,21:06:00,Wednesday,LAIRD STATION,SXUT,3,9
2026-05-06,FW,21:56:00,Wednesday,MILVAN RUMIKE STOP,EXSE,0,0
2026-05-07,FW,06:49:00,Thursday,HUMBER COLLEGE STOP,TXOVS,7,14
2026-05-07,FW,08:40:00,Thursday,WESTMORE STOP,MXUS,5,12
2026-05-07,EC,08:59:00,Thursday,MOUNT DENNIS STATION,EXATC,5,12
2026-05-07,FW,12:24:00,Thursday,HUMBER COLLEGE STOP,TXOVS,5,15
2026-05-07,EC,13:42:00,Thursday,AVENUE STATION,SXGDS,7,14
2026-05-07,EC,15:49:00,Thursday,CHAPLIN STATION,SXGDS,7,12
2026-05-07,EC,16:08:00,Thursday,CHAPLIN STATION (LEAVI,SXGDS,7,10
2026-05-07,EC,16:11:00,Thursday,CEDARVALE STATION,SXDP,4,9
2026-05-07,EC,18:17:00,Thursday,MOUNT PLEASANT STATION,MXPAA,0,0
2026-05-07,EC,19:00:00,Thursday,MOUNT PLEASANT STATION,TXOI,3,7
2026-05-07,EC,19:01:00,Thursday,EGLINTON ECLRT STATION,SXGDS,11,15
2026-05-07,EC,19:38:00,Thursday,SUNNYBROOK PARK STOP,EXBK,3,7
2026-05-07,EC,20:00:00,Thursday,LAIRD STATION,TXO,3,8
2026-05-07,EC,20:59:00,Thursday,BIRCHMOUNT STOP,EXO,81,87
2026-05-07,FW,21:11:00,Thursday,HUMBER COLLEGE STOP,SXDP,10,20
2026-05-07,EC,21:58:00,Thursday,EGLINTON ECLRT STATION,SXGDS,0,0
2026-05-07,EC,23:52:00,Thursday,KENNEDY ECLRT STATION,MXSAN,7,14
2026-05-07,EC,01:47:00,Thursday,ENTIRE LLINE,PXATC,0,0
2026-05-08,EC,05:48:00,Friday,KENNEDY ECLRT STATION,MXML,30,0
2026-05-08,EC,06:44:00,Friday,MOUNT DENNIS STATION,EXCO,4,8
2026-05-08,EC,09:04:00,Friday,MOUNT PLEASANT STATION,PXW,0,0
2026-05-08,EC,09:50:00,Friday,SUNNYBROOK PARK STOP,PXW,240,248
2026-05-08,EC,10:16:00,Friday,OAKWOOD STATION,MXO,13,17
2026-05-08,EC,10:55:00,Friday,LAIRD STATION,EXGA,0,0
2026-05-08,EC,11:56:00,Friday,AVENUE STATION,EXGA,0,0
2026-05-08,EC,12:00:00,Friday,LEASIDE STATION,EXGA,0,0
2026-05-08,EC,12:38:00,Friday,LAIRD STATION,MXPAA,4,12
2026-05-08,EC,12:53:00,Friday,LEASIDE STATION,EXGA,0,0
2026-05-08,EC,13:28:00,Friday,DON VALLEY STATION,MXPAA,5,12
2026-05-08,EC,15:29:00,Friday,MOUNT PLEASANT STATION,SXDP,0,0
2026-05-08,EC,15:56:00,Friday,EGLINTON ECLRT STATION,SXO,0,0
2026-05-08,EC,16:44:00,Friday,EGLINTON ECLRT STATION,PXMEL,0,0
2026-05-08,EC,18:39:00,Friday,AVENUE STATION,MXPAA,0,0
2026-05-08,EC,20:36:00,Friday,LEASIDE STATION,PXSAC,10,18
2026-05-08,EC,22:57:00,Friday,EGLINTON ECLRT STATION,EXDO,5,12
2026-05-08,EC,23:49:00,Friday,KEELESDALE STATION,EXGA,3,10
2026-05-09,EC,08:18:00,Saturday,FOREST HILL STATION,SXO,0,0
2026-05-09,FW,08:48:00,Saturday,FINCH WEST FWLRT STATI,SXGDS,0,0
2026-05-09,EC,12:15:00,Saturday,CALEDONIA STATION,TXNCA,0,0
2026-05-09,EC,12:45:00,Saturday,KENNEDY ECLRT STATION,SXL,0,0
2026-05-09,EC,12:54:00,Saturday,MOUNT DENNIS STATION,EXBO,5,12
2026-05-09,EC,13:12:00,Saturday,EGLINTON ECLRT STATION,PXEAS,5,12
2026-05-09,EC,13:37:00,Saturday,MOUNT DENNIS EAST YARD,EXGA,0,0
2026-05-09,FW,13:46:00,Saturday,HUMBER COLLEGE STOP,PXEAS,10,10
2026-05-09,EC,14:25:00,Saturday,EGLINTON ECLRT STATION,PXW,5,12
2026-05-09,EC,16:30:00,Saturday,SUNNYBROOK PARK STOP,MXPAA,0,0
2026-05-09,EC,17:03:00,Saturday,LEASIDE STATION,PXMEL,0,0
2026-05-09,EC,17:34:00,Saturday,O'CONNOR STOP,MXAFR,0,0
2026-05-09,EC,19:40:00,Saturday,FOREST HILL STATION,MXPAA,0,0
2026-05-09,EC,19:49:00,Saturday,MOUNT PLEASANT STATION,SXUT,0,0
2026-05-09,EC,20:27:00,Saturday,KENNEDY ECLRT STATION,EXGA,3,10
2026-05-09,EC,22:30:00,Saturday,FOREST HILL STATION,MXGD,0,0
2026-05-09,FW,23:14:00,Saturday,FINCH WEST FWLRT STATI,EXO,0,0
2026-05-09,EC,00:13:00,Saturday,SUNNYBROOK PARK STOP,MXIS,5,12
2026-05-10,EC,07:45:00,Saturday,KENNEDY ECLRT STATION,EXO,8,0
2026-05-10,FW,10:32:00,Saturday,FINCH WEST FWLRT STATI,EXGA,0,0
2026-05-10,FW,12:05:00,Saturday,JANE FWLRT STOP,EXDO,30,40
2026-05-10,FW,13:41:00,Saturday,EMERY STOP,EXDO,3,11
2026-05-10,EC,15:17:00,Saturday,HAKIMI LEBOVIC STOP,EXO,7,14
2026-05-10,EC,18:18:00,Saturday,SUNNYBROOK PARK STOP,EXBK,7,14
2026-05-10,FW,20:27:00,Saturday,SIGNET ARROW STOP,EXBK,3,11
2026-05-10,EC,22:13:00,Saturday,MOUNT PLEASANT STATION,SXGDS,0,0
2026-05-11,EC,05:32:00,Monday,MOUNT DENNIS STATION,EXO,0,0
2026-05-11,FW,06:54:00,Monday,ROWNTREE MILLS STOP,MXIRS,0,0
2026-05-11,EC,08:00:00,Monday,MOUNT DENNIS STATION,EXBK,4,8
2026-05-11,FW,08:47:00,Monday,EMERY STOP,EXBK,41,49
2026-05-11,FW,09:23:00,Monday,SIGNET ARROW STOP,SXO,10,20
2026-05-11,EC,09:26:00,Monday,MOUNT DENNIS STATION,PXSCR,4,8
2026-05-11,FW,09:30:00,Monday,EMERY STOP,EXBK,45,55
2026-05-11,EC,10:21:00,Monday,CHAPLIN STATION,MXPAA,3,10
2026-05-11,EC,00:28:00,Monday,CEDARVALE STATION,SXGDS,0,0
2026-05-11,EC,00:46:00,Monday,MOUNT DENNIS STATION,EXTM,10,30
2026-05-11,EC,20:37:00,Monday,CEDARVALE STATION,MXIRS,0,0
2026-05-12,EC,07:39:00,Tuesday,MOUNT DENNIS STATION,PXMEL,0,0
2026-05-12,EC,12:15:00,Tuesday,KEELESDALE STATION,SXUT,5,12
2026-05-12,EC,15:26:00,Tuesday,SUNNYBROOK PARK STOP,MXPAA,0,0
2026-05-12,FW,15:33:00,Tuesday,JANE FWLRT STOP,EXCE,6,12
2026-05-12,EC,16:21:00,Tuesday,MOUNT PLEASANT STATION,SXUT,0,0
2026-05-12,EC,17:00:00,Tuesday,FAIRBANK STATION,MXIS,0,0
2026-05-12,EC,19:04:00,Tuesday,WYNFORD STOP,MXPAA,0,0
2026-05-12,FW,20:28:00,Tuesday,HUMBER COLLEGE STOP,MXIRS,10,20
2026-05-12,EC,22:44:00,Tuesday,AGA KHAN PARK - MUSEUM,MXIR,24,30
2026-05-12,EC,23:29:00,Tuesday,EGLINTON ECLRT STATION,EXGA,0,0
2026-05-12,EC,00:57:00,Tuesday,CEDARVALE STATION,SXO,0,0
2026-05-13,EC,05:38:00,Wednesday,OAKWOOD STATION,EXATC,8,0
2026-05-13,FW,07:42:00,Wednesday,FINCH WEST FWLRT STATI,EXO,7,14
2026-05-13,FW,07:44:00,Wednesday,JANE FWLRT STOP,EXNEA,7,14
2026-05-13,EC,07:53:00,Wednesday,KENNEDY ECLRT STATION,PXMEL,0,0
2026-05-13,FW,08:07:00,Wednesday,SIGNET ARROW STOP,MXTD,4,11
2026-05-13,FW,09:24:00,Wednesday,DRIFTWOOD STOP,EXTM,5,12
2026-05-13,EC,11:34:00,Wednesday,EGLINTON MAINTENANCE S,SXGDS,0,0
2026-05-13,EC,12:23:00,Wednesday,EGLINTON ECLRT STATION,SXGDS,4,11
2026-05-13,FW,12:32:00,Wednesday,FINCH WEST FWLRT STATI,EXVC,7,14
2026-05-13,EC,12:39:00,Wednesday,EGLINTON ECLRT STATION,SXGDS,6,17
2026-05-13,EC,00:04:00,Wednesday,FOREST HILL STATION,SXL,0,0
2026-05-13,FW,00:51:00,Wednesday,FOREST HILL STATION,MXIS,0,0
2026-05-13,EC,17:29:00,Wednesday,KEELESDALE STATION,MXPAA,5,9
2026-05-13,EC,18:26:00,Wednesday,SYSTEM WIDE,PXATC,7,11
2026-05-13,FW,18:56:00,Wednesday,HAND OVER PLATFOM,TXO,0,0
2026-05-13,EC,19:43:00,Wednesday,KEELESDALE STATION,SXUT,0,0
2026-05-13,EC,19:57:00,Wednesday,AVENUE STATION,SXUT,0,0
2026-05-13,EC,21:07:00,Wednesday,CEDARVALE STATION,SXGDS,0,0
2026-05-14,EC,02:06:00,Thursday,CALEDONIA STATION,SXL,0,0
2026-05-14,EC,02:10:00,Thursday,MOUNT DENNIS STATION,SXL,0,0
2026-05-14,EC,05:48:00,Thursday,KENNEDY ECLRT STATION,TXML,6,0
2026-05-14,EC,09:30:00,Thursday,LAIRD STATION,MXIR,6,10
2026-05-14,EC,10:18:00,Thursday,AVENUE STATION,EXO,4,8
2026-05-14,EC,10:51:00,Thursday,LAIRD STATION (APPROAC,TXOI,0,0
2026-05-14,EC,11:38:00,Thursday,SUNNYBROOK PARK STOP,EXATC,3,10
2026-05-14,EC,12:06:00,Thursday,HAKIMI LEBOVIC STOP,EXDO,7,14
2026-05-14,EC,12:36:00,Thursday,LAIRD STATION (LEAVING,EXBK,5,12
2026-05-14,EC,14:33:00,Thursday,AVENUE STATION,SXGDS,5,11
2026-05-14,EC,14:50:00,Thursday,EGLINTON ECLRT STATION,MXIS,0,0
2026-05-14,EC,15:28:00,Thursday,MOUNT PLEASANT STATION,SXGDS,5,10
2026-05-14,FW,15:57:00,Thursday,FINCH WEST FWLRT STATI,TXS,5,10
2026-05-14,FW,16:39:00,Thursday,HUMBER COLLEGE STOP TO,TXS,8,0
2026-05-14,EC,17:48:00,Thursday,LAIRD STATION,EXBK,5,10
2026-05-14,FW,23:23:00,Thursday,ROWNTREE MILLS STOP,EXBK,38,0
2026-05-15,FW,02:30:00,Friday,FINCH WEST FWLRT STATI,PXMO,0,0
2026-05-15,EC,06:15:00,Friday,MOUNT DENNIS STATION,EXYRD,10,14
2026-05-15,EC,06:16:00,Friday,MOUNT DENNIS STATION,EXYRD,3,11
2026-05-15,EC,14:25:00,Friday,MOUNT PLEASANT STATION,EXO,6,12
2026-05-15,EC,14:44:00,Friday,GOLDEN MILE STOP,SXDP,7,11
2026-05-15,EC,15:43:00,Friday,CALEDONIA STATION,MXPAA,0,0
2026-05-15,EC,17:24:00,Friday,FOREST HILL STATION,MXPAA,0,0
2026-05-15,EC,19:43:00,Friday,FAIRBANK STATION,SXO,0,0
2026-05-15,EC,21:53:00,Friday,MOUNT PLEASANT STATION,SXGDS,3,11
2026-05-15,EC,01:18:00,Friday,ECLRT,MXGD,0,0
2026-05-16,FW,05:43:00,Saturday,FINCH WEST LRT TO HUMB,PXMO,0,0
2026-05-16,EC,06:38:00,Saturday,KEELESDALE STATION,PXATC,7,14
2026-05-16,EC,09:59:00,Saturday,LAIRD STATION,EXATC,4,11
2026-05-16,EC,12:06:00,Saturday,CEDARVALE STATION,PXMEL,0,0
2026-05-16,EC,12:42:00,Saturday,KENNEDY ECLRT STATION,EXO,6,12
2026-05-16,EC,15:13:00,Saturday,AVENUE STATION,MXI,9,15
2026-05-16,EC,15:51:00,Saturday,SLOANE STOP,MXPAA,0,0
2026-05-16,EC,17:21:00,Saturday,SUNNYBROOK PARK STOP,MXPAA,0,0
2026-05-16,EC,17:39:00,Saturday,MOUNT PLEASANT STATION,EXGA,7,14
2026-05-16,EC,20:31:00,Saturday,HAKIMI LEBOVIC STOP,MXPAA,0,0
2026-05-16,EC,21:43:00,Saturday,AVENUE STATION,MXIR,15,22
2026-05-16,EC,22:28:00,Saturday,O'CONNOR STOP,MXIR,15,22
2026-05-17,FW,07:00:00,Saturday,FINCH WEST STATION TO,PXMO,0,0
2026-05-17,EC,08:48:00,Saturday,MOUNT DENNIS STATION,EXATC,4,11
2026-05-17,EC,09:40:00,Saturday,DON VALLEY STATION,MXIS,0,0
2026-05-17,EC,13:15:00,Saturday,EGLINTON ECLRT STATION,SXGDS,0,0
2026-05-17,EC,13:33:00,Saturday,O'CONNOR STOP,EXTM,7,14
2026-05-17,EC,14:09:00,Saturday,AGA KHAN PARK - MUSEUM,PXW,0,0
2026-05-17,EC,14:41:00,Saturday,KENNEDY ECLRT STATION,SXAE,0,0
2026-05-17,EC,14:50:00,Saturday,DON VALLEY STATION,PXMO,0,0
2026-05-17,EC,15:09:00,Saturday,MOUNT DENNIS STATION,MXI,7,14
2026-05-17,EC,15:58:00,Saturday,DON VALLEY STATION,PXMO,0,0
2026-05-17,EC,16:46:00,Saturday,FAIRBANK STATION,SXDP,0,0
2026-05-17,EC,17:28:00,Saturday,CEDARVALE STATION,MXO,7,14
2026-05-17,EC,01:28:00,Saturday,EGLINTON STATION,PXO,0,0
2026-05-17,EC,19:48:00,Saturday,MOUNT DENNIS STATION,TXO,7,14
2026-05-17,EC,20:09:00,Saturday,KENNEDY STATION,SXAE,23,30
2026-05-17,EC,23:26:00,Saturday,OAKWOOD STATION,SXGDS,3,10
2026-05-18,EC,05:30:00,Monday,LINE 5,PXEO,0,0
2026-05-18,FW,05:40:00,Monday,HUMBER COLLEGE TO FINC,PXMO,0,0
2026-05-18,EC,08:55:00,Monday,KEELESDALE STATION,EXO,3,11
2026-05-18,EC,12:58:00,Monday,MOUNT DENNIS STATION,EXATC,8,16
2026-05-18,EC,13:48:00,Monday,SINOT AND EGLINTON,SXO,0,0
2026-05-18,EC,13:56:00,Monday,FOREST HILL STATION,SXUT,0,0
2026-05-18,EC,14:30:00,Monday,EGLINTON ECLRT STATION,MXIRS,0,0
2026-05-18,EC,15:18:00,Monday,KEELESDALE STATION,MXIR,7,14
2026-05-18,EC,16:38:00,Monday,CHAPLIN STATION,SXUT,0,0
2026-05-18,EC,16:47:00,Monday,DON VALLEY STATION,SXO,4,12
2026-05-18,EC,18:05:00,Monday,CALEDONIA STATION,SXUT,10,18
2026-05-18,EC,18:21:00,Monday,MOUNT DENNIS STATION,SXUT,0,0
2026-05-18,EC,20:03:00,Monday,MOUNT DENNIS STATION,TXNIP,0,0
2026-05-18,EC,21:32:00,Monday,CEDARVALE STATION,SXUT,5,17
2026-05-18,EC,22:21:00,Monday,LEASIDE STATION,SXGDS,0,0
2026-05-18,FW,22:25:00,Monday,ROWNTREE MILLS STOP,EXBK,0,0
2026-05-18,EC,01:15:00,Monday,CEDARVALE STATION,SXO,0,0
2026-05-19,EC,05:19:00,Tuesday,IONVIEW STOP TO GOLDEN,PXSTP,0,0
2026-05-19,EC,05:27:00,Tuesday,KEELESDALE STATION,SXO,0,0
2026-05-19,FW,05:36:00,Tuesday,SENTINEL STOP,EXATC,8,18
2026-05-19,FW/EC,06:00:00,Tuesday,TORONTO TRANSIT CONTRO,MXO,0,0
2026-05-19,EC,07:35:00,Tuesday,EGLINTON ECLRT STATION,SXUT,0,0
2026-05-19,FW,07:57:00,Tuesday,FINCH WEST FWLRT STATI,MXO,0,0
2026-05-19,EC,08:31:00,Tuesday,FAIRBANK STATION,MXO,0,0
2026-05-19,FW,08:36:00,Tuesday,HUMBER COLLEGE STOP,TXOVS,0,0
2026-05-19,FW,08:47:00,Tuesday,FINCH WEST FWLRT STATI,MXO,0,0
2026-05-19,EC,09:40:00,Tuesday,OAKWOOD STATION,EXATC,4,8
2026-05-19,EC,11:18:00,Tuesday,DON VALLEY STATION,SXGDS,0,0
2026-05-19,FW,11:30:00,Tuesday,MARTIN GROVE STOP,EXATC,8,18
2026-05-19,EC,12:09:00,Tuesday,BIRCHMOUNT STOP,MXD,0,0
2026-05-19,FW,13:35:00,Tuesday,WESTMORE STOP,EXBK,9,19
2026-05-19,EC,13:40:00,Tuesday,MOUNT DENNIS STATION,PXSW,132,138
2026-05-19,EC,14:16:00,Tuesday,DON VALLEY STATION,MXO,0,0
2026-05-19,EC,14:41:00,Tuesday,CEDARVALE STATION,PXMO,0,0
2026-05-19,FW,15:16:00,Tuesday,FINCH WEST FWLRT STATI,SXO,0,0
2026-05-19,FW,15:45:00,Tuesday,JANE FWLRT STOP,EXNEA,5,10
2026-05-19,EC,17:23:00,Tuesday,CALEDONIA STATION,SXDP,0,0
2026-05-19,EC,18:51:00,Tuesday,DON VALLEY STATION,MXIRS,0,0
2026-05-19,FW,20:14:00,Tuesday,JANE FWLRT STOP,SXDP,8,18
2026-05-19,EC,20:43:00,Tuesday,KEELESDALE STATION,MXO,6,11
2026-05-19,FW,20:57:00,Tuesday,FINCH WEST FWLRT STATI,MXO,0,0
2026-05-19,FW,21:46:00,Tuesday,NORFINCH OAKDALE STOP,MXGD,7,17
2026-05-20,EC,02:16:00,Wednesday,DON VALLEY STATION,MXIE,0,0
2026-05-20,FW,07:33:00,Wednesday,FINCH WEST FWLRT STATI,MXO,0,0
2026-05-20,FW,07:41:00,Wednesday,JANE FWLRT STOP,EXNEA,7,14
2026-05-20,EC,08:55:00,Wednesday,MOUNT DENNIS STATION,PXSAC,108,112
2026-05-20,EC,09:38:00,Wednesday,LEASIDE STATION,PXOV,971,981
2026-05-20,EC,11:25:00,Wednesday,MOUNT DENNIS STATION,MXIRS,0,0
2026-05-20,EC,11:44:00,Wednesday,LEASIDE STATION,SXDP,0,0
2026-05-20,EC,12:42:00,Wednesday,EGLINTON ECLRT STATION,MXPAA,0,0
2026-05-20,FW,13:01:00,Wednesday,HUMBER COLLEGE STOP,PXEO,90,96
2026-05-20,EC,13:54:00,Wednesday,MOUNT DENNIS STATION,EXBK,0,0
2026-05-20,EC,14:02:00,Wednesday,MOUNT DENNIS STATION,PXOV,4,8
2026-05-20,EC,14:04:00,Wednesday,MOUNT DENNIS STATION,PXOV,4,8
2026-05-20,EC,14:26:00,Wednesday,MOUNT DENNIS STATION,PXOV,4,8
2026-05-20,EC,14:31:00,Wednesday,MOUNT DENNIS STATION,PXOV,4,8
2026-05-20,EC,14:38:00,Wednesday,MOUNT DENNIS STATION,PXOV,4,8
2026-05-20,EC,14:52:00,Wednesday,MOUNT DENNIS STATION,PXOV,4,8
2026-05-20,EC,15:03:00,Wednesday,MOUNT DENNIS STATION,EXO,0,0
2026-05-20,EC,15:05:00,Wednesday,MOUNT DENNIS STATION,PXOV,4,8
2026-05-20,FW,15:08:00,Wednesday,FINCH WEST FWLRT STATI,SXO,21,27
2026-05-20,EC,15:13:00,Wednesday,MOUNT DENNIS STATION,PXOV,4,8
2026-05-20,EC,15:21:00,Wednesday,MOUNT DENNIS STATION,PXOV,4,8
2026-05-20,EC,15:33:00,Wednesday,MOUNT DENNIS STATION,PXOV,6,12
2026-05-20,EC,15:41:00,Wednesday,MOUNT DENNIS STATION,PXOV,4,8
2026-05-20,FW,15:44:00,Wednesday,MOUNT OLIVE STOP,EXVC,5,10
2026-05-20,FW,16:26:00,Wednesday,WESTMORE STOP,EXCE,0,0
2026-05-20,EC,18:44:00,Wednesday,DON VALLEY STATION,EXDO,6,16
2026-05-20,EC,21:07:00,Wednesday,CEDARVALE STATION,SXGDS,0,0
2026-05-20,EC,21:17:00,Wednesday,CEDARVALE STATION,SXDP,0,0
2026-05-20,EC,23:55:00,Wednesday,PHARMACY STOP,MXIR,26,38
2026-05-21,EC,05:49:00,Thursday,MOUNT DENNIS STATION,EXO,4,0
2026-05-21,EC,07:14:00,Thursday,EGLINTON ECLRT STATION,EXBK,4,8
2026-05-21,FW,07:41:00,Thursday,JANE FWLRT STOP,EXNEA,7,14
2026-05-21,EC,08:06:00,Thursday,MOUNT DENNIS STATION,EXVC,4,8
2026-05-21,EC,09:07:00,Thursday,KEELESDALE STATION,EXO,4,8
2026-05-21,FW,09:57:00,Thursday,JANE FWLRT STOP,EXVC,10,20
2026-05-21,EC,10:01:00,Thursday,LEASIDE STATION (LEAVI,TXO,5,9
2026-05-21,EC,10:12:00,Thursday,KENNEDY TO MT DENNIS S,PXATC,4,8
2026-05-21,EC,14:15:00,Thursday,LEASIDE STATION,SXUT,5,10
2026-05-21,EC,15:06:00,Thursday,CHAPLIN STATION,SXUT,0,0
2026-05-21,FW,15:14:00,Thursday,JANE FWLRT STOP,EXNEA,5,10
2026-05-21,EC,15:32:00,Thursday,LEASIDE STATION,SXGDS,5,10
2026-05-21,EC,15:59:00,Thursday,ECLRT LINE,PXATC,24,28
2026-05-21,EC,17:34:00,Thursday,DON VALLEY STATION,MXIRS,0,0
2026-05-21,EC,18:12:00,Thursday,FAIRBANK STATION,SXUT,0,0
2026-05-21,EC,20:26:00,Thursday,EGLINTON ECLRT STATION,SXGDS,0,0
2026-05-21,FW,23:46:00,Thursday,FINCH WEST STATION - P,SXGDS,0,0
2026-05-21,EC,00:25:00,Thursday,SLOANE STOP,TXO,8,20
2026-05-22,FW,07:41:00,Friday,JANE FWLRT STOP,EXNEA,7,14
2026-05-22,EC,12:28:00,Friday,FOREST HILL STATION,SXGDS,3,10
2026-05-22,EC,12:36:00,Friday,EGLINTON ECLRT STATION,SXGDS,3,10
2026-05-22,EC,13:13:00,Friday,FOREST HILL STATION,EXCE,6,12
2026-05-22,EC,15:28:00,Friday,MOUNT PLEASANT STATION,SXGDS,6,12
2026-05-22,FW,15:40:00,Friday,JANE FWLRT STOP,EXNEA,5,10
2026-05-22,EC,15:48:00,Friday,HANDOVER JUST EAST,EXATC,6,12
2026-05-22,FW,15:49:00,Friday,HUMBER COLLEGE STOP TO,MXUS,6,15
2026-05-22,EC,16:12:00,Friday,MOUNT DENNIS STATION,EXATC,6,12
2026-05-22,FW,16:13:00,Friday,FINCH WEST FWLRT STATI,SXUT,0,0
2026-05-22,EC,16:55:00,Friday,DON VALLEY STATION,EXAC,6,12
2026-05-22,EC,18:30:00,Friday,MOUNT DENNIS STATION L,TXOI,5,11
2026-05-22,EC,18:47:00,Friday,LAIRD STATION,SXGDS,3,9
2026-05-22,EC,21:17:00,Friday,DON VALLEY STATION,SXGDS,0,0
2026-05-22,EC,21:35:00,Friday,CEDARVALE STATION,PXMEL,0,0
2026-05-22,EC,22:01:00,Friday,KENNEDY ECLRT STATION,SXO,19,26
2026-05-22,EC,23:08:00,Friday,MOUNT DENNIS STATION,TXO,0,0
2026-05-22,EC,01:20:00,Friday,MOUNT DENNIS STATION,TXCC,15,35
2026-05-23,EC,02:00:00,Saturday,CEDARVALE STATION,MXIS,0,0
2026-05-23,EC,11:18:00,Saturday,MOUNT DENNIS STATION,EXO,7,14
2026-05-23,EC,11:40:00,Saturday,AGA KHAN PARK- MUSEUM,PXDCS,5,12
2026-05-23,EC,11:45:00,Saturday,EGLINTON AND SINNOTT,EXATC,0,0
2026-05-23,EC,13:41:00,Saturday,FOREST HILL STATION,EXO,7,14
2026-05-23,FW,15:38:00,Saturday,DRIFTWOOD STOP,EXBK,25,35
2026-05-23,EC,16:38:00,Saturday,FAIRBANK STATION,SXGDS,0,0
2026-05-23,EC,18:00:00,Saturday,LAIRD STATION,TXUS,7,14
2026-05-23,EC,20:56:00,Saturday,LEASIDE STATION,SXGDS,0,0
2026-05-23,EC,21:40:00,Saturday,MOUNT PLEASANT STATION,SXGDS,0,0
2026-05-23,FW,00:20:00,Saturday,HUMBER COLLEGE STOP,SXO,0,0
2026-05-23,EC,01:01:00,Saturday,MOUNT DENNIS STATION,EXBK,3,23
2026-05-23,FW,01:37:00,Saturday,HAND- OFF,TXSUP,0,0
2026-05-24,EC,07:38:00,Monday,GOLDEN MILE STOP,TXO,11,0
2026-05-24,EC,12:11:00,Monday,FAIRBANK STATION,SXGDS,7,14
2026-05-24,FW,13:43:00,Monday,SIGNET ARROW STOP,EXBK,0,0
2026-05-24,EC,14:37:00,Monday,DON VALLEY STATION,PXMEL,0,0
2026-05-24,EC,17:17:00,Monday,CEDARVALE STATION,SXGDS,0,0
2026-05-24,EC,19:49:00,Monday,FOREST HILL STATION,SXGDS,0,0
2026-05-24,FW,20:28:00,Monday,PEARLDALE STOP,EXTM,0,0
2026-05-24,EC,21:19:00,Monday,MOUNT DENNIS STATION,EXCE,0,0
2026-05-24,EC,21:56:00,Monday,EGLINTON ECLRT STATION,SXGDS,11,18
2026-05-24,EC,22:05:00,Monday,APPROACHING HAKIMI LEB,MXO,0,0
2026-05-24,EC,22:27:00,Monday,AVENUE STATION,EXGA,6,13
2026-05-24,EC,23:37:00,Monday,HUMBER COLLEGE STOP,EXTM,0,0
2026-05-25,EC,05:27:00,Monday,KEELESDALE STATION,EXGA,0,0
2026-05-25,FW,05:37:00,Monday,YORKGATE AND FINCH,MXO,6,18
2026-05-25,FW,07:59:00,Monday,OAKWOOD STATION,EXCE,5,9
2026-05-25,EC,08:20:00,Monday,AVENUE STATION,TXO,0,0
2026-05-25,FW,10:35:00,Monday,ROWNTREE MILLS STOP,EXBK,35,45
2026-05-25,FW,14:01:00,Monday,ROWNTREE MILLS STOP,MXUS,3,12
2026-05-25,FW,15:08:00,Monday,FWMSF,EXNEA,6,12
2026-05-25,EC,15:20:00,Monday,KENNEDY ECLRT STATION,EXBK,4,8
2026-05-25,EC,15:37:00,Monday,MOUNT DENNIS STATION,EXBK,4,8
2026-05-25,EC,16:19:00,Monday,LAIRD STATION,TXOS,4,8
2026-05-25,FW,16:44:00,Monday,MILVAN RUMIKE STOP,MXUS,3,9
2026-05-25,EC,17:01:00,Monday,BIRCHMOUNT STOP,MXPAA,0,0
2026-05-25,EC,17:30:00,Monday,MOUNT PLEASANT STATION,SXUT,0,0
2026-05-25,EC,17:30:00,Monday,HAKIMI LEBOVIC STOP,EXBK,9,13
2026-05-25,EC,17:41:00,Monday,GOLDEN MILE STOP,EXBK,47,51
2026-05-25,EC,17:58:00,Monday,WARDEN AVENUE,MXO,0,0
2026-05-25,FW,18:20:00,Monday,HUMBER COLLEGE STOP,MXIS,6,12
2026-05-25,FW,19:15:00,Monday,SIGNET ARROW STOP,MXPAA,0,0
2026-05-25,EC,20:40:00,Monday,DON VALLEY STATION,PXMEL,0,0
2026-05-25,FW,20:49:00,Monday,FINCH WEST FWLRT STATI,SXUT,0,0
2026-05-26,FW,06:01:00,Tuesday,ROWNTREE MILLS STOP,EXO,41,51
2026-05-26,FW,07:44:00,Tuesday,JANE FWLRT STOP,EXNEA,7,14
2026-05-26,FW,08:35:00,Tuesday,ALBION STOP,EXBK,11,18
2026-05-26,EC,14:16:00,Tuesday,KEELESDALE STATION,SXUT,0,0
2026-05-26,EC,15:35:00,Tuesday,AVENUE STATION,MXPAA,0,0
2026-05-26,EC,16:30:00,Tuesday,SUNNYBROOK PARK STOP,EXO,3,8
2026-05-26,FW,16:57:00,Tuesday,HUMBER COLLEGE STOP,PXSW,75,83
2026-05-26,FW,16:57:00,Tuesday,HUMBER COLLEGE STOP,PXSW,3,10
2026-05-26,FW,19:11:00,Tuesday,NORFINCH OAKDALE STOP,PXSW,0,0
2026-05-26,EC,19:15:00,Tuesday,GOLDEN MILE STOP,SXUT,3,7
2026-05-27,FW,06:41:00,Wednesday,WESTMORE STOP,EXATC,10,20
2026-05-27,EC,08:18:00,Wednesday,SUNNYBROOK PARK STOP,EXATC,3,7
2026-05-27,EC,08:38:00,Wednesday,SLOANE STOP,MXPAA,0,0
2026-05-27,EC,08:42:00,Wednesday,FAIRBANK STATION,MXPAA,0,0
2026-05-27,EC,10:12:00,Wednesday,FAIRBANK STATION,MXPAA,0,0
2026-05-27,EC,11:36:00,Wednesday,FAIRBANK STATION,EXATC,15,22
2026-05-27,FW,11:50:00,Wednesday,ROWNTREE MILLS STOP,EXDO,8,18
2026-05-27,FW,12:26:00,Wednesday,NORFINCH OAKDALE STOP,PXSCR,9,18
2026-05-27,FW,12:33:00,Wednesday,FINCH WEST FWLRT STATI,EXDO,10,20
2026-05-27,EC,14:31:00,Wednesday,WYNFORD STOP,EXATC,68,75
2026-05-27,EC,00:40:00,Wednesday,CEDARVALE STATION,SXUT,0,0
2026-05-27,EC,01:06:00,Wednesday,LAIRD STATION,MXIS,0,0
2026-05-27,EC,16:04:00,Wednesday,CALEDONIA STATION,MXIRS,0,0
2026-05-27,FW,16:30:00,Wednesday,MOUNT OLIVE STOP,TXOS,7,14
2026-05-27,EC,17:35:00,Wednesday,CEDARVALE STATION,PXW,0,0
2026-05-27,EC,17:43:00,Wednesday,LAIRD STATION,MXPAA,0,0
2026-05-27,FW,17:53:00,Wednesday,FINCH WEST FWLRT STATI,MXO,0,0
2026-05-27,EC,18:05:00,Wednesday,DON VALLEY STATION,EXATC,4,8
2026-05-27,EC,19:43:00,Wednesday,FOREST HILL STATION,MXPAA,0,0
2026-05-27,EC,20:13:00,Wednesday,CEDARVALE STATION,EXCE,0,0
2026-05-27,FW,22:48:00,Wednesday,SIGNET ARROW STOP,PXSW,186,196
2026-05-27,EC,23:45:00,Wednesday,MOUNT DENNIS STATION,EXBK,7,14
2026-05-28,EC,06:24:00,Thursday,MOUNT DENNIS STATION,EXATC,6,14
2026-05-28,FW,07:41:00,Thursday,JANE FWLRT STOP,EXNEA,7,14
2026-05-28,EC,07:57:00,Thursday,CEDARVALE STATION,PXW,0,0
2026-05-28,EC,10:14:00,Thursday,KEELESDALE STATION,EXO,0,0
2026-05-28,FW,14:20:00,Thursday,EMERY STOP (ENTERING),TXOVS,0,0
2026-05-28,FW,14:23:00,Thursday,HUMBER COLLEGE STOP,PXSW,200,206
2026-05-28,EC,14:45:00,Thursday,LINE 5,PXATC,6,10
2026-05-28,FW,14:47:00,Thursday,ALBION STOP,EXBK,40,49
2026-05-28,FW,15:38:00,Thursday,JANE FWLRT STOP,EXNEA,6,12
2026-05-28,EC,17:10:00,Thursday,SLOANE CENTER TRACK,PXSW,0,0
2026-05-28,FW,18:15:00,Thursday,FINCH WEST FWLRT STATI,SXUT,5,11
2026-05-28,EC,19:58:00,Thursday,SLOANE STOP,PXW,0,0
2026-05-28,FW,20:13:00,Thursday,WESTMORE STOP,EXCE,0,0
2026-05-28,EC,20:24:00,Thursday,SLOANE STOP,EXBK,6,12
2026-05-28,EC,20:26:00,Thursday,MOUNT DENNIS STATION,PXSW,0,0
2026-05-28,EC,22:12:00,Thursday,MOUNT DENNIS STATION,EXO,7,14
2026-05-28,EC,22:48:00,Thursday,MOUNT DENNIS STATION,SXDP,33,40
2026-05-28,EC,22:49:00,Thursday,DON VALLEY STATION,MXIS,0,0
2026-05-28,EC,22:57:00,Thursday,CEDARVALE STATION,SXGDS,24,31
2026-05-28,EC,23:30:00,Thursday,KENNEDY ECLRT STATION,SXO,12,19
2026-05-29,EC,05:30:00,Friday,MOUNT PLEASANT STATION,PXWZ,10,0
2026-05-29,EC,05:40:00,Friday,KENNEDY ECLRT STATION,PXWZ,10,0
2026-05-29,EC,05:53:00,Friday,EGLINTON ECLRT STATION,PXWZ,10,0
2026-05-29,EC,06:00:00,Friday,KENNEDY ECLRT STATION,EXCE,20,40
2026-05-29,EC,07:23:00,Friday,CALEDONIA STATION,MXPAA,0,0
2026-05-29,FW,07:41:00,Friday,JANE FWLRT STOP,EXNEA,7,14
2026-05-29,EC,07:42:00,Friday,AGA KHAN PARK - MUSEUM,PXSW,5,9
2026-05-29,EC,07:45:00,Friday,AGA KHAN PARK - MUSEUM,EXATC,5,9
2026-05-29,EC,08:23:00,Friday,OAKWOOD STATION,PXMEL,0,0
2026-05-29,EC,08:25:00,Friday,AVENUE STATION,PXMEL,0,0
2026-05-29,EC,08:25:00,Friday,MULTIPLE STATION(S),PXMEL,0,0
2026-05-29,EC,08:56:00,Friday,DON VALLEY STATION,PXSW,0,0
2026-05-29,EC,11:55:00,Friday,CEDARVALE STATION,EXGA,5,12
2026-05-29,EC,12:01:00,Friday,FOREST HILL STATION,EXGA,7,14
2026-05-29,EC,13:42:00,Friday,FOREST HILL STATION,SXAP,0,0
2026-05-29,EC,13:54:00,Friday,AVENUE STATION,MXPAA,3,10
2026-05-29,EC,14:04:00,Friday,KENNEDY ECLRT STATION,PXSTP,164,169
2026-05-29,EC,15:38:00,Friday,FAIRBANK STATION,MXIRS,0,0
2026-05-29,EC,15:41:00,Friday,EGLINTON ECLRT STATION,MXPAA,0,0
2026-05-29,EC,16:02:00,Friday,MOUNT PLEASANT STATION,SXGDS,5,10
2026-05-29,EC,17:15:00,Friday,SUNNYBROOK PARK STOP,PXSAC,12,16
2026-05-29,EC,17:30:00,Friday,MOUNT DENNIS,EXO,5,9
2026-05-29,EC,18:06:00,Friday,EGLINTON ECLRT STATION,MXPAA,0,0
2026-05-29,EC,19:46:00,Friday,MOUNT PLEASANT STATION,SXGDS,3,10
2026-05-29,FW,20:09:00,Friday,DUNCANWOODS STOP,MXO,5,15
2026-05-29,FW,20:53:00,Friday,FINCH WEST FWLRT STATI,SXGDS,0,0
2026-05-29,EC,21:30:00,Friday,MT DENNIS STATION,MXIR,7,14
2026-05-29,EC,22:39:00,Friday,LEASIDE STATION,SXGDS,0,0
2026-05-29,EC,23:19:00,Friday,CEDARVALE STATION,SXDP,4,11
2026-05-30,FW,02:23:00,Saturday,HANDOFF,PXSW,0,0
2026-05-30,EC,08:47:00,Saturday,BIRCHMOUNT STOP,EXATC,4,12
2026-05-30,EC,11:03:00,Saturday,MOUNT DENNIS STATION,PXATC,7,10
2026-05-30,EC,16:11:00,Saturday,OAKWOOD STATION,EXTM,7,14
2026-05-30,EC,17:41:00,Saturday,EGLINTON ECLRT STATION,PXSAC,0,0
2026-05-30,EC,18:16:00,Saturday,MOUNT DENNIS STATION,SXGDS,0,0
2026-05-30,FW,18:40:00,Saturday,FINCH WEST FWLRT STATI,MXIRS,0,0
2026-05-30,EC,22:01:00,Saturday,MOUNT DENNIS STATION,EXO,8,16
2026-05-30,EC,22:31:00,Saturday,MOUNT DENNIS STATION,EXO,8,16
2026-05-30,EC,22:48:00,Saturday,MOUNT DENNIS STATION,EXO,8,14
2026-05-30,FW,23:52:00,Saturday,FINCH WEST FWLRT STATI,MXTO,10,20
2026-05-30,EC,01:08:00,Saturday,BIRCHMOUNT STOP,MXPAA,0,0
2026-05-30,EC,01:56:00,Saturday,CEDARVALE STATION,SXGDS,0,0
2026-05-31,EC,02:03:00,Saturday,MOUNT DENNIS STATION,MXIS,0,0
2026-05-31,FW,02:15:00,Saturday,FINCH WEST FWLRT STATI,MXINF,0,0
2026-05-31,EC,03:33:00,Saturday,OAKWOOD STATION,PXSCA,0,0
2026-05-31,EC,08:19:00,Saturday,SLOANE STOP,PXSAC,4,8
2026-05-31,EC,09:50:00,Saturday,PHARMACY STOP,PXW,114,121
2026-05-31,EC,10:31:00,Saturday,EGLINTON ECLRT STATION,SXEAS,0,0
2026-05-31,EC,11:02:00,Saturday,DON VALLEY STATION,SXAP,0,0
2026-05-31,EC,12:20:00,Saturday,CALEDONIA STATION,MXPAA,0,0
2026-05-31,EC,12:31:00,Saturday,CALEDONIA STATION,SXUT,0,0
2026-05-31,EC,16:47:00,Saturday,MOUNT DENNIS STATION,EXBK,7,14
2026-05-31,EC,17:09:00,Saturday,LEASIDE STATION,MXPAA,0,0
2026-05-31,EC,00:05:00,Saturday,EGLINTON ECLRT STATION,SXGDS,0,0
2026-05-31,EC,00:35:00,Saturday,EGLINTON ECLRT STATION,SXGDS,7,27
2026-05-31,EC,01:41:00,Saturday,TRANSIT CONTROL - BOCC,MXO,0,0
2026-06-01,FW,06:00:00,Monday,TORONTO TRANSIT COMMIS,MXINF,0,0
2026-06-01,EC,06:00:00,Monday,TORONTO TRANSIT COMMIS,MXINF,0,0
2026-06-01,FW,07:44:00,Monday,JANE AND FINCH,EXNEA,7,14
2026-06-01,EC,08:54:00,Monday,CALEDONIA STATION,SXAP,0,0
2026-06-01,EC,09:12:00,Monday,O'CONNOR STOP,MXPAA,0,0
2026-06-01,EC,12:28:00,Monday,DON VALLEY STATION,MXIR,4,12
2026-06-01,EC,14:08:00,Monday,EGLINTON ECLRT STATION,PXMEL,0,0
2026-06-01,EC,18:09:00,Monday,EGLINTON ECLRT STATION,SXO,0,0
2026-06-01,EC,20:03:00,Monday,KENNEDY ECLRT STATION,SXUT,0,0
2026-06-01,FW,21:31:00,Monday,TOBERMORY STOP,EXCE,0,0
2026-06-01,EC,22:33:00,Monday,KENNEDY ECLRT STATION,EXO,12,19
2026-06-02,EC,04:31:00,Tuesday,FAIRBANK STATION,PXWZ,0,0
2026-06-02,FW,09:58:00,Tuesday,EMERY STOP,EXATC,4,11
2026-06-02,FW,10:16:00,Tuesday,NORFINCH OAKDALE STOP,EXATC,8,15
2026-06-02,EC,11:57:00,Tuesday,CALEDONIA STATION,MXPAA,3,11
2026-06-02,EC,14:17:00,Tuesday,EGLINTON ECLRT STATION,TXOI,12,18
2026-06-02,EC,15:12:00,Tuesday,CHAPLIN STATION,MXFS,0,0
2026-06-02,EC,15:38:00,Tuesday,KEELESDALE STATION,SXUT,5,11
2026-06-02,EC,19:12:00,Tuesday,HAKIMI LEBOVIC STOP,MXPAA,0,0
2026-06-02,FW,20:28:00,Tuesday,HUMBER COLLEGE STOP,EXCE,0,0
2026-06-02,EC,23:31:00,Tuesday,MOUNT DENNIS STATION,EXCE,7,14
2026-06-02,EC,01:32:00,Tuesday,LAIRD STATION,PXATC,5,14
2026-06-03,EC,07:28:00,Wednesday,KENNEDY ECLRT STATION,EXVC,4,8
2026-06-03,FW,09:30:00,Wednesday,SENTINEL STOP,TXOVS,0,0
2026-06-03,EC,10:00:00,Wednesday,SUNNYBROOK PARK STOP,EXVC,12,16
2026-06-03,EC,10:02:00,Wednesday,EGLINTON ECLRT STATION,SXUT,0,0
2026-06-03,FW,11:14:00,Wednesday,TOBERMORY STOP,TXOVS,0,0
2026-06-03,EC,11:16:00,Wednesday,FOREST HILL STATION,MXIR,17,24
2026-06-03,EC,12:41:00,Wednesday,CEDARVALE STATION,SXGDS,0,0
2026-06-03,FW,15:32:00,Wednesday,EGLINTON ECLRT STATION,SXDP,5,9
2026-06-03,FW,16:45:00,Wednesday,HUMBER COLLEGE STOP,PXSW,179,186
2026-06-03,FW,16:56:00,Wednesday,MILVAN RUMIKE STOP,PXSW,5,12
2026-06-03,FW,17:18:00,Wednesday,ALBION STOP,PXSW,58,65
2026-06-03,EC,17:33:00,Wednesday,FOREST HILL STATION,MXIE,0,0
2026-06-03,FW,18:41:00,Wednesday,ROWNTREE MILLS STOP,PXSW,3,13
2026-06-03,FW,21:22:00,Wednesday,SENTINEL STOP,EXDO,8,17
2026-06-03,EC,23:36:00,Wednesday,OAKWOOD STATION,EXDO,0,0
2026-06-03,EC,23:40:00,Wednesday,MOUNT DENNIS STATION,MXIRS,7,14
2026-06-04,EC,02:06:00,Thursday,MOUNT DENNIS STATION,MXIS,0,0
2026-06-04,EC,05:50:00,Thursday,MOUNT DENNIS STATION,EXO,5,13
2026-06-04,FW,07:44:00,Thursday,JANE FWLRT STOP,EXNEA,7,14
2026-06-04,EC,07:48:00,Thursday,WYNFORD STOP,EXATC,5,9
2026-06-04,EC,07:50:00,Thursday,PHARMACY STOP,MXPAA,0,0
2026-06-04,EC,09:25:00,Thursday,IONVIEW STOP (ROSEMOUN,MXIR,10,14
2026-06-04,EC,09:42:00,Thursday,PHARMACY STOP,MXPAA,0,0
2026-06-04,EC,10:07:00,Thursday,CEDARVALE STATION,PXMEL,0,0
2026-06-04,EC,12:28:00,Thursday,MOUNT DENNIS STATION,EXECD,5,13
2026-06-04,EC,12:38:00,Thursday,CHAPLIN STATION,SXGDS,8,16
2026-06-04,EC,15:34:00,Thursday,EGLINTON ECLRT STATION,SXO,0,0
2026-06-04,FW,15:35:00,Thursday,JANE AND FINCH,EXNEA,5,10
2026-06-04,FW,15:59:00,Thursday,FINCH WEST FWLRT STATI,SXO,10,15
2026-06-04,FW,16:56:00,Thursday,SIGNET ARROW STOP,EXWA,3,8
2026-06-04,EC,17:55:00,Thursday,KENNEDY ECLRT STATION,EXO,4,8
2026-06-04,FW,20:55:00,Thursday,SIGNET ARROW STOP,EXATC,27,0
2026-06-04,EC,21:03:00,Thursday,PORTAL GIDS KENNEDY ST,SXGDS,3,10
2026-06-04,FW,21:27:00,Thursday,SIGNET ARROW STOP,PXSAC,105,115
2026-06-04,EC,21:30:00,Thursday,HAKIMI LEBOVIC STOP,TXTO,7,14
2026-06-04,EC,22:10:00,Thursday,LAIRD STATION,EXO,0,0
2026-06-04,FW,23:54:00,Thursday,SIGNET ARROW STOP,PXSO,33,0
2026-06-05,EC,08:49:00,Friday,DON VALLEY STATION,PXMEL,0,0
2026-06-05,EC,10:41:00,Friday,CEDARVALE STATION,SXUT,3,7
2026-06-05,EC,12:35:00,Friday,EGLINTON ECLRT STATION,SXGDS,0,0
2026-06-05,FW,12:35:00,Friday,SENTINEL STOP,SXDP,22,28
2026-06-05,EC,14:21:00,Friday,MOUNT DENNIS STATION,MXSAN,7,14
2026-06-05,EC,14:29:00,Friday,KENNEDY ECLRT STATION,MXIS,7,14
2026-06-05,EC,15:56:00,Friday,CEDARVALE STATION,PXMEL,0,0
2026-06-05,EC,16:55:00,Friday,KENNEDY ECLRT STATION,SXGDS,0,0
2026-06-05,EC,20:24:00,Friday,MOUNT DENNIS STATION,MXIRS,0,0
2026-06-05,EC,21:04:00,Friday,FOREST HILL STATION,SXGDS,0,0
2026-06-05,EC,22:54:00,Friday,AVENUE STATION,SXGDS,10,16
2026-06-06,EC,04:19:00,Saturday,MOUNT DENNIS STATION,PXATC,20,40
2026-06-06,FW,05:07:00,Saturday,DUNCANWOODS STOP,EXDO,6,12
2026-06-06,EC,05:40:00,Saturday,KENNEDY ECLRT STATION,PXATC,20,0
2026-06-06,EC,05:53:00,Saturday,EGLINTON ECLRT STATION,MXGD,28,0
2026-06-06,EC,06:00:00,Saturday,MOUNT DENNIS STATION,MXGD,7,0
2026-06-06,EC,06:04:00,Saturday,KENNEDY ECLRT STATION,EXBK,20,40
2026-06-06,EC,09:20:00,Saturday,MOUNT DENNIS STATION -,EXGA,8,15
2026-06-06,FW,10:09:00,Saturday,HUMBER COLLEGE STOP,SXDP,0,0
2026-06-06,EC,10:50:00,Saturday,EGLINTON ECLRT STATION,SXDP,0,0
2026-06-06,EC,10:51:00,Saturday,KENNEDY ECLRT STATION,MXSAN,7,14
2026-06-06,FW,11:50:00,Saturday,HUMBER COLLEGE STOP,EXO,5,15
2026-06-06,EC,12:04:00,Saturday,JANE FWLRT STOP,TXO,0,0
2026-06-06,EC,13:05:00,Saturday,WESTMORE STOP,PXTS,56,66
2026-06-06,EC,13:12:00,Saturday,JANE FWLRT STOP,MXWEA,15,25
2026-06-06,EC,14:59:00,Saturday,EGLINTON ECLRT STATION,SXGDS,0,0
2026-06-06,FW,17:50:00,Saturday,SENTINEL STOP,MXO,4,14
2026-06-06,FW,18:01:00,Saturday,FINCH WEST FWLRT STATI,EXAC,9,18
2026-06-06,EC,18:29:00,Saturday,EGLINTON ECLRT STATION,SXAP,0,0
2026-06-06,EC,19:11:00,Saturday,O'CONNOR STOP,SXL,0,0
2026-06-06,FW,19:36:00,Saturday,FINCH WEST FWLRT STATI,SXUT,8,18
2026-06-06,FW,22:31:00,Saturday,PEARLDALE STOP,MXIS,0,0
2026-06-07,EC,05:47:00,Saturday,FAIRBANK STATION,SXUT,0,0
2026-06-07,EC,08:47:00,Saturday,CHAPLIN STATION,SXGDS,3,23
2026-06-07,EC,08:50:00,Saturday,MOUNT DENNIS HANDOFF,PXSW,7,14
2026-06-07,FW,11:06:00,Saturday,MOUNT OLIVE STOP,EXDO,7,17
2026-06-07,EC,11:22:00,Saturday,EGLINTON ECLRT STATION,SXGDS,0,0
2026-06-07,EC,16:34:00,Saturday,DON VALLEY STATION,SXGDS,3,10
2026-06-07,EC,16:56:00,Saturday,MOUNT PLEASANT STATION,EXO,4,11
2026-06-07,EC,17:02:00,Saturday,LEASIDE STATION,SXDP,3,10
2026-06-07,EC,17:08:00,Saturday,KEELESDALE STATION,SXGDS,4,11
2026-06-07,EC,17:21:00,Saturday,KEELESDALE STATION,EXO,4,11
2026-06-07,EC,17:34:00,Saturday,OAKWOOD STATION,SXGDS,0,0
2026-06-07,FW,18:55:00,Saturday,WESTMORE STOP,EXAC,0,0
2026-06-07,FW,19:04:00,Saturday,HUMBER COLLEGE STOP,EXO,3,12
2026-06-07,EC,23:07:00,Saturday,FAIRBANK STATION,SXUT,13,19
2026-06-07,EC,23:08:00,Saturday,MOUNT PLEASANT STATION,SXUT,6,12
2026-06-07,EC,23:17:00,Saturday,FAIRBANK STATION,SXUT,4,10
2026-06-07,EC,00:15:00,Saturday,IONVIEW STOP,EXDO,0,0
2026-06-07,EC,01:08:00,Saturday,DON VALLEY STATION,SXUT,9,24
2026-06-08,FW,07:33:00,Monday,HUMBER COLLEGE STOP,EXDO,7,14
2026-06-08,FW,11:00:00,Monday,FINCH WEST FWLRT STATI,MXSAN,10,20
2026-06-08,EC,11:03:00,Monday,FAIRBANK STATION,SXGDS,0,0
2026-06-08,EC,11:10:00,Monday,DON VALLEY STATION,SXDP,0,0
2026-06-08,EC,11:12:00,Monday,CEDARVALE STATION,EXBK,8,16
2026-06-08,EC,11:54:00,Monday,MOUNT PLEASANT STATION,SXGDS,3,11
2026-06-08,EC,12:15:00,Monday,LEASIDE STATION,MXPAA,0,0
2026-06-08,EC,12:32:00,Monday,EGLINTON ECLRT STATION,SXGDS,0,0
2026-06-08,EC,12:37:00,Monday,CHAPLIN STATION,SXGDS,0,0
2026-06-08,FW,13:05:00,Monday,FINCH WEST FWLRT STATI,EXGA,0,0
2026-06-08,FW,13:58:00,Monday,FINCH WEST MAINTENACE,EXNEA,6,12
2026-06-08,FW,15:20:00,Monday,FINCH WEST MAINTENACE,EXNEA,6,12
2026-06-08,FW,15:36:00,Monday,EMERY STOP,TXO,3,9
2026-06-08,EC,16:30:00,Monday,MOUNT DENNIS STATION,EXO,15,19
2026-06-08,EC,19:24:00,Monday,EGLINTON ECLRT STATION,MXPAA,0,0
2026-06-08,EC,20:34:00,Monday,KENNEDY ECLRT STATION,PXDCS,10,17
2026-06-08,EC,00:10:00,Monday,KENNEDY ECLRT STATION,SXUT,0,0
2026-06-08,EC,01:49:00,Monday,NORFINCH OAKDALE STOP,MXAFR,14,24
2026-06-08,FW,22:15:00,Monday,ROWNTREE MILLS STOP,EXSE,0,0
2026-06-09,EC,05:30:00,Tuesday,MOUNT DENNIS STATION,PXMEL,0,0
2026-06-09,FW,07:44:00,Tuesday,JANE FWLRT STOP,EXNEA,7,14
2026-06-09,EC,08:03:00,Tuesday,EGLINTON ECLRT STATION,PXMEL,0,0
2026-06-09,EC,09:02:00,Tuesday,CEDARVALE STATION,MXSE,0,0
2026-06-09,EC,10:23:00,Tuesday,FOREST HILL STATION,SXGDS,3,11
2026-06-09,EC,10:28:00,Tuesday,CEDARVALE STATION,SXGDS,3,7
2026-06-09,EC,14:00:00,Tuesday,CEDARVALE STATION,TXCSA,0,0
2026-06-09,EC,14:39:00,Tuesday,OAKWOOD STATION,PXMEL,0,0
2026-06-09,FW,15:30:00,Tuesday,HUMBER COLLEGE STOP,MXO,0,0
2026-06-09,EC,16:06:00,Tuesday,CEDARVALE STATION,SXGDS,0,0
2026-06-09,EC,17:31:00,Tuesday,KENNEDY PORTAL,SXGDS,3,7
2026-06-09,EC,17:33:00,Tuesday,DON VALLEY STATION,EXGA,0,0
2026-06-09,EC,22:15:00,Tuesday,KENNEDY ECLRT STATION,SXDP,0,0
2026-06-10,EC,06:49:00,Wednesday,LEASIDE STATION,SXUT,10,30
2026-06-10,FW,08:52:00,Wednesday,MOUNT OLIVE STOP,MXO,3,10
2026-06-10,EC,10:34:00,Wednesday,SUNNYBROOK PARK STOP,EXDO,11,18
2026-06-10,EC,11:33:00,Wednesday,CEDARVALE STATION,MXIRS,0,0
2026-06-10,EC,11:46:00,Wednesday,CHAPLIN STATION,EXDO,4,11
2026-06-10,EC,12:20:00,Wednesday,OAKWOOD STATION,MXIRS,0,0
2026-06-10,EC,12:43:00,Wednesday,EGLINTON ECLRT STATION,SXUT,0,0
2026-06-10,EC,12:47:00,Wednesday,DON VALLEY STATION,MXIRS,0,0
2026-06-10,EC,15:33:00,Wednesday,MOUNT PLEASANT STATION,SXUT,3,7
2026-06-10,EC,16:18:00,Wednesday,LEASIDE STATION,SXDP,0,0
2026-06-10,EC,16:30:00,Wednesday,MOUNT DENNIS STATION,EXTR,3,7
2026-06-10,EC,17:18:00,Wednesday,HAKIMI LEBOVIC STOP,MXPAA,0,0
2026-06-10,EC,17:36:00,Wednesday,CHAPLIN STATION,SXUT,0,0
2026-06-10,EC,18:41:00,Wednesday,OAKWOOD STATION,EXWA,3,7
2026-06-10,EC,19:00:00,Wednesday,KENNEDY BD STATION,MXIS,0,0
2026-06-10,EC,19:03:00,Wednesday,O'CONNOR STOP,MXPAA,3,7
2026-06-11,FW,05:37:00,Thursday,NORFINCH OAKDALE STOP,EXDO,3,10
2026-06-11,EC,11:08:00,Thursday,DON VALLEY STATION,PXMEL,0,0
2026-06-11,EC,11:14:00,Thursday,EGLINTON ECLRT STATION,PXMEL,0,0
2026-06-11,FW,12:19:00,Thursday,TOBERMORY STOP,TXOVS,0,0
2026-06-11,FW,14:05:00,Thursday,HUMBER COLLEGE STATION,TXO,7,17
2026-06-11,FW,16:20:00,Thursday,STEVENSON STOP,EXCE,0,0
2026-06-11,EC,16:48:00,Thursday,MOUNT DENNIS STATION,MXIS,0,0
2026-06-11,EC,17:57:00,Thursday,FAIRBANK STATION,SXO,0,0
2026-06-11,EC,18:07:00,Thursday,AGA KHAN PARK - MUSEUM,EXO,4,8
2026-06-11,EC,18:40:00,Thursday,DON VALLEY STATION,MXO,0,0
2026-06-11,EC,20:14:00,Thursday,DON VALLEY STATION,MXIRS,0,0
2026-06-11,EC,20:35:00,Thursday,MOUNT DENNIS STATION,EXO,7,14
2026-06-11,FW,21:23:00,Thursday,WESTMORE STOP,EXCE,0,0
2026-06-11,EC,21:44:00,Thursday,KENNEDY ECLRT STATION,SXO,9,15
2026-06-11,EC,22:17:00,Thursday,EGLINTON AND BIRCHMOUN,MXO,7,13
2026-06-11,EC,22:31:00,Thursday,EGLINTON ECLRT STATION,MXPLC,52,58
2026-06-11,EC,00:09:00,Thursday,CHAPLIN STATION,SXGDS,9,16
2026-06-11,EC,00:14:00,Thursday,FAIRBANK STATION,SXGDS,0,0
2026-06-11,EC,00:27:00,Thursday,MOUNT DENNIS STATION,EXGA,9,18
2026-06-12,EC,08:16:00,Friday,MOUNT DENNIS STATION T,PXATC,7,11
2026-06-12,FW,08:48:00,Friday,SIGNET ARROW STOP,EXTM,0,0
2026-06-12,FW,11:18:00,Friday,ALBION STOP,EXO,6,16
2026-06-12,EC,11:26:00,Friday,KEELESDALE STATION,MXIS,0,0
2026-06-12,EC,11:33:00,Friday,MOUNT DENNIS STATION,SXL,0,0
2026-06-12,EC,12:43:00,Friday,KENNEDY ECLRT STATION,MXO,0,0
2026-06-12,EC,13:38:00,Friday,FOREST HILL STATION -,PXEO,0,0
2026-06-12,FW,14:06:00,Friday,FINCH WEST FWLRT STATI,EXAC,10,20
2026-06-12,FW,14:38:00,Friday,HANDOVER,PXSW,0,0
2026-06-12,EC,15:12:00,Friday,FOREST HILL STATION,PXWZ,0,0
2026-06-12,EC,15:28:00,Friday,KEELESDALE STATION,SXUT,0,0
2026-06-12,FW,15:35:00,Friday,FINCH WEST FWLRT STATI,EXAC,6,12
2026-06-12,EC,15:48:00,Friday,AVENUE STATION,SXGDS,0,0
2026-06-12,FW,15:54:00,Friday,FOREST HILL STATION,EXTR,4,8
2026-06-12,EC,18:07:00,Friday,LAIRD STATION,EXO,7,14
2026-06-12,EC,18:37:00,Friday,CHAPLIN STATION,SXGDS,0,0
2026-06-12,FW,18:42:00,Friday,YORK GATE,PXSW,0,0
2026-06-12,EC,19:01:00,Friday,AVENUE STATION,SXGDS,0,0
2026-06-12,EC,19:42:00,Friday,EGLINTON ECLRT STATION,SXGDS,0,0
2026-06-12,EC,19:57:00,Friday,GUNN BUILDING,EXATC,5,11
2026-06-12,EC,20:14:00,Friday,LINE 5 ECLRT,EXATC,0,0
2026-06-12,EC,21:22:00,Friday,FAIRBANK STATION,EXGA,9,15
2026-06-12,EC,21:27:00,Friday,O'CONNOR STOP,EXO,11,17
2026-06-12,EC,21:47:00,Friday,KEELESDALE STATION,SXGDS,3,9
2026-06-12,FW,22:48:00,Friday,GUNN BUILDING,PXATC,0,0
2026-06-12,EC,22:57:00,Friday,FAIRBANK STATION,SXGDS,0,0
2026-06-12,FW,23:07:00,Friday,SIGNET ARROW STOP,EXCE,0,0
2026-06-13,EC,05:46:00,Saturday,KENNEDY ECLRT STATION,PXWZ,5,0
2026-06-13,EC,07:01:00,Saturday,KENNEDY ECLRT STATION,EXO,6,13
2026-06-13,EC,07:31:00,Saturday,MOUNT DENNIS STATION P,EXBK,7,14
2026-06-13,EC,09:47:00,Saturday,PHARMACY STOP (WEST OF,MXO,7,14
2026-06-13,EC,10:00:00,Saturday,O'CONNOR STOP,EXBK,5,12
2026-06-13,EC,10:16:00,Saturday,KEELESDALE STATION,SXGDS,0,0
2026-06-13,EC,10:21:00,Saturday,KEELESDALE STATION,MXIRS,0,0
2026-06-13,FW,11:08:00,Saturday,NORFINCH OAKDALE STOP,EXO,12,22
2026-06-13,EC,11:17:00,Saturday,BIRCHMOUNT STOP,MXAFR,67,74
2026-06-13,EC,13:37:00,Saturday,DON VALLEY STATION,SXGDS,3,10
2026-06-13,EC,13:46:00,Saturday,MOUNT DENNIS STATION,EXTM,7,14
2026-06-13,EC,13:46:00,Saturday,WYNFORD STOP,EXBK,7,14
2026-06-13,EC,16:58:00,Saturday,DON VALLEY STATION,MXIRS,0,0
2026-06-13,EC,17:37:00,Saturday,LEASIDE STATION,SXUT,5,13
2026-06-13,FW,17:52:00,Saturday,WESTMORE STOP,PXTS,0,0
2026-06-13,EC,17:56:00,Saturday,CEDARVALE STATION,SXUT,0,0
2026-06-13,EC,18:03:00,Saturday,FOREST HILL STATION,EXBK,7,14
2026-06-13,EC,19:59:00,Saturday,MOUNT DENNIS STATION,EXO,7,14
2026-06-13,EC,20:18:00,Saturday,CEDARVALE STATION,SXUT,0,0
2026-06-13,EC,21:51:00,Saturday,CEDARVALE STATION,SXUT,3,10
2026-06-13,EC,23:39:00,Saturday,CEDARVALE STATION,MXIRS,0,0
2026-06-14,EC,08:29:00,Saturday,CALEDONIA STATION,SXGDS,3,10
2026-06-14,EC,08:49:00,Saturday,KEELESDALE STATION,SXGDS,0,0
2026-06-14,FW,10:02:00,Saturday,FINCH WEST FWLRT STATI,EXSE,10,20
2026-06-14,FW,11:31:00,Saturday,ALBION STOP,PXSW,10,93
2026-06-14,FW,11:54:00,Saturday,MOUNT OLIVE STOP,TXO,10,20
2026-06-14,FW,17:34:00,Saturday,ROWNTREE MILLS STOP,EXBK,0,0
2026-06-14,EC,17:50:00,Saturday,MOUNT DENNIS STATION,EXDO,7,14
2026-06-14,EC,18:18:00,Saturday,DON VALLEY STATION,SXGDS,5,12
2026-06-14,FW,19:12:00,Saturday,FINCH WEST LRT,SXGDS,0,0
2026-06-14,EC,20:30:00,Saturday,FAIRBANK STATION,SXGDS,0,0
2026-06-14,EC,22:47:00,Saturday,DON VALLY STATION,MXIS,0,0
2026-06-14,EC,22:56:00,Saturday,KENNEDY ECLRT STATION,TXO,13,19
2026-06-14,FW,23:59:00,Saturday,FINCH WEST FWLRT STATI,SXDP,0,0
2026-06-15,EC,11:50:00,Monday,LAIRD STATION,SXG,0,0
2026-06-15,EC,12:40:00,Monday,CEDARVALE STATION,PXMEL,0,0
2026-06-15,EC,14:24:00,Monday,MOUNT DENNIS STATION,TXNIP,5,10
2026-06-15,EC,14:37:00,Monday,KENNEDY ECLRT STATION,TXNIP,5,10
2026-06-15,FW,15:09:00,Monday,MAINTENANCE FACILITY,EXNEA,6,12
2026-06-15,FW,18:55:00,Monday,MOUNT OLIVE STOP,EXBK,0,0
2026-06-15,EC,19:03:00,Monday,KENNEDY ECLRT STATION,EXO,5,10
2026-06-15,EC,20:21:00,Monday,AVENUE STATION,SXO,0,0
2026-06-15,FW,23:55:00,Monday,DRIFTWOOD STOP,MXPAA,9,18
2026-06-16,EC,05:40:00,Tuesday,KENNEDY ECLRT STATION,PXWZ,6,0
2026-06-16,EC,05:45:00,Tuesday,MOUNT DENNIS STATION,PXWZ,3,0
2026-06-16,EC,05:53:00,Tuesday,EGLINTON ECLRT STATION,PXWZ,7,0
2026-06-16,EC,06:48:00,Tuesday,KEELESDALE STATION,EXDO,16,20
2026-06-16,EC,06:53:00,Tuesday,MOUNT DENNIS STATION -,EXO,4,8
2026-06-16,EC,07:37:00,Tuesday,LINE 5,PXATC,38,42
2026-06-16,EC,08:28:00,Tuesday,MT. DENNIS LEAD TRACKS,EXBK,18,22
2026-06-16,EC,09:40:00,Tuesday,IONVIEW STOP,EXCE,0,0
2026-06-16,EC,10:07:00,Tuesday,BIRCHMOUNT STOP,MXO,5,10
2026-06-16,EC,01:26:00,Tuesday,MOUNT DENNIS STATION (,EXBK,49,56
2026-06-16,EC,11:48:00,Tuesday,EGLINTON ECLRT STATION,SXGDS,0,0
2026-06-16,EC,14:24:00,Tuesday,KENNEDY ECLRT STATION,MXIS,0,0
2026-06-16,EC,14:48:00,Tuesday,CEDARVALE STATION,SXGDS,5,12
2026-06-16,EC,17:07:00,Tuesday,DON VALLEY STATION,MXPAA,3,7
2026-06-16,EC,18:16:00,Tuesday,DON VALLEY STATION,SXGDS,3,7
2026-06-16,EC,20:59:00,Tuesday,FAIRBANK STATION,SXGDS,3,10
2026-06-16,EC,21:33:00,Tuesday,EGLINTON STATION,TXOS,0,0
2026-06-16,FW,21:49:00,Tuesday,SENTINEL STOP,EXO,0,0
2026-06-16,FW,22:44:00,Tuesday,DUNCANWOODS STOP,EXCE,0,0
2026-06-16,EC,23:01:00,Tuesday,CALEDONIA STATION,MXFS,15,22
2026-06-16,FW,23:06:00,Tuesday,NORFINCH OAKDALE STOP,EXO,5,15
2026-06-17,EC,02:09:00,Wednesday,FAIRBANK STATION,MXIS,0,0
2026-06-17,ECLRT/FWLRT,06:00:00,Wednesday,TORONTO TRANSIT COMMIS,MXO,0,0
2026-06-17,EC,08:14:00,Wednesday,BIRCHMOUNT STOP,EXATC,0,0
2026-06-17,EC,08:21:00,Wednesday,FOREST HILL STATION,MXPAA,0,0
2026-06-17,EC,10:20:00,Wednesday,MOUNT PLEASANT STATION,TXO,9,13
2026-06-17,FW,13:26:00,Wednesday,ROWNTREE MILLS STOP,EXATC,0,0
2026-06-17,EC,16:37:00,Wednesday,MOUNT DENNIS STATION,EXDO,4,8
2026-06-17,EC,17:09:00,Wednesday,FAIRBANK STATION,EXATC,0,0
2026-06-17,FW,20:10:00,Wednesday,JANE FWLRT STOP,EXBK,22,32
2026-06-17,FW,20:30:00,Wednesday,SIGNET ARROW STOP,PXSW,0,0
2026-06-17,EC,22:08:00,Wednesday,KENNEDY ECLRT STATION,SXDP,12,17
2026-06-17,FW,23:02:00,Wednesday,FINCH WEST FWLRT STATI,SXGDS,0,0
2026-06-17,FW,23:20:00,Wednesday,FINCH WEST FWLRT STATI,EXCE,0,0
2026-06-17,EC,23:33:00,Wednesday,DON VALLEY STATION,SXGDS,0,0
2026-06-17,EC,00:58:00,Wednesday,EGLINTON ECLRT STATION,SXL,0,0
2026-06-17,EC,01:10:00,Wednesday,MOUNT DENNIS STATION,MXIS,0,0
2026-06-18,FW,05:08:00,Thursday,PEARLDALE STOP,MXAFR,103,104
2026-06-18,FW,05:45:00,Thursday,FINCH WEST FWLRT STATI,EXBO,5,10
2026-06-18,EC,07:05:00,Thursday,LEAD TRACKS (SOUTH HAN,EXATC,4,8
2026-06-18,FW,08:25:00,Thursday,DUNCANWOODS STOP,EXVC,5,10
2026-06-18,EC,11:29:00,Thursday,LAIRD STATION - SUNNBR,PXW,0,0
2026-06-18,FW,11:54:00,Thursday,MARTIN GROVE STOP,MXAFR,31,41
2026-06-18,FW,12:30:00,Thursday,TOBERMORY STOP,EXDO,4,9
2026-06-18,FW,14:53:00,Thursday,NORFINCH OAKDALE STOP,MXO,7,14
2026-06-18,FW,14:56:00,Thursday,JANE FWLRT STOP,MXO,7,14
2026-06-18,FW,15:02:00,Thursday,NORFINCH OAKDALE STOP,MXO,7,14
2026-06-18,FW,15:15:00,Thursday,JANE FWLRT STOP,MXO,7,14
2026-06-18,FW,15:37:00,Thursday,JANE FWLRT STOP,EXNEA,7,14
2026-06-18,EC,17:28:00,Thursday,MOUNT PLEASANT STATION,SXUT,0,0
2026-06-18,EC,17:51:00,Thursday,CEDARVALE STATION,SXO,10,14
2026-06-18,EC,00:49:00,Thursday,PEARLDALE STOP,MXAFR,10,20
2026-06-18,EC,18:54:00,Thursday,KEELESDALE STATION,SXGDS,5,9
2026-06-18,EC,20:03:00,Thursday,KEELESDALE STATION,SXUT,0,0
2026-06-18,FW,20:30:00,Thursday,FINCH WEST FWLRT STATI,EXATC,7,15
2026-06-18,FW,21:15:00,Thursday,TOBERMORY STOP,EXCE,0,0
2026-06-18,FW,21:28:00,Thursday,SIGNET ARROW STOP,PXSW,0,0
2026-06-18,EC,23:41:00,Thursday,OAKWOOD STATION,SXDP,0,0
2026-06-19,EC,07:13:00,Friday,MOUNT DENNIS STATION,EXO,4,8
2026-06-19,FW,08:14:00,Friday,MARTIN GROVE STOP - AP,SXUT,7,14
2026-06-19,EC,08:35:00,Friday,AVENUE STATION,SXO,4,8
2026-06-19,FW,11:22:00,Friday,MARTIN GROVE STOP - AP,EXATC,150,157
2026-06-19,FW,13:38:00,Friday,PEARLDALE STOP,EXDO,5,15
2026-06-19,EC,13:55:00,Friday,FOREST HILL STATION,EXGA,3,10
2026-06-19,EC,14:52:00,Friday,CEDARVALE STATION,EXBK,5,12
2026-06-19,FW,14:54:00,Friday,WESTMORE STOP,EXDO,5,10
2026-06-19,FW,15:15:00,Friday,DRIFTWOOD STOP,MXPR1,118,124
2026-06-19,EC,15:33:00,Friday,CEDARVALE STATION,EXGA,0,0
2026-06-19,EC,20:13:00,Friday,LEASIDE STATION,EXGA,4,11
2026-06-19,EC,21:02:00,Friday,MOUNT DENNIS STATION,SXGDS,0,0
2026-06-19,EC,22:09:00,Friday,FAIRBANK STATION,SXGDS,0,0
2026-06-19,EC,22:14:00,Friday,AVENUE TO LAIRD STATIO,PXSTP,96,106
2026-06-19,EC,23:10:00,Friday,FAIRBANK STATION,SXGDS,0,0
2026-06-19,EC,23:34:00,Friday,FAIRBANK STATION,SXGDS,3,13
2026-06-20,FW,06:08:00,Saturday,SIGNET ARROW STOP,EXDO,25,35
2026-06-20,EC,06:22:00,Saturday,FOREST HILL STATION,SXUT,0,0
2026-06-20,FW,06:28:00,Saturday,DUNCANWOODS STOP,MXO,20,30
2026-06-20,EC,09:11:00,Saturday,CEDARVALE STATION,SXL,3,10
2026-06-20,FW,15:02:00,Saturday,SENTINEL STOP,EXDO,3,13
2026-06-20,EC,15:31:00,Saturday,DON VALLEY STATION,SXUT,4,11
2026-06-20,EC,16:30:00,Saturday,LEASIDE STATION,PXMST,0,0
2026-06-20,EC,17:26:00,Saturday,CEDARVALE STATION,SXO,0,0
2026-06-20,EC,19:07:00,Saturday,CEDARVALE STATION,SXGDS,6,13
2026-06-20,FW,19:14:00,Saturday,FINCH WEST MAINTENACE,EXYRD,0,0
2026-06-20,EC,19:40:00,Saturday,IONVIEW STOP,MXPAA,0,0
2026-06-20,EC,19:45:00,Saturday,LAIRD STATION,MXPAA,0,0
2026-06-20,EC,19:56:00,Saturday,CEDARVALE STATION,SXGDS,3,10
2026-06-20,FW,20:05:00,Saturday,ROWNTREE MILLS STOP,MXPAA,0,0
2026-06-20,FW,20:56:00,Saturday,MILVAN RUMIKE STOP,MXAFR,26,36
2026-06-20,EC,21:06:00,Saturday,LAIRD STATION,PXMEL,0,0
2026-06-20,EC,00:18:00,Saturday,LEASIDE STATION,SXGDS,0,0
2026-06-20,EC,00:31:00,Saturday,FAIRBANK STATION,SXGDS,0,0
2026-06-20,FW,00:39:00,Saturday,FAIRBANK STATION,SXGDS,0,0
2026-06-20,EC,01:28:00,Saturday,HUMBER COLLEGE STOP,SXL,0,0
2026-06-20,EC,23:38:00,Saturday,MOUNT DENNIS STATION,MXSAN,3,10
2026-06-21,FW,08:31:00,Saturday,WEST OF MOUNT OLIVE ST,EXO,20,10
2026-06-21,EC,09:29:00,Saturday,KENNEDY ECLRT STATION,EXDO,5,12
2026-06-21,EC,13:07:00,Saturday,WYNFORD STOP,SXL,0,0
2026-06-21,EC,16:02:00,Saturday,IONVIEW STOP,MXPAA,0,0
2026-06-21,EC,16:50:00,Saturday,PHARMACY STOP,MXPAA,0,0
2026-06-21,FW,17:52:00,Saturday,HUMBER COLLEGE STOP,TXOVS,0,0
2026-06-21,EC,19:09:00,Saturday,FOREST HILL STATION,SXGDS,3,10
2026-06-21,EC,19:17:00,Saturday,CHAPLIN STATION,SXGDS,7,14
2026-06-21,EC,19:32:00,Saturday,FOREST HILL STATION,SXO,0,0
2026-06-21,EC,19:36:00,Saturday,KEELESDALE STATION,SXGDS,7,14
2026-06-21,EC,19:40:00,Saturday,KEELESDALE STATION,SXGDS,4,11
2026-06-21,EC,20:08:00,Saturday,LAIRD STATION,PXMEL,0,0
2026-06-21,EC,21:18:00,Saturday,MOUNT PLEASANT STATION,SXGDS,4,12
2026-06-21,EC,21:21:00,Saturday,EGLINTON ECLRT STATION,SXO,0,0
2026-06-21,EC,21:50:00,Saturday,EGLINTON ECLRT STATION,MXO,10,17
2026-06-21,FW,23:24:00,Saturday,WESTMORE STOP,EXCE,0,0
2026-06-21,EC,01:00:00,Saturday,MOUNT DENNIS STATION,EXYRD,13,33
2026-06-21,EC,01:07:00,Saturday,MOUNT DENNIS STATION,EXO,15,35
2026-06-22,EC,09:41:00,Monday,MOUNT DENNIS STATION,SXUT,4,7
2026-06-22,EC,10:30:00,Monday,CEDARVALE STATION,MXPAA,3,6
2026-06-22,EC,12:44:00,Monday,MOUNT DENNIS STATION,EXBK,7,14
2026-06-22,FW,14:59:00,Monday,JANE FWLRT STOP,TXNIP,6,12
2026-06-22,EC,15:14:00,Monday,MOUNT PLEASANT STATION,SXGDS,5,12
2026-06-22,EC,16:29:00,Monday,MOUNT DENNIS STATION,EXBK,4,8
2026-06-22,EC,16:51:00,Monday,CHAPLIN STATION,EXOSC,4,8
2026-06-22,FW,18:30:00,Monday,FINCH WEST FWLRT - CRO,SXO,14,20
2026-06-22,FW,18:44:00,Monday,MOUNT OLIVE STOP,EXCE,0,0
2026-06-22,EC,19:59:00,Monday,CALEDONIA STATION,MXIS,0,0
2026-06-22,EC,20:10:00,Monday,FOREST HILL STATION,PXMEL,0,0
2026-06-22,EC,20:19:00,Monday,CEDARVALE STATION,SXPOL,4,8
2026-06-22,EC,20:21:00,Monday,CEDARVALE STATION,SXPOL,4,8
2026-06-22,FW,20:55:00,Monday,FINCH WEST FWLRT STATI,PXMEL,0,0
2026-06-22,FW,22:06:00,Monday,FINCH AND YORK GATE,EXBK,10,19
2026-06-22,FW,22:49:00,Monday,STEVENSON STOP,EXCE,0,0
2026-06-23,EC,08:01:00,Tuesday,KENNEDY ECLRT STATION,PXSO,3,6
2026-06-23,FW,08:42:00,Tuesday,DUNCANWOODS STOP,MXTD,0,0
2026-06-23,EC,10:53:00,Tuesday,BLACK CREEK YARD,TXO,0,0
2026-06-23,EC,14:21:00,Tuesday,MOUNT DENNIS STATION,EXAC,4,8
2026-06-23,FW,15:14:00,Tuesday,HAND OVER - EXITING,PXOV,6,12
2026-06-23,EC,15:26:00,Tuesday,MOUNT PLEASANT STATION,MXPAA,0,0
2026-06-23,FW,15:35:00,Tuesday,SOUTH HAND-OVER,MXO,6,12
2026-06-23,FW,16:31:00,Tuesday,JANE FWLRT STOP AND FI,MXAFR,38,44
2026-06-23,FW,16:56:00,Tuesday,SIGNET ARROW STOP,PXSW,6,12
2026-06-23,EC,17:09:00,Tuesday,DON VALLEY STATION,MXIS,0,0
2026-06-23,EC,17:34:00,Tuesday,CEDARVALE STATION,SXGDS,3,7
2026-06-23,EC,18:28:00,Tuesday,LAIRD STATION,SXGDS,3,7
2026-06-23,FW,19:08:00,Tuesday,ENTERING HAND OFF,MXO,10,20
2026-06-23,EC,19:33:00,Tuesday,FAIRBANK STATION,EXBK,5,12
2026-06-23,FW,19:53:00,Tuesday,MARTIN GROVE STOP,EXDO,0,0
2026-06-23,EC,20:20:00,Tuesday,LAIRD STATION,MXPAA,0,0
2026-06-23,EC,20:20:00,Tuesday,LAIRD STATION,EXBK,0,0
2026-06-23,EC,20:33:00,Tuesday,SUNNYBROOK PARK STOP,TXOVS,23,29
2026-06-23,EC,21:14:00,Tuesday,SUNNYBROOK PARK STOP,SXGDS,0,0
2026-06-23,FW,21:31:00,Tuesday,TOBERMORY STOP,EXCE,0,0
2026-06-23,FW,21:34:00,Tuesday,FINCH WEST FWLRT STATI,SXGDS,0,0
2026-06-23,FW,21:36:00,Tuesday,SENTINEL STOP,EXO,0,0
2026-06-23,EC,22:47:00,Tuesday,CEDARVALE STATION,SXGDS,0,0
2026-06-23,FW,23:16:00,Tuesday,STEVENSON STOP,EXCE,0,0
2026-06-24,EC,06:24:00,Wednesday,KENNEDY ECLRT STATION,TXO,20,40
2026-06-24,EC,08:03:00,Wednesday,FOREST HILL STATION,SXG,0,0
2026-06-24,EC,10:04:00,Wednesday,GOLDEN MILE STOP,EXBK,65,72
2026-06-24,EC,11:26:00,Wednesday,PHARMACY STOP,MXAFR,149,156
2026-06-24,EC,13:08:00,Wednesday,MOUNT PLEASANT STATION,SXGDS,0,0
2026-06-24,EC,15:10:00,Wednesday,CHAPLIN STATION,SXO,0,0
2026-06-24,EC,17:06:00,Wednesday,DON VALLEY STATION,SXGDS,6,10
2026-06-24,EC,21:17:00,Wednesday,AVENUE STATION,SXGDS,0,0
2026-06-24,EC,21:17:00,Wednesday,AVENUE STATION,EXO,12,17
2026-06-24,EC,21:41:00,Wednesday,KENNEDY STATION,SXGDS,9,15
2026-06-24,EC,21:43:00,Wednesday,KENNEDY ECLRT STATION,SXGDS,0,0
2026-06-24,EC,23:11:00,Wednesday,DON VALLEY STATION,MXIR,12,19
2026-06-25,EC,02:01:00,Thursday,BETWEEN GOLDEN MILE AN,EXO,0,0
2026-06-25,EC,03:59:00,Thursday,O'CONNOR STOP,PXW,0,0
2026-06-25,FW,04:44:00,Thursday,YORK GATE AND FINCH,PXSW,0,0
2026-06-25,FW,04:53:00,Thursday,NORFINCH OAKDALE STOP,PXSW,16,0
2026-06-25,EC,05:08:00,Thursday,FINCH WEST FWLRT STATI,PXSW,6,0
2026-06-25,EC,05:32:00,Thursday,EMSF YARD,EXYRD,4,0
2026-06-25,EC,07:22:00,Thursday,AVENUE STATION,MXIS,0,0
2026-06-25,EC,07:44:00,Thursday,LAIRD STATION,PXSCA,0,0
2026-06-25,EC,11:24:00,Thursday,MOUNT DENNIS STATION,PXMEL,0,0
2026-06-25,EC,13:09:00,Thursday,KENNEDY ECLRT STATION,EXO,7,14
2026-06-25,EC,13:44:00,Thursday,MOUNT DENNIS STATION,EXO,7,14
2026-06-25,EC,14:06:00,Thursday,AGA KHAN PARK,EXO,4,8
2026-06-25,EC,00:00:00,Thursday,EGLINTON ECLRT STATION,SXGDS,3,10
2026-06-25,EC,00:29:00,Thursday,DRIFTWOOD STOP,SXDP,6,16
2026-06-25,EC,00:29:00,Thursday,CEDARVALE STATION,SXGDS,0,0
2026-06-25,EC,01:43:00,Thursday,CALEDONIA STATION,SXO,0,0
2026-06-26,EC,06:40:00,Friday,MOUNT DENNIS STATION,TXO,5,9
2026-06-26,EC,06:42:00,Friday,GUNN BUILDING - TCC,PXATC,3,7
2026-06-26,EC,08:15:00,Friday,EGLINTON ECLRT STATION,EXBK,7,11
2026-06-26,EC,13:07:00,Friday,KEELESDALE STATION,EXGA,3,10
2026-06-26,EC,13:07:00,Friday,KEELESDALE STATION,MXPAA,0,0
2026-06-26,EC,14:28:00,Friday,MOUNT DENNIS STATION,TXO,4,8
2026-06-26,FW,14:49:00,Friday,YORK GATE AND FINCH,PXSW,0,0
2026-06-26,EC,14:53:00,Friday,CHAPLIN STATION,EXO,0,0
2026-06-26,EC,15:03:00,Friday,SUNNYBROOK PARK STOP,TXO,17,21
2026-06-26,EC,15:08:00,Friday,MOUNT DENNIS STATION,EXDO,4,8
2026-06-26,EC,16:19:00,Friday,LAIRD STATION,TXO,6,10
2026-06-26,EC,17:01:00,Friday,EGLINTON ECLRT STATION,MXPAA,0,0
2026-06-26,EC,17:45:00,Friday,KEELESDALE STATION,SXGDS,4,8
2026-06-26,EC,17:50:00,Friday,CALEDONIA STATION,SXGDS,4,8
2026-06-26,EC,00:30:00,Friday,AGA KHAN PARK - MUSEUM,EXCE,0,0
2026-06-26,FW,20:24:00,Friday,TOBERMORY STOP,EXCE,0,0
2026-06-26,EC,21:21:00,Friday,DON VALLEY STATION,SXGDS,6,13
2026-06-26,FW,23:54:00,Friday,NORFINCH OAKDALE STOP,EXCE,0,0
2026-06-27,FW,05:55:00,Saturday,EMERY STOP,EXO,54,64
2026-06-27,EC,07:09:00,Saturday,LINE 5 ECLRT,PXMEL,0,0
2026-06-27,FW,10:07:00,Saturday,SENTINEL STOP (APPROAC,TXOVS,3,12
2026-06-27,EC,10:30:00,Saturday,KENNEDY ECLRT STATION,SXGDS,0,0
2026-06-27,EC,14:41:00,Saturday,FAIRBANK STATION,SXUT,3,10
2026-06-27,EC,14:48:00,Saturday,GOLDEN MILE STOP,EXBK,47,54
2026-06-27,EC,14:55:00,Saturday,MOUNT DENNIS STATION,SXGDS,3,7
2026-06-27,FW,14:59:00,Saturday,STEVENSON STOP,MXD,0,0
2026-06-27,EC,15:45:00,Saturday,KENNEDY ECLRT STATION,EXBK,7,14
2026-06-27,EC,17:08:00,Saturday,MOUNT DENNIS STATION,SXAP,0,0
2026-06-27,EC,17:30:00,Saturday,CALEDONIA STATION,SXGDS,3,10
2026-06-27,EC,17:58:00,Saturday,LAIRD STATION,SXGDS,3,10
2026-06-27,EC,19:04:00,Saturday,FAIRBANK STATION,EXGA,8,15
2026-06-27,EC,19:19:00,Saturday,CALEDONIA STATION,TXOI,0,0
2026-06-27,EC,19:20:00,Saturday,MOUNT DENNIS STATION,SXGDS,3,7
2026-06-27,EC,20:11:00,Saturday,LAIRD STATION,SXGDS,3,10
2026-06-27,EC,20:23:00,Saturday,LAIRD STATION,SXGDS,3,10
2026-06-27,EC,21:27:00,Saturday,FAIRBANK STATION,EXGA,4,11
2026-06-27,EC,00:14:00,Saturday,FAIRBANK STATION,SXGDS,3,10
2026-06-27,EC,22:08:00,Saturday,FOREST HILL STATION,MXIRS,0,0
2026-06-27,EC,22:12:00,Saturday,MOUNT DENNIS STATION,EXGA,7,14
2026-06-27,FW,22:50:00,Saturday,FINCH WEST FWLRT STATI,SXGDS,0,0
2026-06-27,EC,23:51:00,Saturday,FAIRBANK STATION,EXGA,4,11
2026-06-28,EC,08:05:00,Saturday,MOUNT DENNIS STATION,EXTM,7,14
2026-06-28,FW,08:12:00,Saturday,JANE FWLRT STOP,EXBK,0,0
2026-06-28,EC,10:38:00,Saturday,DON VALLEY STATION,SXUT,9,16
2026-06-28,EC,13:05:00,Saturday,WYNFORD STOP,EXAC,7,14
2026-06-28,FW,14:11:00,Saturday,FINCH WEST FWLRT STATI,EXAC,10,20
2026-06-28,FW,14:56:00,Saturday,HUMBER COLLEGE STOP,PXSW,3,13
2026-06-28,FW,15:37:00,Saturday,HUMBER COLLEGE STOP,PXSW,0,0
2026-06-28,EC,16:31:00,Saturday,MOUNT DENNIS STATION,TXNCA,0,0
2026-06-28,EC,16:32:00,Saturday,CEDARVALE STATION,PXMEL,0,0
2026-06-28,FW,17:36:00,Saturday,FINCH WEST FWLRT STATI,PXSW,0,0
2026-06-28,EC,17:46:00,Saturday,CEDARVALE STATION,EXGA,7,14
2026-06-28,FW,18:24:00,Saturday,STEVENSON STOP,TXO,4,14
2026-06-28,EC,19:12:00,Saturday,MOUNT DENNIS STATION,EXO,7,14
2026-06-28,FW,21:25:00,Saturday,STEVENSON STOP,EXCE,0,0
2026-06-28,EC,22:16:00,Saturday,KENNEDY STATION,EXBK,7,14
2026-06-28,EC,22:43:00,Saturday,O'CONNOR STOP,EXO,0,0
2026-06-28,EC,00:48:00,Saturday,FAIRBANK STATION,EXGA,0,0
2026-06-28,EC,01:03:00,Saturday,FAIRBANK STATION,EXGA,4,11
2026-06-28,EC,01:16:00,Saturday,FAIRBANK STATION,EXGA,0,0
2026-06-28,EC,01:20:00,Saturday,FAIRBANK STATION,EXGA,4,11
2026-06-28,EC,01:31:00,Saturday,FAIRBANK STATION,EXGA,4,11
2026-06-29,EC,07:39:00,Monday,SUNNYBROOK PARK STOP,EXDO,3,7
2026-06-29,EC,07:59:00,Monday,FAIRBANK STATION,EXATC,4,8
2026-06-29,EC,09:22:00,Monday,O'CONNOR STOP,EXBK,23,27
2026-06-29,EC,09:35:00,Monday,KENNEDY ECLRT STATION,EXATC,5,10
2026-06-29,EC,11:55:00,Monday,IONVIEW STOP,EXVC,7,14
2026-06-29,FW,12:08:00,Monday,FINCH WEST STATION,MXBIO,10,20
2026-06-29,EC,13:37:00,Monday,CHAPLIN STATION,MXPAA,0,0
2026-06-29,EC,14:54:00,Monday,CEDARVALE STATION,SXGDS,0,0
2026-06-29,EC,17:40:00,Monday,CALEDONIA STATION,SXGDS,0,0
2026-06-29,EC,17:45:00,Monday,FAIRBANK STATION,EXBK,12,15
2026-06-29,EC,18:37:00,Monday,CHAPLIN STATION,PXMO,0,0
2026-06-29,FW,18:57:00,Monday,FINCH WEST FWLRT STATI,MXIRS,0,0
2026-06-29,FW,19:27:00,Monday,MARTIN GROVE STOP,EXBK,3,13
2026-06-29,EC,19:28:00,Monday,KENNEDY ECLRT STATION,MXIR,3,6
2026-06-29,FW,19:31:00,Monday,HUMBER COLLEGE STOP,TXOVS,0,0
2026-06-29,FW,21:49:00,Monday,FINCH WEST FWLRT STATI,SXGDS,0,0
2026-06-29,EC,00:21:00,Monday,CEDARVALE STATION,SXGDS,7,15
2026-06-29,EC,01:43:00,Monday,LAIRD STATION,SXO,0,0
2026-06-29,EC,01:44:00,Monday,LAIRD STATION,SXROB,0,0
2026-06-30,EC,06:17:00,Tuesday,LAIRD STATION,PXMEL,0,0
2026-06-30,EC,07:31:00,Tuesday,AVENUE STATION,EXATC,3,6
2026-06-30,FW,08:04:00,Tuesday,FINCH WEST FWLRT STATI,PXDCS,7,14
2026-06-30,FW,08:04:00,Tuesday,FINCH WEST FWLRT STATI,PXDCS,7,14
2026-06-30,FW,08:04:00,Tuesday,MILVAN RUMIKE STOP,PXDCS,7,14
2026-06-30,FW,08:04:00,Tuesday,EMERY STOP,PXDCS,7,14
2026-06-30,FW,08:04:00,Tuesday,DUNCANWOODS STOP,PXDCS,7,14
2026-06-30,FW,08:04:00,Tuesday,ROWNTREE MILLS STOP,PXDCS,7,14
2026-06-30,FW,08:04:00,Tuesday,ALBION STOP,PXDCS,7,14
2026-06-30,FW,08:04:00,Tuesday,ALBION STOP,PXDCS,7,14
2026-06-30,FW,08:04:00,Tuesday,WESTMORE STOP,PXDCS,7,14
2026-06-30,FW,08:04:00,Tuesday,SIGNET ARROW STOP,PXDCS,7,14
2026-06-30,FW,08:04:00,Tuesday,FINCH WEST FWLRT STATI,PXDCS,7,14
2026-06-30,FW,08:04:00,Tuesday,FINCH WEST FWLRT STATI,PXDCS,7,14
2026-06-30,FW,08:04:00,Tuesday,FINCH WEST FWLRT STATI,PXDCS,7,14
2026-06-30,FW,08:04:00,Tuesday,FINCH WEST FWLRT STATI,PXDCS,7,14
2026-06-30,FW,08:04:00,Tuesday,FINCH WEST FWLRT STATI,PXDCS,7,14
2026-06-30,FW,00:01:00,Tuesday,HUMBER COLLEGE STOP,EXCE,0,0
2026-06-30,FW,00:40:00,Tuesday,MOUNT DENNIS STATION,MXO,9,24
2026-06-30,FW,08:04:00,Tuesday,SENTINEL STOP,PXDCS,7,14
2026-06-30,FW,08:04:00,Tuesday,NORFINCH OAKDALE STOP,PXDCS,7,14
2026-06-30,FW,08:04:00,Tuesday,HUMBER COLLEGE STOP,PXDCS,7,14
2026-06-30,FW,08:04:00,Tuesday,HUMBER COLLEGE STOP,PXDCS,7,14
2026-06-30,EC,09:16:00,Tuesday,FOREST HILL STATION,MXPAA,0,0
2026-06-30,EC,11:12:00,Tuesday,KENNEDY ECLRT STATION,EXCE,7,14
2026-06-30,EC,12:01:00,Tuesday,DON VALLEY STATION,EXO,7,14
2026-06-30,EC,12:04:00,Tuesday,AVENUE STATION,MXIR,12,19
2026-06-30,EC,12:37:00,Tuesday,SLOANE STOP,MXPAA,0,0
2026-06-30,EC,12:53:00,Tuesday,DON VALLEY STATION,MXIRS,0,0
2026-06-30,EC,14:30:00,Tuesday,MOUNT DENNIS STATION,EXATC,0,0
2026-06-30,EC,15:08:00,Tuesday,O'CONNOR STOP,EXBK,4,8
2026-06-30,EC,15:38:00,Tuesday,O'CONNOR STOP,EXBK,4,8
2026-06-30,EC,15:44:00,Tuesday,HANDOFF,EXBK,4,8
2026-06-30,EC,16:22:00,Tuesday,O'CONNOR STOP TO WYNFO,PXSAC,0,0
2026-06-30,EC,16:57:00,Tuesday,SLOANE STOP,PXSO,0,0
2026-06-30,EC,17:18:00,Tuesday,MOUNT DENNIS STATION,MXIE,0,0
2026-06-30,EC,18:52:00,Tuesday,OAKWOOD STATION,PXMEL,0,0
2026-06-30,EC,21:26:00,Tuesday,GOLDEN MILE STOP,MXPAA,3,9
2026-07-01,FW,02:44:00,Wednesday,SIGNET ARROW STOP,PXSW,0,0
2026-07-01,EC,07:14:00,Wednesday,LINE 5 ECLRT,PXATC,0,0
2026-07-01,FW,08:21:00,Wednesday,SIGNET ARROW STOP,PXATC,10,20
2026-07-01,EC,10:03:00,Wednesday,PHARMACY STOP,MXPAA,10,17
2026-07-01,EC,10:54:00,Wednesday,MOUNT DENNIS STATION,EXO,4,10
2026-07-01,EC,11:45:00,Wednesday,CHAPLIN STATION,MXO,44,7
2026-07-01,EC,12:27:00,Wednesday,MOUNT DENNIS STATION,EXCE,7,14
2026-07-01,FW,15:09:00,Wednesday,FINCH WEST FWLRT STATI,EXAC,10,20
2026-07-01,FW,15:58:00,Wednesday,HANDOFF PLATFORM,PXSW,0,0
2026-07-01,EC,16:51:00,Wednesday,SLOANE STOP,MXIR,19,26
2026-07-01,EC,17:14:00,Wednesday,HAKIMI LEBOVIC STOP,PXSW,227,234
2026-07-01,EC,17:32:00,Wednesday,LAIRD STATION,SXGDS,0,0
2026-07-01,FW,21:26:00,Wednesday,MOUNT OLIVE STOP,SXO,0,0
2026-07-01,FW,01:19:00,Wednesday,SIGNET ARROW STOP,PXSW,0,0
2026-07-02,EC,09:11:00,Thursday,EXTREME HEAT PROTOCOL,MXWEA,0,0
2026-07-02,FW,09:13:00,Thursday,TOBERMORY STOP,EXTM,20,25
2026-07-02,FW,09:41:00,Thursday,JANE FWLRT STOP,PXSW,5,10
2026-07-02,EC,11:14:00,Thursday,KEELESDALE STATION,PXSTP,3,7
2026-07-02,EC,13:37:00,Thursday,EGLINTON ECLRT STATION,MXPAA,4,11
2026-07-02,EC,15:18:00,Thursday,PHARMACY STOP,EXDO,4,11
2026-07-02,EC,15:34:00,Thursday,MOUNT DENNIS STATION,PXW,186,192
2026-07-02,EC,15:46:00,Thursday,KEELESDALE STATION,EXAC,0,0
2026-07-02,FW,15:47:00,Thursday,JANE FWLRT STOP,EXNEA,6,12
2026-07-02,EC,15:57:00,Thursday,PHARMACY STOP,PXSAC,0,0
2026-07-02,EC,16:29:00,Thursday,EGLINTON ECLRT STATION,PXSAC,0,0
2026-07-02,FW,17:04:00,Thursday,NORFINCH OAKDALE STOP,TXO,6,12
2026-07-02,EC,18:13:00,Thursday,CEDARVALE STATION,PXSAC,0,0
2026-07-02,EC,18:32:00,Thursday,KENNEDY ECLRT STATION,EXAC,3,6
2026-07-02,FW,18:52:00,Thursday,HUMBER COLLEGE STOP (A,MXO,5,15
2026-07-02,EC,22:02:00,Thursday,MOUNT DENNIS STATION,PXW,6,12
2026-07-02,FW,22:08:00,Thursday,EGLINTON ECLRT STATION,MXO,6,11
2026-07-02,FW,23:24:00,Thursday,WESTMORE STOP,EXO,0,0
2026-07-02,FW,23:29:00,Thursday,FINCH WEST FWLRT STATI,EXBK,0,0
2026-07-03,EC,08:33:00,Friday,O'CONNOR STOP,MXPAA,0,0
2026-07-03,EC,10:03:00,Friday,AVENUE STATION,EXBK,14,18
2026-07-03,EC,12:59:00,Friday,KEELESDALE STATION,MXIS,0,0
2026-07-03,EC,13:25:00,Friday,KENNEDY ECLRT STATION,EXGA,7,14
2026-07-03,EC,14:25:00,Friday,NORTH HANDOVER,EXCE,0,0
2026-07-03,EC,15:00:00,Friday,MOUNT DENNIS STATION,PXW,137,141
2026-07-03,FW,15:40:00,Friday,FINCH WEST FWLRT STATI,EXDO,6,12
2026-07-03,EC,15:44:00,Friday,CEDARVALE STOP,EXAC,7,14
2026-07-03,EC,15:46:00,Friday,IONVIEW STOP,EXO,7,14
2026-07-03,FW,16:04:00,Friday,FINCH AND ROMFIELD,EXO,7,14
2026-07-03,FW,16:14:00,Friday,FINCH WEST FWLRT STATI,SXGDS,0,0
2026-07-03,FW,16:49:00,Friday,HUMBER COLLEGE STOP,PXSW,6,12
2026-07-03,EC,17:21:00,Friday,CEDARVALE STATION,PXW,0,0
2026-07-03,EC,22:01:00,Friday,MOUNT PLEASANT STATION,SXUT,0,0
2026-07-04,EC,05:42:00,Saturday,MOUNT DENNIS STATION,SXGDS,0,0
2026-07-04,EC,06:44:00,Saturday,AVENUE STATION,EXTM,0,0
2026-07-04,EC,09:16:00,Saturday,KENNEDY ECLRT STATION,EXTM,0,0
2026-07-04,EC,11:26:00,Saturday,FAIRBANK STATION,EXBK,46,53
2026-07-04,FW,14:13:00,Saturday,HUMBER COLLEGE STOP,EXO,10,20
2026-07-04,EC,16:01:00,Saturday,DON VALLEY STATION,SXGDS,3,10
2026-07-04,EC,16:09:00,Saturday,SUNNYBROOK PARK STOP,SXGDS,7,14
2026-07-04,EC,16:36:00,Saturday,LEASIDE STATION,PXMEL,0,0
2026-07-04,EC,17:41:00,Saturday,EGLINTON ECLRT STATION,SXO,0,0
2026-07-04,EC,19:10:00,Saturday,CALEDONIA STATION,SXGDS,0,0
2026-07-04,EC,19:29:00,Saturday,EGLINTON ECLRT STATION,MXO,0,0
2026-07-04,EC,19:30:00,Saturday,KEELESDALE STATION,MXIRS,0,0
2026-07-04,EC,19:37:00,Saturday,MOUNT DENNIS STATION (,EXO,41,51
2026-07-04,EC,20:03:00,Saturday,CEDARVALE STATION,SXGDS,0,0
2026-07-04,EC,01:10:00,Saturday,LEASIDE STATION,PXTDN,0,0
2026-07-04,EC,01:10:00,Saturday,EMSF,PXDCS,18,0
2026-07-04,FW,01:46:00,Saturday,ALBION AND MOUNT OLIVE,EXO,0,0
2026-07-05,FW,02:07:00,Saturday,ENTERING FW YARD,PXSW,0,0
2026-07-05,EC,08:53:00,Saturday,KENNEDY ECLRT STATION,EXBO,0,0
2026-07-05,EC,09:16:00,Saturday,BIRCHMOUNT STOP,EXAC,0,0
2026-07-05,EC,09:51:00,Saturday,MOUNT DENNIS STATION,TXNIP,8,15
2026-07-05,FW,10:11:00,Saturday,HUMBER COLLEGE STOP,SXGDS,0,0
2026-07-05,EC,12:00:00,Saturday,AVENUE STATION,MXPAA,0,0
2026-07-05,EC,13:20:00,Saturday,OAKWOOD STATION,MXIRS,0,0
2026-07-05,EC,13:38:00,Saturday,LAIRD STATION,MXPAA,3,10
2026-07-05,FW,14:47:00,Saturday,FINCH WEST LINE 6,PXSCA,0,0
2026-07-05,EC,15:15:00,Saturday,KENNEDY ECLRT STATION,EXBK,0,0
2026-07-05,EC,16:04:00,Saturday,MOUNT DENNIS STATION,EXAC,3,10
2026-07-05,FW,17:05:00,Saturday,PEARDALE STATION,MXSAN,0,0
2026-07-05,EC,20:08:00,Saturday,CEDARVALE STATION,MXPAA,0,0
2026-07-05,EC,20:42:00,Saturday,WYNFORD STOP,MXPAA,0,0
2026-07-05,EC,21:25:00,Saturday,MOUNT DENNIS STATION,EXBK,0,0
2026-07-06,EC,05:58:00,Monday,HAND OFF PLATFORM,EXCE,0,0
2026-07-06,EC,07:29:00,Monday,CEDARVALE STATION,MXTO,5,9
2026-07-06,EC,08:22:00,Monday,KENNEDY ECLRT STATION,EXO,0,0
2026-07-06,EC,10:02:00,Monday,O'CONNOR STOP,EXO,0,0
2026-07-06,EC,11:10:00,Monday,O'CONNOR STOP,MXD,0,0
2026-07-06,EC,11:36:00,Monday,MOUNT DENNIS STATION,MXI,0,0
2026-07-06,EC,11:38:00,Monday,CALEDONIA STATION,MXIS,0,0
2026-07-06,EC,14:47:00,Monday,FAIRBANK STATION,EXO,0,0
2026-07-06,EC,14:47:00,Monday,DON VALLEY STATION,SXO,7,11
2026-07-06,EC,14:51:00,Monday,AVENUE STATION,SXGDS,0,0
2026-07-06,FW,15:49:00,Monday,MARTIN GROVE STOP,EXDO,0,0
2026-07-06,FW,15:52:00,Monday,PEARLDALE STOP,EXDO,0,0
2026-07-06,EC,16:14:00,Monday,SLOANE STOP,MXPAA,0,0
2026-07-06,FW,16:16:00,Monday,FINCH WEST FWLRT STATI,EXAC,4,8
2026-07-06,FW,16:43:00,Monday,STEVENSON STOP,EXDO,0,0
2026-07-06,FW,00:05:00,Monday,MARTIN GROVE STOP,PXSW,10,20
2026-07-06,FW,00:14:00,Monday,CEDARVALE STATION,SXGDS,5,16
2026-07-06,EC,00:16:00,Monday,OAKWOOD STATION,TXOI,0,0
2026-07-06,EC,21:55:00,Monday,MOUNT DENNIS STATION,EXBK,6,13
2026-07-06,EC,23:24:00,Monday,KENNEDY ECLRT STATION,EXBK,7,14
2026-07-06,EC,23:50:00,Monday,EGLINTON ECLRT STATION,SXGDS,5,11
2026-07-07,EC,05:44:00,Tuesday,O'CONNOR STOP,EXO,10,0
2026-07-07,EC,07:05:00,Tuesday,LAIRD STATION,MXIS,4,9
2026-07-07,FW,07:12:00,Tuesday,TOBERMORY STOP,TXATC,3,9
2026-07-07,EC,09:21:00,Tuesday,MOUNT DENNIS STATION,EXATC,4,8
2026-07-07,EC,09:54:00,Tuesday,FAIRBANK STATION,MXTD,4,8
2026-07-07,FW,12:22:00,Tuesday,HUMBER COLLEGE STOP,PXSO,5,15
2026-07-07,FW,13:05:00,Tuesday,STEVENSON STOP,MXO,0,0
2026-07-07,EC,16:01:00,Tuesday,HAKIMI LEBOVIC STOP,EXCE,0,0
2026-07-07,EC,16:22:00,Tuesday,HAKIMI LEBOVIC STOP,MXPAA,3,7
2026-07-07,EC,16:45:00,Tuesday,KENNEDY ECLRT STATION,EXAC,0,0
2026-07-07,EC,17:34:00,Tuesday,CHAPLIN STATION,SXGDS,5,9
2026-07-07,EC,18:07:00,Tuesday,GOLDEN MILE STOP,EXOSC,0,0
2026-07-07,FW,18:12:00,Tuesday,HUMBER COLLEGE STOP,SXGDS,0,0
2026-07-07,EC,18:47:00,Tuesday,GOLDEN MILE STOP,MXPAA,0,0
2026-07-07,EC,19:10:00,Tuesday,BIRCHMOUNT ROAD,TXO,0,0
2026-07-07,EC,20:24:00,Tuesday,CALEDONIA STATION,MXO,0,0
2026-07-07,EC,20:41:00,Tuesday,SUNNYBROOK PARK STOP,EXCE,0,0
2026-07-07,EC,21:18:00,Tuesday,EGLINTON ECLRT STATION,SXGDS,5,11
2026-07-07,EC,23:43:00,Tuesday,KEELESDALE STATION,SXGDS,0,0
2026-07-07,EC,00:40:00,Tuesday,MOUNT DENNIS STATION,MXML,5,14
2026-07-08,EC,08:47:00,Wednesday,BIRCHMOUNT STOP,EXCE,0,0
2026-07-08,EC,09:00:00,Wednesday,KENNEDY ECLRT STATION,MXIRS,4,8
2026-07-08,EC,09:21:00,Wednesday,EGLINTON ECLRT STATION,PXMEL,0,0
2026-07-08,EC,10:07:00,Wednesday,SUNNYBROOK PARK STOP,EXO,0,0
2026-07-08,EC,11:36:00,Wednesday,KEELESDALE STATION,EXGA,5,12
2026-07-08,EC,11:48:00,Wednesday,FOREST HILL STATION,EXO,7,14
2026-07-08,FW,14:30:00,Wednesday,FINCH AND 400,TXPD,49,55
2026-07-08,EC,15:23:00,Wednesday,PHARMACY STOP,MXPAA,0,0
2026-07-08,EC,16:16:00,Wednesday,IONVIEW STOP,EXO,5,9
2026-07-08,FW,16:28:00,Wednesday,HUMBER COLLEGE STOP,PXSW,91,96
2026-07-08,FW,17:18:00,Wednesday,HUMBER COLLEGE STOP TO,PXSO,35,40
2026-07-08,EC,18:06:00,Wednesday,DON VALLEY STATION,SXGDS,10,14
2026-07-08,EC,19:02:00,Wednesday,O'CONNOR STOP,EXAC,0,0
2026-07-08,FW,20:33:00,Wednesday,HUMBER COLLEGE STOP,SXO,0,0
2026-07-08,EC,20:41:00,Wednesday,EGLINTON ECLRT STATION,SXGDS,7,12
2026-07-08,EC,21:09:00,Wednesday,SUNNYBROOK PARK STOP,EXVC,63,69
2026-07-08,FW,01:14:00,Wednesday,NORFINCH OAKDALE STOP,EXDO,0,0
2026-07-08,EC,01:23:00,Wednesday,MOUNT DENNIS STATION,EXO,20,39
2026-07-09,EC,05:26:00,Thursday,LEASIDE STATION,MXO,0,0
2026-07-09,EC,08:21:00,Thursday,IONVIEW STOP,SXL,0,0
2026-07-09,EC,10:51:00,Thursday,KENNEDY ECLRT STATION,PXSAC,15,22
2026-07-09,EC,11:52:00,Thursday,KENNEDY ECLRT STATION,EXO,7,14
2026-07-09,EC,12:26:00,Thursday,KENNEDY ECLRT STATION,PXSAC,7,14
2026-07-09,FW,12:32:00,Thursday,EMERY STOP,MXPAA,0,0
2026-07-09,EC,14:02:00,Thursday,AVENUE STATION,MXPAA,3,7
2026-07-09,EC,15:04:00,Thursday,KENNEDY ECLRT STATION,PXW,323,327
2026-07-09,FW,15:20:00,Thursday,DRIFTWOOD STOP,MXPAA,0,0
2026-07-09,EC,16:56:00,Thursday,SCIENCE CENTRE,SXGDS,0,0
2026-07-09,EC,17:52:00,Thursday,EGLINTON ECLRT STATION,MXPAA,0,0
2026-07-09,EC,18:11:00,Thursday,GOLDEN MILE STOP,PXW,0,0
2026-07-09,EC,18:15:00,Thursday,O'CONNOR STOP,SXDP,0,0
2026-07-09,EC,18:18:00,Thursday,PORTAL,EXGA,0,0
2026-07-09,EC,18:26:00,Thursday,TCC PORTAL,EXO,0,0
2026-07-09,EC,18:32:00,Thursday,O'CONNOR STOP,EXO,6,12
2026-07-09,FW,00:53:00,Thursday,ALBION STOP,PXSW,0,0
2026-07-09,EC,19:26:00,Thursday,HAKIMI LEBOVIC STOP,EXBK,26,30
2026-07-09,EC,20:22:00,Thursday,CALEDONIA STATION,EXGA,0,0
2026-07-09,EC,20:48:00,Thursday,KENNEDY ECLRT STATION,PXW,6,12
2026-07-09,EC,22:12:00,Thursday,CEDARVALE STATION,SXGDS,4,10
2026-07-09,EC,22:36:00,Thursday,FOREST HILL STATION,MXIRS,0,0
2026-07-10,EC,08:06:00,Friday,IONVIEW STOP,EXO,0,0
2026-07-10,EC,10:08:00,Friday,LAIRD STATION,TXOS,0,0
2026-07-10,FW,13:23:00,Friday,FINCH WEST FWLRT STATI,EXGA,6,12
2026-07-10,FW,14:13:00,Friday,MARTIN GROVE STOP,PXSW,40,46
2026-07-10,FW,14:56:00,Friday,JANE FWLRT STOP,PXSW,5,10
2026-07-10,FW,15:02:00,Friday,NORFINCH OAKDALE STOP,PXSW,5,10
2026-07-10,FW,15:07:00,Friday,MARTIN GROVE STOP,PXSW,154,160
2026-07-10,FW,15:15:00,Friday,JANE FWLRT STOP,PXSW,5,10
2026-07-10,FW,15:35:00,Friday,JANE FWLRT STOP,PXSW,5,10
2026-07-10,EC,16:20:00,Friday,DON VALLEY STATION,SXAP,0,0
2026-07-10,EC,18:37:00,Friday,KEELESDALE STATION TO,TXO,7,14
2026-07-10,EC,18:42:00,Friday,GOLDEN MILE STOP,MXPAA,3,10
2026-07-10,FW,19:34:00,Friday,MARTIN GROVE STOP,EXBK,25,35
2026-07-10,EC,00:16:00,Friday,OAKWOOD STATION,MXO,0,0
2026-07-11,EC,06:25:00,Saturday,VARIOUS STATION(S),PXMEL,0,0
2026-07-11,FW,13:12:00,Saturday,SIGNET ARROW STOP,EXCE,0,0
2026-07-11,FW,14:47:00,Saturday,FINCH AND JANE,EXSE,9,14
2026-07-11,EC,14:48:00,Saturday,CHAPLIN STATION,SXAE,0,0
2026-07-11,EC,15:50:00,Saturday,DON VALLEY STATION,EXGF,0,0
2026-07-11,EC,16:10:00,Saturday,AVENUE STATION,EXBK,7,17
2026-07-11,EC,21:14:00,Saturday,CEDARVALE STATION,SXGDS,7,12
2026-07-11,EC,21:45:00,Saturday,CEDARVALE STATION,EXGA,5,12
2026-07-11,EC,22:33:00,Saturday,OAKWOOD STATION,SXGDS,0,0
2026-07-11,EC,22:58:00,Saturday,FOREST HILL STATION,SXGDS,0,0
2026-07-11,EC,23:15:00,Saturday,CALEDONIA STATION,SXGDS,0,0
2026-07-11,EC,23:32:00,Saturday,KENNEDY ECLRT STATION,EXVC,7,14
2026-07-11,EC,00:34:00,Saturday,KENNEDY ECLRT STATION,TXOS,9,14
2026-07-12,EC,02:07:00,Saturday,CEDARVALE STATION,SXGDS,0,0
2026-07-12,EC,09:14:00,Saturday,OAKWOOD STATION,EXGA,0,0
2026-07-12,EC,12:59:00,Saturday,KEELESDALE STATION,EXO,0,0
2026-07-12,EC,15:42:00,Saturday,AVENUE STATION,PXMEL,0,0
2026-07-12,EC,16:22:00,Saturday,WYNFORD STOP,EXBK,3,10
2026-07-12,EC,16:48:00,Saturday,KENNEDY ECLRT STATION,EXTM,7,14
2026-07-12,EC,16:51:00,Saturday,O'CONNOR STOP,EXBK,43,50
2026-07-12,EC,17:47:00,Saturday,KENNEDY ECLRT STATION,EXBK,14,21
2026-07-12,FW,18:14:00,Saturday,NORFINCH OAKDALE STOP,EXDO,0,0
2026-07-12,EC,18:17:00,Saturday,MOUNT DENNIS STATION,EXBK,7,14
2026-07-12,EC,18:43:00,Saturday,FAIRBANK STATION,MXO,3,10
2026-07-12,EC,20:38:00,Saturday,KENNEDY ECLRT STATION,EXBK,7,14
2026-07-12,EC,00:05:00,Saturday,LAIRD STATION,EXVC,14,21
2026-07-12,EC,01:14:00,Saturday,IONVIEW STOP,MXPAA,0,0
2026-07-12,EC,01:32:00,Saturday,MOUNT DENNIS STATION P,MXIR,0,0
2026-07-12,EC,22:30:00,Saturday,WYNFORD STOP,EXBK,16,23
2026-07-12,EC,22:50:00,Saturday,EGLINTON ECLRT STATION,SXUT,15,22
2026-07-13,EC,07:04:00,Monday,MOUNT DENNIS STATION,EXO,15,19
2026-07-13,EC,08:18:00,Monday,SUNNYBROOK PARK STOP,EXBO,0,0
2026-07-13,EC,09:53:00,Monday,LAIRD STATION,EXO,94,98
2026-07-13,EC,11:43:00,Monday,LEASIDE STATION,TXO,7,11
2026-07-13,EC,13:42:00,Monday,OAKWOOD STATION,EXO,0,0
2026-07-13,EC,14:49:00,Monday,KEELESDALE STATION,EXO,15,22
2026-07-13,EC,15:50:00,Monday,HAND OFF,EXAC,7,11
2026-07-13,EC,16:10:00,Monday,GOLDEN MILE STOP,MXPAA,4,8
2026-07-13,FW,17:54:00,Monday,MARTIN GROVE STOP,EXBK,6,10
2026-07-13,FW,18:38:00,Monday,HUMBER COLLEGE STOP,SXAP,4,8
2026-07-13,FW,19:10:00,Monday,ROWNTREE MILLS STOP,MXO,4,8
2026-07-13,EC,21:57:00,Monday,HAKIMI LEBOVIC STOP,MXIR,14,0
2026-07-13,EC,01:10:00,Monday,MOUNT DENNIS STATION,MXIRS,0,0
2026-07-14,EC,02:31:00,Tuesday,KENNEDY ECLRT STATION,EXGA,0,0
2026-07-14,EC,06:00:00,Tuesday,SLOANE CENTRE TRACK,PXSAC,0,0
2026-07-14,EC,06:41:00,Tuesday,EGLINTON ECLRT STATION,EXO,18,38
2026-07-14,FW,07:24:00,Tuesday,NORFINCH OAKDALE STOP,EXO,5,13
2026-07-14,EC,08:16:00,Tuesday,EGLINTON ECLRT STATION,MXPAA,0,0
2026-07-14,EC,08:47:00,Tuesday,KEELESDALE STATION,EXO,0,0
2026-07-14,EC,09:23:00,Tuesday,HAKIMI LEBOVIC STOP,TXOI,34,38
2026-07-14,EC,13:17:00,Tuesday,EGLINTON CROSSTOWN LIN,MXWEA,0,0
2026-07-14,EC,13:55:00,Tuesday,SOUTH HANDOFF,EXAC,0,0
2026-07-14,FW,14:04:00,Tuesday,WESTMORE STOP,PXSW,79,86
2026-07-14,EC,14:04:00,Tuesday,DON VALLEY STATION,SXO,0,0
2026-07-14,FW,14:21:00,Tuesday,ALBION STOP,PXSW,62,69
2026-07-14,EC,01:39:00,Tuesday,KENNEDY ECLRT STATION,SXGDS,5,0
2026-07-14,EC,01:45:00,Tuesday,EGLINTON ECLRT STATION,SXGDS,0,0
2026-07-14,EC,15:45:00,Tuesday,MOUNT DENNIS STATION,EXNEA,3,7
2026-07-14,EC,16:00:00,Tuesday,KEELESDALE STATION,EXATC,0,0
2026-07-14,EC,16:02:00,Tuesday,BIRCHMOUNT STOP,MXPAA,4,8
2026-07-14,EC,16:17:00,Tuesday,AGA KHAN PARK - MUSEUM,PXW,0,0
2026-07-14,EC,17:05:00,Tuesday,PHARMACY STOP,EXAC,5,10
2026-07-14,EC,19:07:00,Tuesday,DON VALLEY STATION,SXGDS,0,0
2026-07-14,EC,19:11:00,Tuesday,DON VALLEY STATION,EXBK,7,11
2026-07-14,EC,19:23:00,Tuesday,GOLDEN MILE STOP,EXCE,0,0
2026-07-14,EC,23:21:00,Tuesday,DON VALLEY STATION,SXGDS,4,11
2026-07-14,EC,23:56:00,Tuesday,KENNEDY ECLRT STATION,EXO,7,14
2026-07-15,EC,08:10:00,Wednesday,FOREST HILL STATION,MXO,0,0
2026-07-15,EC,11:51:00,Wednesday,O'CONNOR STOP,MXPAA,0,0
2026-07-15,EC,13:17:00,Wednesday,SUNNYBROOK PARK STOP,EXBK,3,10
2026-07-15,EC,13:36:00,Wednesday,CEDARVALE STATION,EXO,0,0
2026-07-15,FW,15:22:00,Wednesday,HUMBER COLLEGE STOP,EXSE,0,0
2026-07-15,EC,17:55:00,Wednesday,KEELESDALE STATION,MXIS,0,0
2026-07-15,FW,23:37:00,Wednesday,HUMBER COLLEGE STOP,PXW,0,0
2026-07-15,EC,01:39:00,Wednesday,KENNEDY ECLRT STATION,SXL,0,0
2026-07-16,EC,06:15:00,Thursday,MOUNT DENNIS STATION,EXO,0,0
2026-07-16,EC,06:50:00,Thursday,CHAPLIN STATION,EXGA,5,9
2026-07-16,EC,06:56:00,Thursday,AVENUE STATION,EXBK,3,6
2026-07-16,EC,07:23:00,Thursday,CHAPLIN STATION,SXGDS,0,0
2026-07-16,EC,07:44:00,Thursday,PHARMACY STOP,EXDO,0,0
2026-07-16,FW,07:52:00,Thursday,ROWNTREE MILLS STOP,EXDO,0,0
2026-07-16,FW,08:10:00,Thursday,PEARLDALE STOP,EXDO,0,0
2026-07-16,FW,08:26:00,Thursday,JANE FWLRT STOP,EXO,0,0
2026-07-16,EC,01:37:00,Thursday,FOREST HILL STATION,MXIS,0,0
2026-07-16,EC,10:25:00,Thursday,MOUNT DENNIS STATION,PXSW,0,0
2026-07-16,EC,12:06:00,Thursday,GOLDEN MILE STOP,MXPAA,0,0
2026-07-16,EC,12:48:00,Thursday,BIRCHMOUNT STOP,EXDO,0,0
2026-07-16,FW,13:53:00,Thursday,WESTMORE STOP,PXATC,3,12
2026-07-16,EC,14:44:00,Thursday,EGLINTON ECLRT STATION,PXSAC,0,0
2026-07-16,EC,15:10:00,Thursday,KENNEDY ECLRT STATION,PXSW,273,277
2026-07-16,FW,15:11:00,Thursday,JANE FWLRT STOP,SXL,0,0
2026-07-16,EC,17:17:00,Thursday,KEELESDALE STATION,SXO,5,9
2026-07-16,EC,19:03:00,Thursday,CEDARVALE STATION,PXMEL,0,0
2026-07-16,EC,21:21:00,Thursday,OAKWOOD STATION,EXDO,19,26
2026-07-17,EC,02:42:00,Friday,SUNNYBROOK PARK STOP,PXWZ,0,0
2026-07-17,EC,07:59:00,Friday,FAIRBANK STATION,EXDO,7,11
2026-07-17,EC,08:10:00,Friday,CEDARVALE STATION,EXDO,3,7
2026-07-17,EC,09:46:00,Friday,O'CONNOR STOP,PXATC,4,8
2026-07-17,EC,10:55:00,Friday,SLOANE STOP,EXATC,0,0
2026-07-17,EC,12:13:00,Friday,CEDARVALE STATION,SXGDS,0,0
2026-07-17,EC,13:05:00,Friday,SUNNBROOK PARK,TXMVS,4,11
2026-07-17,EC,13:36:00,Friday,FOREST HILL STATION,SXGDS,4,11
2026-07-17,FW,14:09:00,Friday,MARTIN GROVE STOP,EXDO,0,0
2026-07-17,EC,14:12:00,Friday,HAKIMI LEBOVIC STOP,MXPAA,0,0
2026-07-17,FW,14:44:00,Friday,STEVENSON STOP,MXPAA,3,10
2026-07-17,EC,16:04:00,Friday,IONVIEW STOP,EXBK,3,10
2026-07-17,EC,16:07:00,Friday,CHAPLIN STATION,EXGF,10,14
2026-07-17,EC,19:30:00,Friday,SUNNYBROOK PARK STOP,TXOS,4,7
2026-07-17,FW,20:18:00,Friday,FINCH WEST FWLRT STATI,MXIS,0,0
2026-07-17,EC,20:33:00,Friday,EGLINTON ECLRT STATION,SXUT,5,8
2026-07-17,EC,21:58:00,Friday,MOUNT DENNIS STATION,TXNOA,7,14
2026-07-17,EC,22:20:00,Friday,EGLINTON ECLRT STATION,SXGDS,0,0
2026-07-17,EC,22:37:00,Friday,MOUNT DENNIS STATION,TXNOA,7,14
2026-07-17,EC,01:12:00,Friday,CEDARVALE STATION,SXGDS,5,24
2026-07-17,EC,01:34:00,Friday,DON VALLEY STATION,SXGDS,4,23
2026-07-18,EC,06:27:00,Saturday,KEELESDALE STATION,EXATC,0,0
2026-07-18,EC,06:35:00,Saturday,MOUNT DENNIS STATION (,EXATC,7,14
2026-07-18,EC,06:51:00,Saturday,CEDARVALE STATION,EXGA,0,0
2026-07-18,FW,07:28:00,Saturday,NORFINCH OAKDALE STOP,EXCE,7,17
2026-07-18,FW,08:50:00,Saturday,HUMBER COLLEGE STOP,MXIE,0,0
2026-07-18,EC,11:10:00,Saturday,CHAPLIN STATION,EXGA,11,17
2026-07-18,FW,11:39:00,Saturday,ROWNTREE MILLS STOP,EXBK,4,14
2026-07-18,EC,12:31:00,Saturday,MOUNT DENNIS STATION,SXDP,0,0
2026-07-18,EC,14:13:00,Saturday,CHAPLIN STATION,EXGF,3,10
2026-07-18,EC,14:27:00,Saturday,CHAPLIN STATION,EXGF,3,10
2026-07-18,FW,14:31:00,Saturday,FINCH WEST FWLRT STATI,EXGA,4,11
2026-07-18,EC,17:10:00,Saturday,KENNEDY ECLRT STATION,TXNCA,0,0
2026-07-18,EC,17:30:00,Saturday,MOUNT PLEASANT STATION,MXPAA,3,10
2026-07-18,EC,19:08:00,Saturday,CEDARVALE STATION,SXGDS,3,10
2026-07-18,EC,19:23:00,Saturday,MOUNT DENNIS STATION,EXBK,7,14
2026-07-18,EC,20:00:00,Saturday,CALEDONIA STATION,TXNCA,0,0
2026-07-18,FW,21:30:00,Saturday,HUMBER COLLEGE STOP,EXBO,10,20
2026-07-18,FW,22:14:00,Saturday,YORK GATE,PXSW,4,14
2026-07-18,EC,23:11:00,Saturday,CEDARVALE STATION,SXGDS,9,16
2026-07-19,EC,07:30:00,Saturday,KENNEDY STATION,PXWZ,15,0
2026-07-19,EC,07:37:00,Saturday,MOUNT DENNIS STATION,EXYRD,26,0
2026-07-19,EC,08:34:00,Saturday,KENNEDY ECLRT STATION,SXGDS,0,0
2026-07-19,FW,08:50:00,Saturday,JANE FWLRT STOP,EXBK,8,15
2026-07-19,EC,09:47:00,Saturday,CALEDONIA STATION,EXO,7,14
2026-07-19,EC,10:44:00,Saturday,AGA KHAN PARK - MUSEUM,PXSCR,0,0
2026-07-19,EC,12:04:00,Saturday,LEASIDE STATION,MXIS,0,0
2026-07-19,EC,15:07:00,Saturday,EGLINTON ECLRT STATION,MXIS,0,0
2026-07-19,EC,15:51:00,Saturday,CEDARVALE STATION,EXGA,3,10
2026-07-19,EC,16:16:00,Saturday,LEASIDE STATION,PXSAC,0,0
2026-07-19,FW,17:18:00,Saturday,HUMBER COLLEGE STOP,MXIE,4,14
2026-07-19,EC,19:15:00,Saturday,KENNEDY ECLRT STATION,SXO,13,20
2026-07-19,FW,20:34:00,Saturday,ROWNTREE MILLS STOP,PXATC,30,40
2026-07-19,FW,21:23:00,Saturday,HUMBER COLLEGE STOP,EXBO,10,10
2026-07-19,EC,00:44:00,Saturday,KENNEDY ECLRT STATION,MXSAN,9,18
2026-07-19,EC,00:56:00,Saturday,CALEDONIA STATION,SXGDS,0,0
2026-07-19,EC,01:46:00,Saturday,CEDARVALE STATION,SXGDS,0,0
2026-07-20,EC,05:48:00,Monday,KENNEDY ECLRT STATION,SXL,0,0
2026-07-20,EC,06:36:00,Monday,SUNNYBROOK PARK STOP,SXL,3,7
2026-07-20,EC,06:44:00,Monday,CHAPLIN STATION,PXDCS,4,8
2026-07-20,EC,07:54:00,Monday,KENNEDY ECLRT STATION,SXL,4,8
2026-07-20,EC,08:50:00,Monday,AVENUE STATION,PXMEL,0,0
2026-07-20,EC,11:01:00,Monday,IONVIEW STOP,EXOSC,0,0
2026-07-20,EC,13:34:00,Monday,GOLDEN MILE STOP,MXPAA,4,11
2026-07-20,EC,13:47:00,Monday,FOREST HILL STATION,EXO,7,14
2026-07-20,FW,15:16:00,Monday,NORFINCH OAKDALE STOP,PXDCS,4,8
2026-07-20,EC,15:56:00,Monday,KENNEDY ECLRT STOP,PXATC,4,8
2026-07-20,EC,16:11:00,Monday,SUNNYBROOK PARK STOP,PXATC,0,0
2026-07-20,EC,00:33:00,Monday,FAIRBANK STATION,SXGDS,0,0
2026-07-21,EC,05:42:00,Tuesday,MOUNT DENNIS STOP,PXW,4,0
2026-07-21,EC,05:53:00,Tuesday,EGLINTON ECLRT STOP,PXW,22,0
2026-07-21,EC,08:22:00,Tuesday,LEASIDE STATION,EXBK,114,118
2026-07-21,EC,09:10:00,Tuesday,KENNEDY ECLRT STATION,EXDO,4,8
2026-07-21,EC,11:39:00,Tuesday,SLOANE STOP,EXO,0,0
2026-07-21,FW,12:04:00,Tuesday,FINCH WEST FWLRT STOP,SXL,0,0
2026-07-21,FW,12:16:00,Tuesday,FINCH WEST FWLRT STATI,EXGA,0,0
2026-07-21,FW,14:02:00,Tuesday,DUNCANWOODS STOP,EXATC,29,36
2026-07-21,FW,14:19:00,Tuesday,SIGNET ARROW STOP,PXSW,102,0
2026-07-21,EC,15:00:00,Tuesday,DON VALLEY STATION,SXGDS,0,0
2026-07-21,EC,17:03:00,Tuesday,DON VALLEY STATION,TXOI,0,0
2026-07-21,EC,18:09:00,Tuesday,GOLDEN MILE STOP,EXDO,0,0
2026-07-21,FW,19:08:00,Tuesday,ROWNTREE MILLS STOP,TXOI,31,40
2026-07-21,EC,21:48:00,Tuesday,KEELESDALE STATION,EXO,0,0
2026-07-21,FW,22:21:00,Tuesday,HUMBER COLLEGE STATION,EXO,10,20
2026-07-21,FW,23:24:00,Tuesday,SENTINEL STOP (APPORAC,PXW,0,0
2026-07-21,FW,23:30:00,Tuesday,FINCH WEST FWLRT STATI,PXSW,0,0
2026-07-22,FW,07:47:00,Wednesday,FINCH AND MILVAN,MXAFR,10,7
2026-07-22,FW,08:59:00,Wednesday,LAIRD STATION,MXPAA,0,0
2026-07-22,EC,10:00:00,Wednesday,LINE 5 - EGLINTON,PXATC,6,10
2026-07-22,EC,11:38:00,Wednesday,KENNEDY ECLRT STATION,MXPAA,0,0
2026-07-22,EC,13:37:00,Wednesday,CALEDONIA STATION,SXL,0,0
2026-07-22,EC,13:42:00,Wednesday,EGLINTON ECLRT STATION,MXIS,0,0
2026-07-22,EC,14:21:00,Wednesday,GOLDEN MILE STOP,MXPAA,0,0
2026-07-22,EC,19:17:00,Wednesday,CALEDONIA STATION,SXL,0,0
2026-07-22,EC,20:45:00,Wednesday,DON VALLEY STATION,MXPAA,0,0
2026-07-22,EC,20:59:00,Wednesday,HAKIMI LEBOVIC STOP,MXPAA,0,0
2026-07-22,EC,20:59:00,Wednesday,HAKIMI LEBOVIC STOP,MXPAA,0,0
2026-07-22,EC,00:58:00,Wednesday,KENNEDY ECLRT STATION,MXSAN,9,18
2026-07-23,FW,05:08:00,Thursday,FINCH WEST FWLRT STATI,PXSW,116,117
2026-07-23,LRT,05:43:00,Thursday,JANE AND FINCH,PXSW,37,0
2026-07-23,FW,06:52:00,Thursday,NORFINCH OAKDALE STOP,PXSW,7,14
2026-07-23,FW,07:11:00,Thursday,JANE FWLRT STOP,PXSW,7,14
2026-07-23,FW,07:12:00,Thursday,NORFINCH OAKDALE STOP,PXSW,7,14
2026-07-23,FW,07:25:00,Thursday,JANE FWLRT STOP,PXSW,7,14
2026-07-23,FW,07:44:00,Thursday,JANE FWLRT STOP,PXSW,7,14
2026-07-23,EC,10:00:00,Thursday,WYNFORD STOP,EXO,0,0
2026-07-23,FW,13:24:00,Thursday,TOBERMORY STOP,EXAC,0,0
2026-07-23,EC,15:07:00,Thursday,SUNNYBROOK PARK STOP,EXO,0,0
2026-07-23,FW,15:24:00,Thursday,HUMBER COLLEGE STATION,EXAC,6,12
2026-07-23,FW,16:03:00,Thursday,YORK GATE,PXSW,0,0
2026-07-23,EC,16:28:00,Thursday,CEDARVALE STATION,MXIS,0,0
2026-07-23,FW,17:11:00,Thursday,NORFINCH OAKDALE STOP,PXSW,6,12
2026-07-23,FW,17:18:00,Thursday,JANE FWLRT STOP,PXSW,6,12
2026-07-23,FW,17:21:00,Thursday,SIGNET ARROW STOP,EXBO,0,0
2026-07-23,FW,17:22:00,Thursday,JANE FWLRT STOP,PXSW,6,12
2026-07-24,EC,06:21:00,Friday,CEDARVALE STATION,MXPAA,0,0
2026-07-24,EC,07:59:00,Friday,LEAVING YARD,EXATC,4,8
2026-07-24,EC,08:20:00,Friday,SUNNYBROOK PARK STOP,SXPOL,3,7
2026-07-24,FW,09:33:00,Friday,DRIFTWOOD STOP,EXAC,0,0
2026-07-24,EC,14:22:00,Friday,CEDARVALE STATION,PXMEL,0,0
2026-07-24,EC,16:24:00,Friday,KEELESDALE STATION,SXGDS,3,6
2026-07-24,EC,16:49:00,Friday,MOUNT DENNIS STATION,EXBK,3,6
2026-07-24,EC,17:47:00,Friday,GOLDEN MILE STOP,MXPAA,0,0
2026-07-24,EC,18:01:00,Friday,DON VALLEY STATION,SXAP,0,0
2026-07-24,EC,19:41:00,Friday,SUNNYBROOK PARK STOP,MXI,20,25
2026-07-24,EC,21:48:00,Friday,FAIRBANK STATION,MXIR,12,18
2026-07-24,EC,23:02:00,Friday,LEASIDE STATION,SXGDS,6,13
2026-07-25,EC,02:35:00,Saturday,MOUNT PLEASANT STATION,SXGDS,0,0
2026-07-25,EC,09:49:00,Saturday,EGLINTON ECLRT STATION,SXGDS,5,12
2026-07-25,EC,10:35:00,Saturday,TORONTO TRANSIT COMMIS,MXO,0,0
2026-07-25,FW,10:35:00,Saturday,TORONTO TRANSIT COMMIS,MXO,0,0
2026-07-25,EC,11:51:00,Saturday,EGLINTON ECLRT STATION,SXGDS,7,14
2026-07-25,EC,13:39:00,Saturday,MOUNT PLEASANT STATION,MXIR,11,18
2026-07-25,EC,15:08:00,Saturday,O'CONNOR STOP,SXO,0,0
2026-07-25,EC,15:13:00,Saturday,CHAPLIN STATION,MXPAA,0,0
2026-07-25,EC,16:51:00,Saturday,MOUNT DENNIS STATION,EXO,7,14
2026-07-25,EC,17:29:00,Saturday,O'CONNOR STOP (VICTORI,SXDP,0,0
2026-07-25,EC,18:08:00,Saturday,O'CONNOR STOP,SXDP,0,0
2026-07-25,FW,19:40:00,Saturday,HUMBER COLLEGE STATION,EXBK,15,22
2026-07-25,FW,00:09:00,Saturday,ROWNTREE MILLS STOP,EXBK,3,13
2026-07-26,FW,09:00:00,Saturday,SENTINEL STOP,MXPAA,3,10
2026-07-26,EC,10:31:00,Saturday,KENNEDY ECLRT STATION,EXTM,7,14
2026-07-26,EC,11:16:00,Saturday,MOUNT DENNIS STATION,SXL,4,11
2026-07-26,EC,11:35:00,Saturday,CALEDONIA STATION,SXAP,7,14
2026-07-26,EC,13:55:00,Saturday,MOUNT DENNIS STATION,EXBK,7,14
2026-07-26,EC,14:22:00,Saturday,AVENUE STATION,SXGDS,3,7
2026-07-26,EC,15:52:00,Saturday,MOUNT DENNIS STATION,EXBK,7,14
2026-07-26,EC,17:46:00,Saturday,MOUNT DENNIS STATION,EXBK,7,14
2026-07-26,EC,19:07:00,Saturday,MOUNT DENNIS STATION,SXAE,14,21
2026-07-26,EC,19:18:00,Saturday,BIRCHMOUNT STOP,MXPAA,3,10
2026-07-26,EC,19:54:00,Saturday,MOUNT DENNIS STATION,EXBK,7,14
2026-07-26,FW,20:46:00,Saturday,HUMBER COLLEGE STATION,TXO,0,0
2026-07-26,EC,00:58:00,Saturday,KEELESDALE STATION,SXO,0,0
2026-07-26,EC,21:43:00,Saturday,MOUNT DENNIS STATION,TXNOA,5,10
2026-07-26,EC,21:47:00,Saturday,LAIRD STATION,SXGDS,3,10
2026-07-26,EC,22:12:00,Saturday,KENNEDY ECLRT STATION,PXSAC,186,196
2026-07-27,EC/FW,06:00:00,Monday,TORONTO TRANSIT COMMIS,MXO,0,0
2026-07-27,EC,07:24:00,Monday,CHAPLIN STATION,SXDP,7,11
2026-07-27,EC,07:33:00,Monday,EGLINTON ECLRT STATION,PXSAC,14,18
2026-07-27,EC,07:37:00,Monday,AVENUE STATION,SXDP,0,0
2026-07-27,EC,08:15:00,Monday,MOUNT DENNIS STATION,EXBK,4,8
2026-07-27,EC,13:06:00,Monday,MOUNT DENNIS STATION,SXO,0,0
2026-07-27,EC,13:57:00,Monday,GOLDEN MILE STOP,TXOI,62,66
2026-07-27,EC,15:10:00,Monday,PHARMACY STOP,PXSTP,20,24
2026-07-27,EC,15:27:00,Monday,CEDARVALE STATION,PXMEL,0,0
2026-07-27,EC,16:04:00,Monday,PHARMACY STOP,TXO,5,9
2026-07-27,EC,18:28:00,Monday,PHARMACY STOP,PXSTP,0,0
2026-07-27,EC,21:55:00,Monday,AGA KHAN PARK - MUSEUM,MXPAA,5,11
2026-07-27,EC,21:59:00,Monday,KEELESDALE STATION,MXPAA,0,0
2026-07-27,EC,22:57:00,Monday,FOREST HILL STATION,SXGDS,17,23
2026-07-27,EC,23:22:00,Monday,CEDARVALE STATION,SXL,0,0
2026-07-28,EC,03:27:00,Tuesday,PHARMACY STOP,PXEO,0,0
2026-07-28,EC,06:13:00,Tuesday,PHARMACY STOP,PXEO,0,0
2026-07-28,EC,07:01:00,Tuesday,LINE 5 EGLINTON,PXATC,0,0
2026-07-28,EC,08:00:00,Tuesday,MOUNT DENNIS STATION,EXCE,4,8
2026-07-28,EC,09:38:00,Tuesday,EGLINTON ECLRT STATION,SXDP,0,0
2026-07-28,FW,10:51:00,Tuesday,WESTMORE STOP,MXPAA,0,0
2026-07-28,EC,11:08:00,Tuesday,FAIRBANK STATION,SXSA,8,12
2026-07-28,EC,11:52:00,Tuesday,MOUNT DENNIS STATION,SXO,0,0
2026-07-28,EC,12:18:00,Tuesday,LEASIDE STATION,PXSAC,20,24
2026-07-28,EC,13:56:00,Tuesday,CEDARVALE STATION,SXG,0,0
2026-07-28,FW,14:48:00,Tuesday,FINCH AND YORKGATE,PXSW,54,60
2026-07-28,FW,15:01:00,Tuesday,SIGNET ARROW STOP,PXSW,24,30
2026-07-28,EC,16:22:00,Tuesday,MOUNT DENNIS STATION,EXNEA,5,10
2026-07-28,EC,16:48:00,Tuesday,CEDARVALE STATION,SXGDS,5,10
2026-07-28,EC,17:26:00,Tuesday,MOUNT DENNIS STATION,EXDO,3,7
2026-07-28,EC,00:15:00,Tuesday,FOREST HILL STATION,MXO,0,0
2026-07-28,FW,01:05:00,Tuesday,EGLINTON ECLRT STATION,SXGDS,0,0
2026-07-28,FW,01:21:00,Tuesday,MOUNT DENNIS STATION,SXL,0,0
2026-07-28,EC,01:47:00,Tuesday,SUNNYBROOK PARK STOP,TXOS,5,14
2026-07-28,FW,19:27:00,Tuesday,PEARLDALE STOP,SXO,0,0
2026-07-28,EC,20:34:00,Tuesday,KEELESDALE STATION,SXGDS,0,0
2026-07-28,FW,20:57:00,Tuesday,FINCH WEST FWLRT STATI,SXO,0,0
2026-07-28,EC,23:47:00,Tuesday,EGLINTON ECLRT STATION,PXMEL,0,0
2026-07-29,EC,05:56:00,Wednesday,SLOANE STOP,EXATC,20,0
2026-07-29,FW,05:58:00,Wednesday,FINCH WEST FWLRT STATI,EXECD,10,20
2026-07-29,EC,06:30:00,Wednesday,EGLINTON ECLRT STATION,PXSAC,7,27
2026-07-29,FW,08:25:00,Wednesday,JANE FWLRT STOP,EXCE,0,0
2026-07-29,FW,08:31:00,Wednesday,HUMBER COLLEGE STATION,EXDO,4,9
2026-07-29,EC,08:58:00,Wednesday,EGLINTON ECLRT STATION,PXW,0,0
2026-07-29,FW,09:11:00,Wednesday,HUMBER COLLEGE STATION,TXO,4,9
2026-07-29,EC,10:11:00,Wednesday,FOREST HILL STATION,PXSAC,4,8
2026-07-29,EC,10:27:00,Wednesday,KEELESDALE STATION,EXTR,4,8
2026-07-29,EC,15:53:00,Wednesday,CEDARVALE STATION,MXPAA,0,0
2026-07-29,EC,16:22:00,Wednesday,CEDARVALE STATION,SXGDS,3,7
2026-07-29,EC,16:59:00,Wednesday,DON VALLEY STATION,SXUT,0,0
2026-07-29,EC,18:05:00,Wednesday,FOREST HILL STATION,SXGDS,3,7
2026-07-29,EC,18:45:00,Wednesday,EGLINTON ECLRT STATION,SXGDS,4,8
2026-07-29,EC,18:59:00,Wednesday,EGLINTON ECLRT STATION,EXBK,4,8
2026-07-29,EC,21:04:00,Wednesday,PHARMACY STOP,EXBK,38,45
2026-07-29,EC,21:57:00,Wednesday,CALEDONIA STATION,SXGDS,0,0
2026-07-29,FW,22:50:00,Wednesday,ROWNTREE MILLS STOP,MXAFR,48,58
2026-07-29,EC,23:35:00,Wednesday,CEDARVALE STATION,EXDO,5,12
2026-07-29,EC,23:43:00,Wednesday,FOREST HILL STATION,MXPAA,4,11
2026-07-29,EC,00:44:00,Wednesday,CEDARVALE STATION,MXIRS,0,0
2026-07-29,EC,01:27:00,Wednesday,EGLINTON ECLRT STATION,EXO,5,13
2026-07-30,EC,06:30:00,Thursday,AVENUE STATION,SXGDS,0,0
2026-07-30,FW,08:21:00,Thursday,NORFINCH OAKDALE STOP,EXDO,6,11
2026-07-30,EC,10:19:00,Thursday,BIRCHMOUNT STOP,EXAC,0,0
2026-07-30,EC,14:00:00,Thursday,AVENUE STATION,MXPAA,0,0
2026-07-30,FW,15:32:00,Thursday,SIGNET ARROW STOP,EXCE,0,0
2026-07-30,EC,17:07:00,Thursday,CALEDONIA STATION,EXAC,0,0
2026-07-30,EC,18:50:00,Thursday,CALEDONIA STATION,SXGDS,3,7
2026-07-30,EC,20:12:00,Thursday,CALEDONIA STATION,SXGDS,4,8
2026-07-30,EC,20:13:00,Thursday,FAIRBANK STATION,EXBK,4,8
2026-07-30,EC,23:30:00,Thursday,CALEDONIA STATION,SXGDS,4,11
2026-07-30,FW,23:43:00,Thursday,HUMBER COLLEGE STATION,MXI,10,20
2026-07-30,EC,23:48:00,Thursday,MOUNT DENNIS STATION,PXMEL,0,0
2026-07-30,EC,00:04:00,Thursday,IONVIEW STOP,SXO,0,0
2026-07-31,EC,06:24:00,Friday,MOUNT DENNIS STATION,PXSCR,7,11
2026-07-31,EC,07:17:00,Friday,MOUNT DENNIS STATION,EXSA,5,9
2026-07-31,EC,07:30:00,Friday,MOUNT DENNIS STATION,PXATC,4,8
2026-07-31,FW,08:06:00,Friday,DRIFTWOOD STOP,TXOS,5,11
2026-07-31,EC,10:25:00,Friday,EGLINTON ECLRT STATION,SXAP,23,27
2026-07-31,EC,11:29:00,Friday,DON VALLEY STATION,SXGDS,6,10
2026-07-31,EC,12:22:00,Friday,PHARMACY STOP,SXAE,21,28
2026-07-31,FW,13:32:00,Friday,HUMBER COLLEGE STATION,EXBK,40,50
2026-07-31,EC,14:35:00,Friday,CHAPLIN STATION,SXO,3,10
2026-07-31,EC,15:40:00,Friday,CEDARVALE STATION,SXO,0,0
2026-07-31,EC,16:14:00,Friday,PHARMACY STOP,MXPAA,0,0
2026-07-31,EC,16:21:00,Friday,KENNEDY ECLRT STATION,SXGDS,3,7
2026-07-31,EC,17:34:00,Friday,CHAPLIN STATION,SXGDS,0,0
2026-07-31,EC,17:39:00,Friday,AVENUE STATION,EXBK,3,6
2026-07-31,FW,19:01:00,Friday,JANE FWLRT STOP,EXCE,0,0
2026-07-31,EC,20:50:00,Friday,SUNNYBROOK PARK STOP,MXPAA,0,0
2026-08-01,EC,07:38:00,Saturday,LEASIDE STATION,MXPAA,0,0
2026-08-01,FW,08:11:00,Saturday,SENTINEL STOP,EXBK,3,13
2026-08-01,EC,12:44:00,Saturday,KENNEDY ECLRT STATION,SXDP,0,0
2026-08-01,EC,14:30:00,Saturday,FOREST HILL STATION,SXDP,25,32
2026-08-01,EC,15:42:00,Saturday,GOLDEN MILE STOP (LEAV,MXO,3,10
2026-08-01,EC,16:48:00,Saturday,AVENUE STATION,SXGDS,3,10
2026-08-01,EC,17:04:00,Saturday,EGLINTON ECLRT STATION,SXGDS,0,0
2026-08-01,EC,19:16:00,Saturday,AGA KHAN PARK - MUSEUM,MXPAA,3,10
2026-08-01,FW,20:19:00,Saturday,FINCH WEST STATION,MXIS,4,11
2026-08-01,EC,20:47:00,Saturday,PHARMACY STOP,MXPAA,0,0
2026-08-01,FW,22:25:00,Saturday,FINCH WEST FWLRT STATI,EXGA,3,13
2026-08-01,EC,22:38:00,Saturday,FAIRBANK STATION,SXGDS,0,0
2026-08-02,EC,11:12:00,Saturday,DON VALLEY STATION,MXPAA,0,0
2026-08-02,EC,14:12:00,Saturday,SLOANE STOP,EXCE,7,14
2026-08-02,EC,17:33:00,Saturday,KENNEDY ECLRT STATION,EXBK,7,14
2026-08-02,EC,17:57:00,Saturday,FOREST HILL STATION,SXUT,5,12
2026-08-02,EC,18:47:00,Saturday,FAIRBANK STATION,SXUT,0,0
2026-08-02,EC,18:59:00,Saturday,BIRCHMOUNT STOP,MXPAA,3,10
2026-08-02,EC,20:47:00,Saturday,AVENUE STATION,EXBK,43,50
2026-08-02,EC,23:06:00,Saturday,SLOANE STOP,EXBK,7,14
2026-08-02,EC,23:57:00,Saturday,SLOANE STOP,EXBK,7,14
2026-08-03,EC,08:40:00,Monday,MOUNT PLEASANT STATION,EXVC,0,0
2026-08-03,EC,10:26:00,Monday,MOUNT DENNIS STATION,EXBK,6,12
2026-08-03,EC,10:40:00,Monday,HAND OFF,EXATC,3,9
2026-08-03,EC,13:37:00,Monday,DON VALLEY STATION,SXUT,0,0
2026-08-03,EC,15:08:00,Monday,KENNEDY ECLRT STATION,EXBO,7,14
2026-08-03,EC,16:04:00,Monday,EGLINTON ECLRT STATION,SXUT,0,0
2026-08-03,EC,18:02:00,Monday,HAKIMI LEBOVIC STOP,EXATC,9,16
2026-08-03,EC,21:40:00,Monday,SUNNYBROOK PARK STOP,MXIRS,0,0
2026-08-03,FW,01:35:00,Monday,HUMBER COLLEGE STATION,EXGA,10,20
2026-08-03,EC,01:37:00,Monday,MOUNT PLEASANT STATION,EXGA,0,0
2026-08-04,EC,03:10:00,Tuesday,KENNEDY ECLRT STATION,SXUT,0,0
2026-08-04,EC,07:11:00,Tuesday,O'CONNOR STOP,EXDO,0,0
2026-08-04,EC,08:02:00,Tuesday,EGLINTON ECLRT STATION,PXMST,0,0
2026-08-04,EC,08:15:00,Tuesday,CEDARVALE STATION,PXSO,6,10
2026-08-04,EC,11:33:00,Tuesday,SLOANE STOP,EXCE,0,0
2026-08-04,EC,12:14:00,Tuesday,DON VALLEY STATION,MXPAA,0,0
2026-08-04,EC,14:10:00,Tuesday,MOUNT DENNIS STATION,EXATC,0,0
2026-08-04,EC,15:26:00,Tuesday,IONVIEW STOP,EXATC,0,0
2026-08-04,FW,16:03:00,Tuesday,HUMBER COLLEGE STATION,MXDD,0,0
2026-08-04,FW,16:39:00,Tuesday,SENTINEL STOP,SXO,9,16
2026-08-04,EC,17:09:00,Tuesday,CEDARVALE STATION,MXO,0,0
2026-08-04,EC,17:23:00,Tuesday,MOUNT DENNIS STATION,MXPAA,0,0
2026-08-04,FW,19:55:00,Tuesday,MOUNT DENNIS STATION,EXBK,4,8
2026-08-04,EC,23:48:00,Tuesday,DON VALLEY STATION,SXGDS,5,12
2026-08-05,EC,08:40:00,Wednesday,KENNEDY ECLRT STATION,EXBK,68,75
2026-08-05,EC,12:17:00,Wednesday,FAIRBANK STATION,EXGA,7,14
2026-08-05,EC,12:33:00,Wednesday,KEELESDALE STATION,EXBK,93,100
2026-08-05,EC,12:42:00,Wednesday,EGLINTON ECLRT STATION,EXGA,0,0
2026-08-05,EC,14:02:00,Wednesday,GOLDEN MILE STOP,MXPAA,0,0
2026-08-05,EC,14:30:00,Wednesday,HANDOFF,EXAC,5,10
2026-08-05,EC,15:08:00,Wednesday,MOUNT DENNIS STATION,EXDO,3,8
2026-08-05,EC,15:18:00,Wednesday,SUNNYBROOK PARK STOP,EXDO,4,8
2026-08-05,EC,16:45:00,Wednesday,KENNEDY ECLRT STATION,EXBK,78,82
2026-08-05,EC,17:29:00,Wednesday,OAKWOOD STATION,MXIS,0,0
2026-08-05,EC,17:39:00,Wednesday,AVENUE STATION,PXEO,0,0
2026-08-05,EC,20:51:00,Wednesday,CEDARVALE STATION,MXIS,0,0
2026-08-05,FW,22:13:00,Wednesday,PEARLDALE STOP,PXSTP,56,66
2026-08-05,EC,22:16:00,Wednesday,CALEDONIA STATION,PXEO,0,0
2026-08-05,EC,00:04:00,Wednesday,HUMBER COLLEGE STATION,MXI,10,20
2026-08-05,FW,00:04:00,Wednesday,LAIRD STATION,EXO,48,55
2026-08-05,FW,00:21:00,Wednesday,KENNEDY ECLRT STATION,MXO,0,0
2026-08-05,FW,00:25:00,Wednesday,KEELESDALE STATION,EXATC,0,0
2026-08-05,EC,00:56:00,Wednesday,EGLINTON ECLRT STATION,SXUT,3,10
2026-08-06,FW,07:40:00,Thursday,DRIFTWOOD STOP,EXBK,3,7
2026-08-06,EC,09:15:00,Thursday,LAIRD STATION (LEAVING,PXW,6,9
2026-08-06,EC,11:55:00,Thursday,WYNFORD STOP,EXBK,5,12
2026-08-06,FW,13:18:00,Thursday,MARTIN GROVE STOP,MXTD,4,14
2026-08-06,FW,14:25:00,Thursday,WESTMORE STOP,EXO,0,0
2026-08-06,EC,14:29:00,Thursday,KEELESDALE STATION,EXO,7,14
2026-08-06,EC,14:52:00,Thursday,MOUNT PLEASANT STATION,PXMEL,0,0
2026-08-06,EC,15:56:00,Thursday,KENNEDY ECLRT STATION,EXATC,3,6
2026-08-06,EC,18:20:00,Thursday,KENNEDY ECLRT STATION,EXBK,12,15
2026-08-06,EC,18:31:00,Thursday,KENNEDY ECLRT STATION,SXPOL,17,21
2026-08-06,FW,19:04:00,Thursday,DUNCANWOODS STOP,EXDO,0,0
2026-08-06,EC,19:33:00,Thursday,EGLINTON ECLRT STATION,SXGDS,0,0
2026-08-06,EC,19:56:00,Thursday,GOLDEN MILE STOP,EXBK,73,76
2026-08-06,EC,21:43:00,Thursday,HAKIMI LEBOVIC STOP,MXPAA,0,0
2026-08-06,EC,22:00:00,Thursday,ENTIRE LINE,PXATC,5,12
2026-08-06,EC,22:18:00,Thursday,HAKIMI LEBOVIC STOP,MXIR,18,25
2026-08-06,EC,23:01:00,Thursday,ENTIRE ECLRT LINE,PXATC,10,17
2026-08-07,FW,06:18:00,Friday,SENTINEL STOP (ENTERIN,TXOVS,0,0
2026-08-07,EC,06:51:00,Friday,MOUNT DENNIS STATION,EXO,5,8
2026-08-07,EC,06:53:00,Friday,KEELESDALE STATION,MXIS,0,0
2026-08-07,FW,08:13:00,Friday,TOBERMORY STOP (APPROA,TXOVS,0,0
2026-08-07,EC,09:04:00,Friday,CHAPLIN STATION,TXNCA,0,0
2026-08-07,EC,12:02:00,Friday,WYNFORD STOP,MXPAA,3,10
2026-08-07,EC,15:03:00,Friday,FAIRBANK STATION,SXUT,3,8
2026-08-07,EC,15:42:00,Friday,FAIRBANK STATION,SXUT,0,0
2026-08-07,FW,15:49:00,Friday,FINCH WEST FWLRT STATI,EXAC,0,0
2026-08-07,EC,17:27:00,Friday,KENNEDY ECLRT STATION,EXO,4,8
2026-08-07,FW,18:28:00,Friday,HUMBER COLLEGE STATION,EXAC,0,0
2026-08-07,EC,18:43:00,Friday,CEDARVALE STATION,SXGDS,4,8
2026-08-07,EC,19:12:00,Friday,DON VALLEY STATION,SXGDS,4,8
2026-08-07,EC,19:45:00,Friday,SUNNYBROOK PARK STOP,EXBK,8,12
2026-08-07,EC,19:55:00,Friday,SLOANE STOP,PXATC,4,8
2026-08-07,EC,22:55:00,Friday,LEASIDE STATION,SXGDS,3,10
2026-08-07,EC,23:00:00,Friday,FAIRBANK STATION,SXGDS,3,10
2026-08-07,EC,00:58:00,Friday,TOBERMORY STOP,EXBK,3,13
2026-08-08,FW,05:38:00,Saturday,EMERY STOP,MXAFR,65,75
2026-08-08,FW,05:48:00,Saturday,SIGNET ARROW STOP,PXSW,0,0
2026-08-08,FW,05:56:00,Saturday,SIGNET ARROW STOP,PXSW,0,0
2026-08-08,EC,08:27:00,Saturday,KENNEDY ECLRT STATION,EXATC,7,14
2026-08-08,EC,12:45:00,Saturday,KENNEDY ECLRT STATION,EXAC,7,14
2026-08-08,FW,14:21:00,Saturday,FINCH WEST FWLRT STATI,EXGA,4,11
2026-08-08,EC,14:23:00,Saturday,CALEDONIA STATION,SXUT,4,11
2026-08-08,EC,15:24:00,Saturday,KENNEDY ECLRT STATION,EXAC,7,14
2026-08-08,EC,15:39:00,Saturday,MOUNT DENNIS STATION,EXAC,7,14
2026-08-08,EC,17:32:00,Saturday,KEELESDALE STATION,EXDO,4,11
2026-08-08,EC,19:18:00,Saturday,CEDARVALE STATION,MXPAA,0,0
2026-08-08,EC,22:06:00,Saturday,CEDARVALE STATION,MXIS,0,0
2026-08-08,EC,22:23:00,Saturday,AVENUE STATION,EXCE,0,0
2026-08-08,EC,00:03:00,Saturday,LAIRD STATION,PXSAC,8,15
2026-08-09,EC,07:30:00,Saturday,KENNEDY ECLRT STATION,PXSTP,7,0
2026-08-09,EC,08:26:00,Saturday,KENNEDY ECLRT STATION,EXO,4,24
2026-08-09,FW,14:09:00,Saturday,FINCH WEST FWLRT STATI,PXSCR,0,0
2026-08-09,EC,15:02:00,Saturday,MOUNT DENNIS STATION,EXBO,7,14
2026-08-09,FW,16:50:00,Saturday,JANE FWLRT STOP,MXO,0,0
2026-08-09,EC,18:36:00,Saturday,FAIRBANK STATION,SXGDS,0,0
2026-08-09,EC,18:37:00,Saturday,FOREST HILL STATION,SXGDS,0,0
2026-08-09,FW,22:28:00,Saturday,JANE AND FINCH (DEPART,TXOI,4,14
2026-08-09,FW,23:12:00,Saturday,TOBERMORY STOP,SXO,0,0
2026-08-09,EC,00:42:00,Saturday,FAIRBANK STATION,SXGDS,3,10
2026-08-10,EC/FW,06:00:00,Monday,TORONTO TRANSIT COMMIS,MXINF,0,0
2026-08-10,EC,06:53:00,Monday,CALEDONIA STATION,EXCE,7,14
2026-08-10,EC,07:35:00,Monday,MOUNT DENNIS STATION,EXTM,7,14
2026-08-10,EC,07:48:00,Monday,MOUNT DENNIS STATION,EXO,7,14
2026-08-10,EC,07:55:00,Monday,FOREST HILL STATION,EXO,7,14
2026-08-10,FW,15:33:00,Monday,ROWNTREE MILLS STOP,TXOS,0,0
2026-08-10,EC,16:50:00,Monday,OAKWOOD STATION,MXIRS,0,0
2026-08-10,EC,16:50:00,Monday,ECLRT LINE 5,PXDCS,0,0
2026-08-10,FW,17:37:00,Monday,NORFINCH OAKDALE STOP,TXOS,0,0
2026-08-10,FW,01:53:00,Monday,EGLINTON ECLRT STATION,SXL,0,0
2026-08-10,EC,19:28:00,Monday,MOUNT DENNIS STATION,EXO,0,0
2026-08-10,EC,19:53:00,Monday,OAKWOOD STATION,SXGDS,0,0
2026-08-10,EC,20:36:00,Monday,DON VALLEY STATION,PXMEL,0,0
2026-08-10,EC,21:11:00,Monday,OAKWOOD STATION,SXUT,5,12
2026-08-11,EC,05:34:00,Tuesday,CEDARVALE STATION,EXATC,4,14
2026-08-11,EC,09:05:00,Tuesday,SUNNYBROOK PARK STOP,EXATC,5,9
2026-08-11,EC,09:13:00,Tuesday,GOLDEN MILE STOP,EXCE,0,0
2026-08-11,EC,10:37:00,Tuesday,AVENUE STATION,MXO,7,14
2026-08-11,FW,16:45:00,Tuesday,JANE FWLRT STOP,EXO,0,0
2026-08-11,EC,18:37:00,Tuesday,EGLINTON ECLRT STATION,PXMEL,0,0
2026-08-11,EC,22:33:00,Tuesday,CALEDONIA STATION,SXUT,3,10
2026-08-11,EC,22:35:00,Tuesday,DON VALLEY STATION,SXUT,3,10
2026-08-11,EC,22:39:00,Tuesday,LAIRD STATION,SXUT,3,10
2026-08-11,EC,22:59:00,Tuesday,EGLINTON ECLRT STATION,EXBK,7,14
2026-08-11,EC,23:15:00,Tuesday,LAIRD STATION,SXDP,6,13
2026-08-11,FW,23:29:00,Tuesday,MILVAN RUMIKE STOP,EXBK,5,15
2026-08-12,EC,08:22:00,Wednesday,KENNEDY ECLRT STATION,EXTM,4,8
2026-08-12,EC,11:38:00,Wednesday,KENNEDY ECLRT STATION,MXIR,0,0
2026-08-12,EC,12:26:00,Wednesday,AGA KHAN PARK - MUSEUM,SXUT,0,0
2026-08-12,EC,15:53:00,Wednesday,KEELESDALE STATION - W,SXGDS,10,14
2026-08-12,EC,16:27:00,Wednesday,DON VALLEY STATION,SXGDS,0,0
2026-08-12,EC,16:38:00,Wednesday,DON VALLEY STATION,SXGDS,0,0
2026-08-12,EC,16:38:00,Wednesday,MOUNT DENNIS STATION,MXIS,0,0
2026-08-12,FW,16:44:00,Wednesday,FINCH WEST FWLRT STATI,PXATC,70,77
2026-08-12,EC,17:50:00,Wednesday,MOUNT PLEASANT STATION,EXBK,4,8
2026-08-12,EC,17:55:00,Wednesday,LAIRD STATION,EXBK,7,11
2026-08-12,FW,18:11:00,Wednesday,TOBERMORY STOP,PXSW,0,0
2026-08-12,FW,18:18:00,Wednesday,HUMBER COLLEGE STATION,EXO,0,0
2026-08-12,EC,00:43:00,Wednesday,MOUNT DENNIS STATION,EXYRD,20,40
2026-08-12,FW,20:15:00,Wednesday,HUMBER COLLEGE STATION,EXO,3,13
2026-08-12,EC,20:28:00,Wednesday,KEELESDALE STATION,SXGDS,3,7
2026-08-12,EC,21:06:00,Wednesday,MOUNT DENNIS STATION,MXIS,0,0
2026-08-12,FW,22:52:00,Wednesday,YORK GATE,PXSW,0,0
2026-08-12,FW,22:54:00,Wednesday,FINCH WEST FWLRT STATI,SXGDS,6,16
2026-08-12,FW,23:01:00,Wednesday,HUMBER COLLEGE STATION,EXO,0,0
2026-08-13,FW,06:22:00,Thursday,DRIFTWOOD STOP,SXL,0,0
2026-08-13,EC,07:34:00,Thursday,KENNEDY ECLRT STATION,EXO,4,8
2026-08-13,EC,08:40:00,Thursday,KENNEDY ECLRT STATION,EXBK,4,8
2026-08-13,EC,09:24:00,Thursday,LAIRD STATION (ENTERIN,EXBK,7,11
2026-08-13,FW,13:08:00,Thursday,DUNCANWOODS STOP,TXOS,3,13
2026-08-13,EC,13:42:00,Thursday,HAKIMI LEBOVIC STOP,EXDO,7,14
2026-08-13,EC,13:57:00,Thursday,AVENUE STATION,SXGDS,7,14
2026-08-13,EC,14:16:00,Thursday,HANDOVER,PXSW,10,14
2026-08-13,EC,14:21:00,Thursday,CEDARVALE YU STATION,TXOI,0,0
2026-08-13,EC,14:39:00,Thursday,MOUNT DENNIS STATION,EXO,4,8
2026-08-13,FW,14:51:00,Thursday,JANE FWLRT STOP,PXSW,5,15
2026-08-13,EC,15:19:00,Thursday,IONVIEW STOP,EXBK,0,0
2026-08-13,EC,15:44:00,Thursday,FAIRBANK STATION,EXBK,0,0
2026-08-13,EC,15:52:00,Thursday,WYNFORD STOP,EXO,0,0
2026-08-13,EC,16:13:00,Thursday,GOLDEN MILE STOP,EXO,0,0
2026-08-13,EC,16:32:00,Thursday,KENNEDY ECLRT STATION,EXO,4,8
2026-08-13,EC,17:16:00,Thursday,FOREST HILL STATION,EXO,0,0
2026-08-13,FW,17:50:00,Thursday,NORFINCH OAKDALE STOP,EXO,0,0
2026-08-13,FW,17:58:00,Thursday,FINCH WEST FWLRT STATI,PXSO,0,0
2026-08-13,EC,00:33:00,Thursday,CEDARVALE STATION,MXBIO,9,18
2026-08-13,EC,01:57:00,Thursday,HUMBER COLLEGE STATION,PXWZ,0,0
2026-08-13,EC,19:12:00,Thursday,EGLINTON ECLRT STATION,MXIS,0,0
2026-08-13,FW,19:15:00,Thursday,HUMBER COLLEGE STATION,MXIS,0,0
2026-08-13,EC,20:21:00,Thursday,YARD HANDOVER,TXCC,0,0
2026-08-13,EC,20:51:00,Thursday,KEELESDALE STATION,TXOI,30,34
2026-08-13,EC,22:09:00,Thursday,DON VALLEY STATION,SXGDS,0,0
2026-08-13,EC,22:20:00,Thursday,SLOANE STOP,EXBK,3,10
2026-08-13,EC,23:42:00,Thursday,SLOANE STOP,EXATC,3,10
2026-08-14,EC,03:45:00,Friday,EGLINTON MAINTENANCE S,PXW,10,14
2026-08-14,EC,05:09:00,Friday,MOUNT PLEASANT SUBSTAT,PXSTP,92,96
2026-08-14,EC,06:15:00,Friday,MOUNT DENNIS STATION,EXATC,4,8
2026-08-14,FW,06:45:00,Friday,FINCH WEST FWLRT STATI,EXO,0,0
2026-08-14,FW,10:30:00,Friday,FINCH WEST FWLRT STATI,MXIR,9,18
2026-08-14,EC,13:59:00,Friday,AVENUE STATION,EXGA,0,0
2026-08-14,FW,14:20:00,Friday,SENTINEL STOP,TXOVS,4,14
2026-08-14,EC,14:49:00,Friday,MOUNT DENNIS STATION,PXSAC,0,0
2026-08-14,EC,15:50:00,Friday,FOREST HILL STATION,SXUT,0,0
2026-08-14,EC,16:32:00,Friday,KENNEDY ECLRT STATION,EXCE,5,9
2026-08-14,FW,17:00:00,Friday,MARTIN GROVE STOP (APP,TXOVS,0,0
2026-08-14,EC,17:03:00,Friday,KENNEDY ECLRT STATION,EXBK,4,8
2026-08-14,EC,18:04:00,Friday,KENNEDY ECLRT STATION,MXO,8,12
2026-08-14,FW,18:27:00,Friday,YARD (ENTERING HOP),EXO,0,0
2026-08-14,FW,18:39:00,Friday,MARTIN GROVE STOP,TXOVS,5,13
2026-08-14,EC,22:20:00,Friday,MOUNT DENNIS STATION,EXBK,8,15
2026-08-14,FW,00:16:00,Friday,MOUNT OLIVE STOP,TXOVS,0,0
2026-08-14,EC,00:38:00,Friday,EMSF,PXW,10,20
2026-08-15,EC,09:09:00,Saturday,LINE 5 (LAIRD TO SLOAN,PXEME,20,27
2026-08-15,EC,10:12:00,Saturday,HAKIMI LEBOVIC STOP,MXIRS,0,0
2026-08-15,EC,10:36:00,Saturday,OAKWOOD STATION,EXGA,0,0
2026-08-15,EC,15:00:00,Saturday,WYNFORD STOP,MXPAA,3,10
2026-08-15,EC,18:05:00,Saturday,DON VALLEY STATION,SXGDS,13,20
2026-08-15,EC,21:47:00,Saturday,CEDARVALE STATION,MXPAA,3,10
2026-08-15,EC,23:14:00,Saturday,OAKWOOD STATION,SXO,8,15
2026-08-15,EC,00:24:00,Saturday,FAIRBANK STATION,SXGDS,3,13
2026-08-15,FW,00:42:00,Saturday,EMERY STOP,SXAP,5,15
2026-08-16,FW,07:55:00,Saturday,DUNCANWOODS STOP,PXSW,58,65
2026-08-16,FW,07:57:00,Saturday,SIGNET ARROW STOP,PXSW,38,45
2026-08-16,EC,08:26:00,Saturday,MOUNT DENNIS STATION,EXATC,7,14
2026-08-16,EC,10:09:00,Saturday,SUNNYBROOK PARK STOP,EXATC,3,10
2026-08-16,FW,10:59:00,Saturday,FINCH WEST FWLRT STATI,EXCE,4,10
2026-08-16,EC,11:10:00,Saturday,DON VALLEY STATION,SXGDS,0,0
2026-08-16,EC,11:17:00,Saturday,WYNFORD STOP,EXBO,0,0
2026-08-16,EC,12:16:00,Saturday,EGLINTON ECLRT STATION,SXGDS,0,0
2026-08-16,FW,14:21:00,Saturday,DUNCANWOODS STOP,PXSW,28,38
2026-08-16,EC,14:28:00,Saturday,MOUNT DENNIS,EXATC,10,17
2026-08-16,EC,14:50:00,Saturday,OAKWOOD STATION,MXPAA,0,0
2026-08-16,EC,16:22:00,Saturday,MOUNT PLEASANT STATION,SXGDS,0,0
2026-08-16,FW,18:53:00,Saturday,SENTINEL STOP,MXIRS,0,0
2026-08-16,EC,21:12:00,Saturday,CEDARVALE STATION,SXGDS,0,0
2026-08-17,EC,05:30:00,Monday,MOUNT PLEASANT STATION,TXCSA,0,0
2026-08-17,FW,08:55:00,Monday,PEARLDALE STOP,EXCE,0,0
2026-08-17,EC,14:21:00,Monday,MOUNT DENNIS STATION,EXBK,3,6
2026-08-17,EC,15:06:00,Monday,KEELESDALE STATION,EXBK,10,13
2026-08-17,EC,15:22:00,Monday,CEDARVALE STATION,SXUT,4,8
2026-08-17,EC,15:56:00,Monday,AGA KHAN PARK - MUSEUM,EXTM,0,0
2026-08-17,EC,16:51:00,Monday,EGLINTON ECLRT STATION,SXL,0,0
2026-08-17,EC,18:21:00,Monday,MOUNT DENNIS STATION,EXO,0,0
2026-08-17,EC,18:55:00,Monday,MOUNT PLEASANT STATION,SXUT,3,6
2026-08-17,EC,19:02:00,Monday,SLOANE STOP,EXO,15,18
2026-08-17,EC,21:30:00,Monday,BIRCHMOUNT STOP,EXOSC,0,0
2026-08-18,FW,04:58:00,Tuesday,NORFINCH OAKDALE STOP,PXDCS,0,0
2026-08-18,EC,07:02:00,Tuesday,MOUNT DENNIS STATION,EXVC,7,14
2026-08-18,EC,15:26:00,Tuesday,CHAPLIN STATION,MXPAA,0,0
2026-08-18,EC,15:48:00,Tuesday,KEELESDALE STATION,EXAC,0,0
2026-08-18,EC,16:18:00,Tuesday,SLOANE STOP,PXSW,4,9
2026-08-18,EC,16:48:00,Tuesday,SLOANE STOP,PXSAC,330,334
2026-08-18,EC,16:59:00,Tuesday,SLOANE STOP,MXI,48,52
2026-08-18,EC,17:18:00,Tuesday,KENNEDY ECLRT STATION,SXAP,0,0
2026-08-18,EC,17:55:00,Tuesday,EGLINTON ECLRT STATION,SXGDS,3,7
2026-08-18,EC,17:58:00,Tuesday,LINE 5 ECLRT (ENTIRE L,PXSCA,0,0
2026-08-18,EC,20:33:00,Tuesday,O'CONNOR STOP,MXIRS,6,13
2026-08-18,FW,00:12:00,Tuesday,LEASIDE STATION,SXL,0,0
2026-08-18,EC,00:18:00,Tuesday,KENNEDY ECLRT STATION,SXL,9,18
2026-08-18,EC,01:03:00,Tuesday,MOUNT DENNIS STATION,TXNIP,10,20
2026-08-18,EC,01:30:00,Tuesday,KENNEDY ECLRT STATION,TXO,9,18
2026-08-18,EC,23:08:00,Tuesday,IONVIEW STOP,EXDO,5,7
2026-08-19,EC,07:03:00,Wednesday,MOUNT DENNIS STATION,EXATC,0,0
2026-08-19,EC,07:13:00,Wednesday,MOUNT DENNIS STATION,EXATC,3,6
2026-08-19,EC,09:27:00,Wednesday,CHAPLIN STATION,SXDP,0,0
2026-08-19,EC,11:55:00,Wednesday,MOUNT PLEASANT STATION,PXSAC,0,0
2026-08-19,EC,12:57:00,Wednesday,LAIRD STATION (LEAVING,PXW,0,0
2026-08-19,FW,13:01:00,Wednesday,FINCH WEST FWLRT STATI,EXDO,0,0
2026-08-19,FW,13:06:00,Wednesday,DRIFTWOOD STOP,SXGDS,3,12
2026-08-19,EC,13:06:00,Wednesday,O'CONNOR STOP,MXO,0,0
2026-08-19,FW,13:17:00,Wednesday,DRIFTWOOD STOP,SXDP,0,0
2026-08-19,EC,13:19:00,Wednesday,O'CONNOR STOP,MXPAA,5,12
2026-08-19,EC,13:30:00,Wednesday,SLOANE STOP,MXPAA,3,10
2026-08-19,FW,13:56:00,Wednesday,LINE 6,PXSCA,0,0
2026-08-19,FW,14:29:00,Wednesday,EMERY STOP,SXL,0,0
2026-08-19,EC,15:07:00,Wednesday,SLOANE STOP,EXTM,0,0
2026-08-19,EC,15:23:00,Wednesday,MOUNT PLEASANT STATION,PXSAC,0,0
2026-08-19,EC,15:27:00,Wednesday,EGLINTON ECLRT STATION,PXMEL,0,0
2026-08-19,EC,16:01:00,Wednesday,CEDARVALE STATION,SXAP,0,0
2026-08-19,EC,16:59:00,Wednesday,KENNEDY TO MOUNT DENNI,PXATC,36,40
2026-08-19,EC,17:50:00,Wednesday,KENNEDY TO MOUNT DENNI,PXATC,50,54
2026-08-19,FW,18:43:00,Wednesday,HUMBER COLLEGE STATION,TXOVS,5,15
2026-08-19,EC,19:01:00,Wednesday,MOUNT DENNIS STATION,MXIS,4,8
2026-08-19,EC,20:10:00,Wednesday,OAKWOOD STATION,SXDP,0,0
2026-08-19,EC,21:31:00,Wednesday,OAKWOOD STATION,MFUIR,0,0
2026-08-19,EC,22:23:00,Wednesday,CHAPLIN STATION,SXGDS,0,0
2026-08-20,EC,07:01:00,Thursday,DON VALLEY STATION,MXPAA,0,0
2026-08-20,EC,09:21:00,Thursday,PHARMACY STOP,PXATC,0,0
2026-08-20,EC,09:58:00,Thursday,LAIRD STATION TO MOUNT,EXBK,5,9
2026-08-20,EC,11:09:00,Thursday,MOUNT DENNIS STATION,PXSAC,0,0
2026-08-20,EC,11:27:00,Thursday,MOUNT PLEASANT STATION,PXSAC,0,0
2026-08-20,EC,12:45:00,Thursday,EGLINTON ECLRT STATION,MXIS,0,0
2026-08-20,EC,16:24:00,Thursday,MOUNT PLEASANT STATION,PXW,0,0
2026-08-20,FW,16:32:00,Thursday,FINCH WEST FWLRT STATI,SXUT,0,0
2026-08-20,FW,18:38:00,Thursday,HUMBER COLLEGE STATION,PXMEL,0,0
2026-08-20,EC,19:59:00,Thursday,EGLINTON ECLRT STATION,MXPAA,0,0
2026-08-20,EC,20:23:00,Thursday,O'CONNOR STOP,MXIS,11,18
2026-08-20,FW,01:58:00,Thursday,SIGNET ARROW STOP,MXIS,0,0
2026-08-21,EC,07:22:00,Friday,EGLINTON ECLRT STATION,EXBO,0,0
2026-08-21,FW,07:47:00,Friday,STEVENSON STOP,TXOS,3,6
2026-08-21,FW,07:58:00,Friday,EMERY STOP (ENTERING),TXOVS,0,0
2026-08-21,EC,08:02:00,Friday,MOUNT PLEASANT,PXSAC,0,0
2026-08-21,EC,10:59:00,Friday,BIRCHMOUNT STOP,EXATC,0,0
2026-08-21,EC,11:10:00,Friday,EGLINTON ECLRT STATION,SXEAS,7,14
2026-08-21,FW,11:39:00,Friday,TOBERMORY STOP (ENTERI,TXOVS,0,0
2026-08-21,EC,12:42:00,Friday,MOUNT DENNIS STATION,EXATC,3,10
2026-08-21,FW,16:18:00,Friday,HUMBER COLLEGE STATION,EXBK,6,12
2026-08-21,EC,18:08:00,Friday,KEELESDALE STATION,SXUT,3,6
2026-08-21,EC,18:15:00,Friday,KEELSDALE,SXGDS,3,6
2026-08-21,EC,18:45:00,Friday,DON VALLEY STATION,MXPAA,0,0
2026-08-21,EC,18:46:00,Friday,EGLINTON ECLRT STATION,MXPAA,0,0
2026-08-21,EC,19:35:00,Friday,MOUNT DENNIS STATION,EXBK,0,0
2026-08-21,FW,19:50:00,Friday,STEVENSON STOP,MXI,20,30
2026-08-21,EC,21:12:00,Friday,OAKWOOD STATION,SXGDS,0,0
2026-08-22,EC,08:28:00,Saturday,AVENUE STATION,MXIS,0,0
2026-08-22,EC,09:24:00,Saturday,BIRCHMOUNT STOP,EXO,0,0
2026-08-22,EC,11:45:00,Saturday,GOLDEN MILE STOP,PXEAS,10,17
2026-08-22,EC,12:59:00,Saturday,KENNEDY ECLRT STATION,EXCE,4,11
2026-08-22,EC,13:13:00,Saturday,KENNEDY ECLRT STATION,EXATC,7,14
2026-08-22,EC,15:31:00,Saturday,KENNEDY ECLRT STATION,EXCE,7,14
2026-08-22,EC,16:00:00,Saturday,KENNEDY ECLRT STATION,SXO,0,0
2026-08-22,EC,17:52:00,Saturday,FOREST HILL STATION,MXPAA,0,0
2026-08-22,EC,18:21:00,Saturday,CALEDONIA STATION,SXGDS,0,0
2026-08-22,EC,20:09:00,Saturday,KEELESDALE STATION,EXO,9,18
2026-08-22,EC,20:09:00,Saturday,KEELESDALE STATION,SXGDS,3,10
2026-08-22,EC,20:40:00,Saturday,AGA KHAN PARK - MUSEUM,EXATC,4,11
2026-08-22,EC,20:46:00,Saturday,MOUNT DENNIS STATION,MXO,7,14
2026-08-22,FW,21:37:00,Saturday,FINCH WEST FWLRT STATI,EXO,0,0
2026-08-22,FW,21:44:00,Saturday,FINCH WEST STATION,SXL,4,14
2026-08-22,EC,22:38:00,Saturday,OAKWOOD STATION,SXDP,0,0
2026-08-22,EC,00:31:00,Saturday,WYNFORD STOP,EXDO,0,0
2026-08-23,EC,07:35:00,Saturday,KENNEDY ECLRT STATION,PXSW,4,0
2026-08-23,EC,08:47:00,Saturday,LAIRD STATION,PXSAC,0,0
2026-08-23,EC,12:13:00,Saturday,PHARMACY STOP,TXPD,9,26
2026-08-23,EC,12:42:00,Saturday,WYNFORD STOP,PXW,0,0
2026-08-23,FW,13:48:00,Saturday,FINCH WEST FWLRT STATI,EXO,0,0
2026-08-23,EC,14:34:00,Saturday,WYNFORD STOP,MXPAA,0,0
2026-08-23,EC,15:41:00,Saturday,SLOANE STOP,EXATC,4,11
2026-08-23,EC,16:57:00,Saturday,MOUNT DENNIS STATION,SXGDS,0,0
2026-08-23,EC,19:06:00,Saturday,IONVIEW STOP,MXO,0,0
2026-08-23,EC,19:17:00,Saturday,AGA KHAN PARK - MUSEUM,EXATC,0,0
2026-08-23,EC,19:22:00,Saturday,CEDARVALE STATION,SXGDS,3,10
2026-08-23,EC,22:13:00,Saturday,MOUNT DENNIS STATION,EXBK,5,12
2026-08-23,EC,22:58:00,Saturday,MOUNT PLEASANT STATION,EXGA,3,10
2026-08-23,EC,00:26:00,Saturday,SUNNYBROOK PARK STOP,EXATC,3,10
2026-08-23,EC,01:00:00,Saturday,KENNEDY ECLRT STATION,TXOI,0,0
2026-08-23,EC,01:23:00,Saturday,SUNNYBROOK PARK STOP,TXOI,20,40
2026-08-24,EC,05:50:00,Monday,FAIRBANK STATION,EXO,4,0
2026-08-24,EC,07:13:00,Monday,MOUNT PLEASANT STATION,MXIRS,0,0
2026-08-24,EC,08:00:00,Monday,MOUNT DENNIS STATION,EXYRD,4,8
2026-08-24,EC,09:30:00,Monday,LAIRD STATION,EXBK,4,8
2026-08-24,FW,10:27:00,Monday,SENTINEL STOP,PXSO,18,25
2026-08-24,EC,10:28:00,Monday,LAIRD STATION,PXSBE,4,8
2026-08-24,EC,11:40:00,Monday,GUNN THEATRE,PXSCA,0,0
2026-08-24,EC,12:47:00,Monday,FAIRBANK STATION,SXGDS,0,0
2026-08-24,EC,14:08:00,Monday,DON VALLEY STATION,SXGDS,0,0
2026-08-24,EC,15:35:00,Monday,SLOANE STOP,EXATC,3,7
2026-08-24,EC,15:45:00,Monday,MOUNT DENNIS STATION,EXATC,6,10
2026-08-24,EC,16:47:00,Monday,WYNFORD STOP,MXPAA,0,0
2026-08-24,EC,18:32:00,Monday,PHARMACY STOP,MXPAA,0,0
2026-08-24,EC,00:00:00,Monday,DON VALLEY STATION,SXGDS,3,10
2026-08-24,EC,20:50:00,Monday,OAKWOOD STATION,SXDP,0,0
2026-08-24,EC,21:36:00,Monday,MOUNT DENNIS STATION,TXNOA,6,12
2026-08-25,EC,06:03:00,Tuesday,KENNEDY ECLRT STATION,EXO,20,40
2026-08-25,EC,06:30:00,Tuesday,SLOANE STOP,EXO,8,16
2026-08-25,EC,08:03:00,Tuesday,MOUNT DENNIS STATION,EXDO,5,9
2026-08-25,FW,08:35:00,Tuesday,MOUNT OLIVE STOP,TXATC,4,11
2026-08-25,EC,09:50:00,Tuesday,EGLINTON ECLRT STATION,EXDO,4,8
2026-08-25,EC,10:48:00,Tuesday,FAIRBANK STATION,MXIRS,0,0
2026-08-25,EC,13:11:00,Tuesday,KEELESDALE STATION,MXTD,10,17
2026-08-25,EC,13:15:00,Tuesday,SUNNYBROOK PARK STOP,PXSAC,0,0
2026-08-25,EC,13:31:00,Tuesday,HAKIMI LEBOVIC STOP,EXAC,0,0
2026-08-25,EC,13:46:00,Tuesday,FOREST HILL STATION,PXSAC,0,0
2026-08-25,FW,15:12:00,Tuesday,JANE FWLRT STOP,PXSW,0,0
2026-08-25,EC,15:28:00,Tuesday,GOLDEN MILE STOP,MXPAA,0,0
2026-08-25,EC,15:45:00,Tuesday,MOUNT DENNIS STATION,EXBK,4,8
2026-08-25,EC,22:02:00,Tuesday,DON VALLEY STATION,MXIR,10,17
2026-08-25,FW,22:25:00,Tuesday,JANE FWLRT STOP,SXL,0,0
2026-08-25,EC,22:51:00,Tuesday,GOLDEN MILE STOP,EXBK,0,0
2026-08-25,FW,23:55:00,Tuesday,FINCH WEST FWLRT STATI,TXO,0,0
2026-08-26,EC,07:18:00,Wednesday,MOUNT DENNIS STATION,EXWA,4,7
2026-08-26,FW,08:19:00,Wednesday,JANE FWLRT STOP,EXBK,5,12
2026-08-26,EC,09:54:00,Wednesday,MOUNT DENNIS YARD,SXG,0,0
2026-08-26,EC,10:35:00,Wednesday,CEDERVALE TO FOREST HI,PXSAC,0,0
2026-08-26,EC,11:10:00,Wednesday,CALEDONIA STATION,EXATC,15,22
2026-08-26,FW,14:50:00,Wednesday,EMERY STOP,EXO,0,0
2026-08-26,FW,15:23:00,Wednesday,SENTINEL STOP,EXDO,0,0
2026-08-26,FW,16:16:00,Wednesday,FINCH WEST FWLRT STATI,EXAC,6,12
2026-08-26,FW,16:34:00,Wednesday,JANE FWLRT STOP,EXO,0,0
2026-08-26,EC,17:26:00,Wednesday,LAIRD STATION,SXGDS,3,7
2026-08-26,EC,17:59:00,Wednesday,LEASIDE STATION,SXDP,0,0
2026-08-26,EC,20:55:00,Wednesday,LEASIDE STATION,SXGDS,4,11
2026-08-26,EC,22:10:00,Wednesday,OAKWOOD STATION,SXDP,0,0
2026-08-26,EC,22:41:00,Wednesday,LEASIDE STATION,SXGDS,5,12
2026-08-26,EC,22:54:00,Wednesday,MOUNT PLEASANT STATION,EXO,5,12
2026-08-27,EC,07:49:00,Thursday,MOUNT DENNIS STATION,EXBK,4,8
2026-08-27,EC,08:11:00,Thursday,HAKIMI LEBOVIC STOP,EXADD,0,0
2026-08-27,EC,09:08:00,Thursday,AVENUE STATION,EXCE,0,0
2026-08-27,EC,12:05:00,Thursday,CALEDONIA STATION,MXIS,0,0
2026-08-27,FW,14:00:00,Thursday,JANE FWLRT STOP,EXO,0,0
2026-08-27,EC,15:20:00,Thursday,GOLDEN MILE STOP,EXTM,3,6
2026-08-27,FW,15:34:00,Thursday,HUMBER COLLEGE STATION,PXTR,0,0
2026-08-27,EC,15:58:00,Thursday,DON VALLEY STATION,SXGDS,3,7
2026-08-27,EC,17:27:00,Thursday,DON VALLEY STATION,SXGDS,3,7
2026-08-27,EC,17:44:00,Thursday,SUNNYBROOK PARK STOP,EXBK,14,18
2026-08-27,FW,19:52:00,Thursday,FINCH WEST FWLRT STATI,EXGA,4,13
2026-08-27,EC,19:58:00,Thursday,O'CONNOR STOP,EXO,4,8
2026-08-27,FW,21:29:00,Thursday,HUMBER COLLEGE STATION,SXGDS,0,0
2026-08-27,EC,23:15:00,Thursday,CEDARVALE STATION,SXGDS,0,0
2026-08-27,EC,00:09:00,Thursday,KENNEDY ECLRT STATION,SXL,0,0
2026-08-28,EC,04:47:00,Friday,MOUNT PLEASANT STATION,MXO,0,0
2026-08-28,EC,06:41:00,Friday,MOUNT DENNIS STATION,PXSAC,7,14
2026-08-28,EC,07:26:00,Friday,KEELESDALE STATION,EXBK,55,59
2026-08-28,EC,11:46:00,Friday,MOUNT DENNIS STATION,MXIRS,0,0
2026-08-28,EC,12:24:00,Friday,IONVIEW STOP,EXOSC,0,0
2026-08-28,FW,15:04:00,Friday,MILVAN RUMIKE STOP,TXOS,0,0
2026-08-28,EC,19:33:00,Friday,CEDARVALE STATION,EXGA,4,8
2026-08-28,FW,21:12:00,Friday,WESTMORE STOP,EXBK,0,0
2026-08-28,EC,21:28:00,Friday,CHAPLIN STATION,SXGDS,3,10
2026-08-28,EC,21:32:00,Friday,CEDARVALE STATION,MXIS,0,0
2026-08-28,EC,22:10:00,Friday,AGA KHAN PARK - MUSEUM,MXIR,20,27
2026-08-28,EC,23:53:00,Friday,LEASIDE STATION,SXGDS,17,24
2026-08-28,EC,23:53:00,Friday,KENNEDY ECLRT STATION,EXO,53,60
2026-08-28,EC,23:59:00,Friday,KENNEDY ECLRT STATION,PXSW,80,87
2026-08-28,EC,00:55:00,Friday,KEELESDALE STATION,MXIS,0,0
2026-08-28,EC,01:25:00,Friday,MOUNT DENNIS STATION,SXDP,0,0
2026-08-28,EC,01:52:00,Friday,KEELESDALE STATION,SXDP,0,0
2026-08-28,FW,01:57:00,Friday,FINCH WEST FWLRT STATI,MXIS,0,0
2026-08-29,EC,02:30:00,Saturday,MOUNT DENNIS STATION,MXIS,0,0
2026-08-29,EC,05:42:00,Saturday,EGLINTON ECLRT STATION,MXSAN,4,0
2026-08-29,EC,05:58:00,Saturday,KENNEDY ECLRT STATION,EXO,0,0
2026-08-29,EC/FW,06:00:00,Saturday,TORONTO TRANSIT COMMIS,MXO,0,0
2026-08-29,EC,08:04:00,Saturday,GOLDEN MILE STOP,EXATC,3,10
2026-08-29,EC,13:09:00,Saturday,KENNEDY ECLRT STATION,EXAC,7,14
2026-08-29,EC,14:20:00,Saturday,LAIRD STATION,SXUT,3,10
2026-08-29,EC,14:53:00,Saturday,LEASIDE STATION,MXO,0,0
2026-08-29,FW,15:37:00,Saturday,FINCH WEST FWLRT STATI,EXO,9,18
2026-08-29,FW,16:58:00,Saturday,HUMBER COLLEGE STATION,PXSW,0,0
2026-08-29,FW,17:18:00,Saturday,HUMBER COLLEGE STATION,PXSW,41,50
2026-08-29,EC,23:45:00,Saturday,CHAPLIN STATION,EXO,45,52
2026-08-29,EC,00:05:00,Saturday,LEASIDE STATION,EXO,17,24
2026-08-30,EC,07:48:00,Saturday,MOUNT DENNIS STATION,TXNOA,7,14
2026-08-30,EC,09:49:00,Saturday,FOREST HILL STATION,PXSAC,0,0
2026-08-30,FW,11:00:00,Saturday,MILVAN RUMIKE STOP,MXDD,0,0
2026-08-30,FW,11:16:00,Saturday,STEVENSON STOP,EXVC,0,0
2026-08-30,EC,12:08:00,Saturday,LEASIDE STATION,MXPLA,78,88
2026-08-30,FW,12:33:00,Saturday,ROWNTREE MILLS STOP,MXDD,4,14
2026-08-30,EC,14:06:00,Saturday,MOUNT DENNIS STATION,EXATC,3,10
2026-08-30,EC,16:16:00,Saturday,DON VALLEY STATION,SXGDS,7,14
2026-08-30,EC,16:23:00,Saturday,DON VALLEY STATION,EXGA,14,28
2026-08-30,EC,18:08:00,Saturday,EGLINTON ECLRT STATION,MXNCA,0,0
2026-08-30,FW,19:38:00,Saturday,FINCH WEST FWLRT STATI,SXDP,10,20
2026-08-30,EC,20:51:00,Saturday,CHAPLIN STATION,SXGDS,0,0
2026-08-30,EC,20:56:00,Saturday,MOUNT DENNIS STATION,TXNOA,7,14
2026-08-30,EC,21:35:00,Saturday,CEDARVALE STATION,SXGDS,3,10
2026-08-30,EC,22:54:00,Saturday,KENNEDY ECLRT STATION,SXROB,5,12
2026-08-30,EC,23:27:00,Saturday,EMSF,EXCE,0,0
2026-08-31,FW,06:40:00,Monday,NORFINCH OAKDALE STOP,EXCE,0,0
2026-08-31,EC,07:07:00,Monday,MOUNT DENNIS,EXATC,3,7
2026-08-31,EC,07:21:00,Monday,LAIRD STATION,EXBO,0,0
2026-08-31,EC,07:53:00,Monday,AGA KHAN PARK - MUSEUM,EXATC,0,0
2026-08-31,FW,07:58:00,Monday,NORFINCH OAKDALE STOP,TXNOA,10,20
2026-08-31,EC,08:00:00,Monday,MT. DENNIS STATION,EXAC,4,8
2026-08-31,EC,08:09:00,Monday,FAIRBANK STATION,EXAC,0,0
2026-08-31,FW,09:06:00,Monday,FINCH WEST FWLRT STATI,EXCE,0,0
2026-08-31,EC,09:13:00,Monday,MOUNT DENNIS STATION,EXCE,0,0
2026-08-31,EC,09:21:00,Monday,IONVIEW STOP,EXATC,0,0
2026-08-31,EC,09:50:00,Monday,DON VALLEY STATION,TXOS,4,8
2026-08-31,EC,12:13:00,Monday,FAIRBANK STATION,MXIRS,0,0
2026-08-31,FW,14:09:00,Monday,HUMBER COLLEGE STATION,EXO,6,12
2026-08-31,EC,14:47:00,Monday,AGA KHAN PARK - MUSEUM,EXATC,0,0
2026-08-31,EC,15:51:00,Monday,OAKWOOD STATION,SXUT,3,8
2026-08-31,EC,18:08:00,Monday,MOUNT DENNIS STATION,TXCL,5,8
2026-08-31,EC,00:40:00,Monday,MOUNT DENNIS STATION,EXATC,10,30
2026-08-31,EC,00:41:00,Monday,DON VALLEY STATION,SXGDS,0,0
2026-08-31,EC,20:22:00,Monday,CEDARVALE STATION,SXO,0,0
2026-08-31,EC,23:25:00,Monday,CEDARVALE STATION,SXDP,0,0
